162662
162662
sunshine
sunshien
sunshnie
sunshnei
sunsheni
sunshein
sunsihne
sunsihen
sunsinhe
sunsineh
sunsienh
sunsiehn
sunsnihe
sunsnieh
sunsnhie
sunsnhei
sunsnehi
sunsneih
sunseinh
sunseihn
sunsenih
sunsenhi
sunsehni
sunsehin
sunhsine
sunhsien
sunhsnie
sunhsnei
sunhseni
sunhsein
sunhisne
sunhisen
sunhinse
sunhines
sunhiens
sunhiesn
sunhnise
sunhnies
sunhnsie
sunhnsei
sunhnesi
sunhneis
sunheins
sunheisn
sunhenis
sunhensi
sunhesni
sunhesin
sunihsne
sunihsen
sunihnse
sunihnes
sunihens
sunihesn
sunishne
sunishen
sunisnhe
sunisneh
sunisenh
sunisehn
suninshe
suninseh
suninhse
suninhes
suninehs
suninesh
suniesnh
sunieshn
suniensh
sunienhs
suniehns
suniehsn
sunnhise
sunnhies
sunnhsie
sunnhsei
sunnhesi
sunnheis
sunnihse
sunnihes
sunnishe
sunniseh
sunniesh
sunniehs
sunnsihe
sunnsieh
sunnshie
sunnshei
sunnsehi
sunnseih
sunneish
sunneihs
sunnesih
sunneshi
sunnehsi
sunnehis
sunehins
sunehisn
sunehnis
sunehnsi
sunehsni
sunehsin
suneihns
suneihsn
suneinhs
suneinsh
suneisnh
suneishn
sunenihs
sunenish
sunenhis
sunenhsi
sunenshi
sunensih
sunesinh
sunesihn
sunesnih
sunesnhi
suneshni
suneshin
susnhine
susnhien
susnhnie
susnhnei
susnheni
susnhein
susnihne
susnihen
susninhe
susnineh
susnienh
susniehn
susnnihe
susnnieh
susnnhie
susnnhei
susnnehi
susnneih
susneinh
susneihn
susnenih
susnenhi
susnehni
susnehin
sushnine
sushnien
sushnnie
sushnnei
sushneni
sushnein
sushinne
sushinen
sushinne
sushinen
sushienn
sushienn
sushnine
sushnien
sushnnie
sushnnei
sushneni
sushnein
susheinn
susheinn
sushenin
sushenni
sushenni
sushenin
susihnne
susihnen
susihnne
susihnen
susihenn
susihenn
susinhne
susinhen
susinnhe
susinneh
susinenh
susinehn
susinnhe
susinneh
susinhne
susinhen
susinehn
susinenh
susiennh
susienhn
susiennh
susienhn
susiehnn
susiehnn
susnhine
susnhien
susnhnie
susnhnei
susnheni
susnhein
susnihne
susnihen
susninhe
susnineh
susnienh
susniehn
susnnihe
susnnieh
susnnhie
susnnhei
susnnehi
susnneih
susneinh
susneihn
susnenih
susnenhi
susnehni
susnehin
susehinn
susehinn
susehnin
susehnni
susehnni
susehnin
suseihnn
suseihnn
suseinhn
suseinnh
suseinnh
suseinhn
susenihn
suseninh
susenhin
susenhni
susennhi
susennih
suseninh
susenihn
susennih
susennhi
susenhni
susenhin
suhsnine
suhsnien
suhsnnie
suhsnnei
suhsneni
suhsnein
suhsinne
suhsinen
suhsinne
suhsinen
suhsienn
suhsienn
suhsnine
suhsnien
suhsnnie
suhsnnei
suhsneni
suhsnein
suhseinn
suhseinn
suhsenin
suhsenni
suhsenni
suhsenin
suhnsine
suhnsien
suhnsnie
suhnsnei
suhnseni
suhnsein
suhnisne
suhnisen
suhninse
suhnines
suhniens
suhniesn
suhnnise
suhnnies
suhnnsie
suhnnsei
suhnnesi
suhnneis
suhneins
suhneisn
suhnenis
suhnensi
suhnesni
suhnesin
suhinsne
suhinsen
suhinnse
suhinnes
suhinens
suhinesn
suhisnne
suhisnen
suhisnne
suhisnen
suhisenn
suhisenn
suhinsne
suhinsen
suhinnse
suhinnes
suhinens
suhinesn
suhiesnn
suhiesnn
suhiensn
suhienns
suhienns
suhiensn
suhnnise
suhnnies
suhnnsie
suhnnsei
suhnnesi
suhnneis
suhninse
suhnines
suhnisne
suhnisen
suhniesn
suhniens
suhnsine
suhnsien
suhnsnie
suhnsnei
suhnseni
suhnsein
suhneisn
suhneins
suhnesin
suhnesni
suhnensi
suhnenis
suhenins
suhenisn
suhennis
suhennsi
suhensni
suhensin
suheinns
suheinsn
suheinns
suheinsn
suheisnn
suheisnn
suhenins
suhenisn
suhennis
suhennsi
suhensni
suhensin
suhesinn
suhesinn
suhesnin
suhesnni
suhesnni
suhesnin
suishnne
suishnen
suishnne
suishnen
suishenn
suishenn
suisnhne
suisnhen
suisnnhe
suisnneh
suisnenh
suisnehn
suisnnhe
suisnneh
suisnhne
suisnhen
suisnehn
suisnenh
suisennh
suisenhn
suisennh
suisenhn
suisehnn
suisehnn
suihsnne
suihsnen
suihsnne
suihsnen
suihsenn
suihsenn
suihnsne
suihnsen
suihnnse
suihnnes
suihnens
suihnesn
suihnnse
suihnnes
suihnsne
suihnsen
suihnesn
suihnens
suihenns
suihensn
suihenns
suihensn
suihesnn
suihesnn
suinhsne
suinhsen
suinhnse
suinhnes
suinhens
suinhesn
suinshne
suinshen
suinsnhe
suinsneh
suinsenh
suinsehn
suinnshe
suinnseh
suinnhse
suinnhes
suinnehs
suinnesh
suinesnh
suineshn
suinensh
suinenhs
suinehns
suinehsn
suinhnse
suinhnes
suinhsne
suinhsen
suinhesn
suinhens
suinnhse
suinnhes
suinnshe
suinnseh
suinnesh
suinnehs
suinsnhe
suinsneh
suinshne
suinshen
suinsehn
suinsenh
suinensh
suinenhs
suinesnh
suineshn
suinehsn
suinehns
suiehnns
suiehnsn
suiehnns
suiehnsn
suiehsnn
suiehsnn
suienhns
suienhsn
suiennhs
suiennsh
suiensnh
suienshn
suiennhs
suiennsh
suienhns
suienhsn
suienshn
suiensnh
suiesnnh
suiesnhn
suiesnnh
suiesnhn
suieshnn
suieshnn
sunshine
sunshien
sunshnie
sunshnei
sunsheni
sunshein
sunsihne
sunsihen
sunsinhe
sunsineh
sunsienh
sunsiehn
sunsnihe
sunsnieh
sunsnhie
sunsnhei
sunsnehi
sunsneih
sunseinh
sunseihn
sunsenih
sunsenhi
sunsehni
sunsehin
sunhsine
sunhsien
sunhsnie
sunhsnei
sunhseni
sunhsein
sunhisne
sunhisen
sunhinse
sunhines
sunhiens
sunhiesn
sunhnise
sunhnies
sunhnsie
sunhnsei
sunhnesi
sunhneis
sunheins
sunheisn
sunhenis
sunhensi
sunhesni
sunhesin
sunihsne
sunihsen
sunihnse
sunihnes
sunihens
sunihesn
sunishne
sunishen
sunisnhe
sunisneh
sunisenh
sunisehn
suninshe
suninseh
suninhse
suninhes
suninehs
suninesh
suniesnh
sunieshn
suniensh
sunienhs
suniehns
suniehsn
sunnhise
sunnhies
sunnhsie
sunnhsei
sunnhesi
sunnheis
sunnihse
sunnihes
sunnishe
sunniseh
sunniesh
sunniehs
sunnsihe
sunnsieh
sunnshie
sunnshei
sunnsehi
sunnseih
sunneish
sunneihs
sunnesih
sunneshi
sunnehsi
sunnehis
sunehins
sunehisn
sunehnis
sunehnsi
sunehsni
sunehsin
suneihns
suneihsn
suneinhs
suneinsh
suneisnh
suneishn
sunenihs
sunenish
sunenhis
sunenhsi
sunenshi
sunensih
sunesinh
sunesihn
sunesnih
sunesnhi
suneshni
suneshin
sueshinn
sueshinn
sueshnin
sueshnni
sueshnni
sueshnin
suesihnn
suesihnn
suesinhn
suesinnh
suesinnh
suesinhn
suesnihn
suesninh
suesnhin
suesnhni
suesnnhi
suesnnih
suesninh
suesnihn
suesnnih
suesnnhi
suesnhni
suesnhin
suehsinn
suehsinn
suehsnin
suehsnni
suehsnni
suehsnin
suehisnn
suehisnn
suehinsn
suehinns
suehinns
suehinsn
suehnisn
suehnins
suehnsin
suehnsni
suehnnsi
suehnnis
suehnins
suehnisn
suehnnis
suehnnsi
suehnsni
suehnsin
sueihsnn
sueihsnn
sueihnsn
sueihnns
sueihnns
sueihnsn
sueishnn
sueishnn
sueisnhn
sueisnnh
sueisnnh
sueisnhn
sueinshn
sueinsnh
sueinhsn
sueinhns
sueinnhs
sueinnsh
sueinsnh
sueinshn
sueinnsh
sueinnhs
sueinhns
sueinhsn
suenhisn
suenhins
suenhsin
suenhsni
suenhnsi
suenhnis
suenihsn
suenihns
suenishn
suenisnh
sueninsh
sueninhs
suensihn
suensinh
suenshin
suenshni
suensnhi
suensnih
suennish
suennihs
suennsih
suennshi
suennhsi
suennhis
suenhins
suenhisn
suenhnis
suenhnsi
suenhsni
suenhsin
suenihns
suenihsn
sueninhs
sueninsh
suenisnh
suenishn
suennihs
suennish
suennhis
suennhsi
suennshi
suennsih
suensinh
suensihn
suensnih
suensnhi
suenshni
suenshin
snushine
snushien
snushnie
snushnei
snusheni
snushein
snusihne
snusihen
snusinhe
snusineh
snusienh
snusiehn
snusnihe
snusnieh
snusnhie
snusnhei
snusnehi
snusneih
snuseinh
snuseihn
snusenih
snusenhi
snusehni
snusehin
snuhsine
snuhsien
snuhsnie
snuhsnei
snuhseni
snuhsein
snuhisne
snuhisen
snuhinse
snuhines
snuhiens
snuhiesn
snuhnise
snuhnies
snuhnsie
snuhnsei
snuhnesi
snuhneis
snuheins
snuheisn
snuhenis
snuhensi
snuhesni
snuhesin
snuihsne
snuihsen
snuihnse
snuihnes
snuihens
snuihesn
snuishne
snuishen
snuisnhe
snuisneh
snuisenh
snuisehn
snuinshe
snuinseh
snuinhse
snuinhes
snuinehs
snuinesh
snuiesnh
snuieshn
snuiensh
snuienhs
snuiehns
snuiehsn
snunhise
snunhies
snunhsie
snunhsei
snunhesi
snunheis
snunihse
snunihes
snunishe
snuniseh
snuniesh
snuniehs
snunsihe
snunsieh
snunshie
snunshei
snunsehi
snunseih
snuneish
snuneihs
snunesih
snuneshi
snunehsi
snunehis
snuehins
snuehisn
snuehnis
snuehnsi
snuehsni
snuehsin
snueihns
snueihsn
snueinhs
snueinsh
snueisnh
snueishn
snuenihs
snuenish
snuenhis
snuenhsi
snuenshi
snuensih
snuesinh
snuesihn
snuesnih
snuesnhi
snueshni
snueshin
snsuhine
snsuhien
snsuhnie
snsuhnei
snsuheni
snsuhein
snsuihne
snsuihen
snsuinhe
snsuineh
snsuienh
snsuiehn
snsunihe
snsunieh
snsunhie
snsunhei
snsunehi
snsuneih
snsueinh
snsueihn
snsuenih
snsuenhi
snsuehni
snsuehin
snshuine
snshuien
snshunie
snshunei
snshueni
snshuein
snshiune
snshiuen
snshinue
snshineu
snshienu
snshieun
snshniue
snshnieu
snshnuie
snshnuei
snshneui
snshneiu
snsheinu
snsheiun
snsheniu
snshenui
snsheuni
snsheuin
snsihune
snsihuen
snsihnue
snsihneu
snsihenu
snsiheun
snsiuhne
snsiuhen
snsiunhe
snsiuneh
snsiuenh
snsiuehn
snsinuhe
snsinueh
snsinhue
snsinheu
snsinehu
snsineuh
snsieunh
snsieuhn
snsienuh
snsienhu
snsiehnu
snsiehun
snsnhiue
snsnhieu
snsnhuie
snsnhuei
snsnheui
snsnheiu
snsnihue
snsniheu
snsniuhe
snsniueh
snsnieuh
snsniehu
snsnuihe
snsnuieh
snsnuhie
snsnuhei
snsnuehi
snsnueih
snsneiuh
snsneihu
snsneuih
snsneuhi
snsnehui
snsnehiu
snsehinu
snsehiun
snsehniu
snsehnui
snsehuni
snsehuin
snseihnu
snseihun
snseinhu
snseinuh
snseiunh
snseiuhn
snsenihu
snseniuh
snsenhiu
snsenhui
snsenuhi
snsenuih
snseuinh
snseuihn
snseunih
snseunhi
snseuhni
snseuhin
snhsuine
snhsuien
snhsunie
snhsunei
snhsueni
snhsuein
snhsiune
snhsiuen
snhsinue
snhsineu
snhsienu
snhsieun
snhsniue
snhsnieu
snhsnuie
snhsnuei
snhsneui
snhsneiu
snhseinu
snhseiun
snhseniu
snhsenui
snhseuni
snhseuin
snhusine
snhusien
snhusnie
snhusnei
snhuseni
snhusein
snhuisne
snhuisen
snhuinse
snhuines
snhuiens
snhuiesn
snhunise
snhunies
snhunsie
snhunsei
snhunesi
snhuneis
snhueins
snhueisn
snhuenis
snhuensi
snhuesni
snhuesin
snhiusne
snhiusen
snhiunse
snhiunes
snhiuens
snhiuesn
snhisune
snhisuen
snhisnue
snhisneu
snhisenu
snhiseun
snhinsue
snhinseu
snhinuse
snhinues
snhineus
snhinesu
snhiesnu
snhiesun
snhiensu
snhienus
snhieuns
snhieusn
snhnuise
snhnuies
snhnusie
snhnusei
snhnuesi
snhnueis
snhniuse
snhniues
snhnisue
snhniseu
snhniesu
snhnieus
snhnsiue
snhnsieu
snhnsuie
snhnsuei
snhnseui
snhnseiu
snhneisu
snhneius
snhnesiu
snhnesui
snhneusi
snhneuis
snheuins
snheuisn
snheunis
snheunsi
snheusni
snheusin
snheiuns
snheiusn
snheinus
snheinsu
snheisnu
snheisun
snhenius
snhenisu
snhenuis
snhenusi
snhensui
snhensiu
snhesinu
snhesiun
snhesniu
snhesnui
snhesuni
snhesuin
snishune
snishuen
snishnue
snishneu
snishenu
snisheun
snisuhne
snisuhen
snisunhe
snisuneh
snisuenh
snisuehn
snisnuhe
snisnueh
snisnhue
snisnheu
snisnehu
snisneuh
sniseunh
sniseuhn
snisenuh
snisenhu
snisehnu
snisehun
snihsune
snihsuen
snihsnue
snihsneu
snihsenu
snihseun
snihusne
snihusen
snihunse
snihunes
snihuens
snihuesn
snihnuse
snihnues
snihnsue
snihnseu
snihnesu
snihneus
sniheuns
sniheusn
snihenus
snihensu
snihesnu
snihesun
sniuhsne
sniuhsen
sniuhnse
sniuhnes
sniuhens
sniuhesn
sniushne
sniushen
sniusnhe
sniusneh
sniusenh
sniusehn
sniunshe
sniunseh
sniunhse
sniunhes
sniunehs
sniunesh
sniuesnh
sniueshn
sniuensh
sniuenhs
sniuehns
sniuehsn
sninhuse
sninhues
sninhsue
sninhseu
sninhesu
sninheus
sninuhse
sninuhes
sninushe
sninuseh
sninuesh
sninuehs
sninsuhe
sninsueh
sninshue
sninsheu
sninsehu
sninseuh
snineush
snineuhs
sninesuh
snineshu
sninehsu
sninehus
sniehuns
sniehusn
sniehnus
sniehnsu
sniehsnu
sniehsun
snieuhns
snieuhsn
snieunhs
snieunsh
snieusnh
snieushn
snienuhs
snienush
snienhus
snienhsu
snienshu
sniensuh
sniesunh
sniesuhn
sniesnuh
sniesnhu
snieshnu
snieshun
snnshiue
snnshieu
snnshuie
snnshuei
snnsheui
snnsheiu
snnsihue
snnsiheu
snnsiuhe
snnsiueh
snnsieuh
snnsiehu
snnsuihe
snnsuieh
snnsuhie
snnsuhei
snnsuehi
snnsueih
snnseiuh
snnseihu
snnseuih
snnseuhi
snnsehui
snnsehiu
snnhsiue
snnhsieu
snnhsuie
snnhsuei
snnhseui
snnhseiu
snnhisue
snnhiseu
snnhiuse
snnhiues
snnhieus
snnhiesu
snnhuise
snnhuies
snnhusie
snnhusei
snnhuesi
snnhueis
snnheius
snnheisu
snnheuis
snnheusi
snnhesui
snnhesiu
snnihsue
snnihseu
snnihuse
snnihues
snniheus
snnihesu
snnishue
snnisheu
snnisuhe
snnisueh
snniseuh
snnisehu
snniushe
snniuseh
snniuhse
snniuhes
snniuehs
snniuesh
snniesuh
snnieshu
snnieush
snnieuhs
snniehus
snniehsu
snnuhise
snnuhies
snnuhsie
snnuhsei
snnuhesi
snnuheis
snnuihse
snnuihes
snnuishe
snnuiseh
snnuiesh
snnuiehs
snnusihe
snnusieh
snnushie
snnushei
snnusehi
snnuseih
snnueish
snnueihs
snnuesih
snnueshi
snnuehsi
snnuehis
snnehius
snnehisu
snnehuis
snnehusi
snnehsui
snnehsiu
snneihus
snneihsu
snneiuhs
snneiush
snneisuh
snneishu
snneuihs
snneuish
snneuhis
snneuhsi
snneushi
snneusih
snnesiuh
snnesihu
snnesuih
snnesuhi
snneshui
snneshiu
sneshinu
sneshiun
sneshniu
sneshnui
sneshuni
sneshuin
snesihnu
snesihun
snesinhu
snesinuh
snesiunh
snesiuhn
snesnihu
snesniuh
snesnhiu
snesnhui
snesnuhi
snesnuih
snesuinh
snesuihn
snesunih
snesunhi
snesuhni
snesuhin
snehsinu
snehsiun
snehsniu
snehsnui
snehsuni
snehsuin
snehisnu
snehisun
snehinsu
snehinus
snehiuns
snehiusn
snehnisu
snehnius
snehnsiu
snehnsui
snehnusi
snehnuis
snehuins
snehuisn
snehunis
snehunsi
snehusni
snehusin
sneihsnu
sneihsun
sneihnsu
sneihnus
sneihuns
sneihusn
sneishnu
sneishun
sneisnhu
sneisnuh
sneisunh
sneisuhn
sneinshu
sneinsuh
sneinhsu
sneinhus
sneinuhs
sneinush
sneiusnh
sneiushn
sneiunsh
sneiunhs
sneiuhns
sneiuhsn
snenhisu
snenhius
snenhsiu
snenhsui
snenhusi
snenhuis
snenihsu
snenihus
snenishu
snenisuh
sneniush
sneniuhs
snensihu
snensiuh
snenshiu
snenshui
snensuhi
snensuih
snenuish
snenuihs
snenusih
snenushi
snenuhsi
snenuhis
sneuhins
sneuhisn
sneuhnis
sneuhnsi
sneuhsni
sneuhsin
sneuihns
sneuihsn
sneuinhs
sneuinsh
sneuisnh
sneuishn
sneunihs
sneunish
sneunhis
sneunhsi
sneunshi
sneunsih
sneusinh
sneusihn
sneusnih
sneusnhi
sneushni
sneushin
ssnuhine
ssnuhien
ssnuhnie
ssnuhnei
ssnuheni
ssnuhein
ssnuihne
ssnuihen
ssnuinhe
ssnuineh
ssnuienh
ssnuiehn
ssnunihe
ssnunieh
ssnunhie
ssnunhei
ssnunehi
ssnuneih
ssnueinh
ssnueihn
ssnuenih
ssnuenhi
ssnuehni
ssnuehin
ssnhuine
ssnhuien
ssnhunie
ssnhunei
ssnhueni
ssnhuein
ssnhiune
ssnhiuen
ssnhinue
ssnhineu
ssnhienu
ssnhieun
ssnhniue
ssnhnieu
ssnhnuie
ssnhnuei
ssnhneui
ssnhneiu
ssnheinu
ssnheiun
ssnheniu
ssnhenui
ssnheuni
ssnheuin
ssnihune
ssnihuen
ssnihnue
ssnihneu
ssnihenu
ssniheun
ssniuhne
ssniuhen
ssniunhe
ssniuneh
ssniuenh
ssniuehn
ssninuhe
ssninueh
ssninhue
ssninheu
ssninehu
ssnineuh
ssnieunh
ssnieuhn
ssnienuh
ssnienhu
ssniehnu
ssniehun
ssnnhiue
ssnnhieu
ssnnhuie
ssnnhuei
ssnnheui
ssnnheiu
ssnnihue
ssnniheu
ssnniuhe
ssnniueh
ssnnieuh
ssnniehu
ssnnuihe
ssnnuieh
ssnnuhie
ssnnuhei
ssnnuehi
ssnnueih
ssnneiuh
ssnneihu
ssnneuih
ssnneuhi
ssnnehui
ssnnehiu
ssnehinu
ssnehiun
ssnehniu
ssnehnui
ssnehuni
ssnehuin
ssneihnu
ssneihun
ssneinhu
ssneinuh
ssneiunh
ssneiuhn
ssnenihu
ssneniuh
ssnenhiu
ssnenhui
ssnenuhi
ssnenuih
ssneuinh
ssneuihn
ssneunih
ssneunhi
ssneuhni
ssneuhin
ssunhine
ssunhien
ssunhnie
ssunhnei
ssunheni
ssunhein
ssunihne
ssunihen
ssuninhe
ssunineh
ssunienh
ssuniehn
ssunnihe
ssunnieh
ssunnhie
ssunnhei
ssunnehi
ssunneih
ssuneinh
ssuneihn
ssunenih
ssunenhi
ssunehni
ssunehin
ssuhnine
ssuhnien
ssuhnnie
ssuhnnei
ssuhneni
ssuhnein
ssuhinne
ssuhinen
ssuhinne
ssuhinen
ssuhienn
ssuhienn
ssuhnine
ssuhnien
ssuhnnie
ssuhnnei
ssuhneni
ssuhnein
ssuheinn
ssuheinn
ssuhenin
ssuhenni
ssuhenni
ssuhenin
ssuihnne
ssuihnen
ssuihnne
ssuihnen
ssuihenn
ssuihenn
ssuinhne
ssuinhen
ssuinnhe
ssuinneh
ssuinenh
ssuinehn
ssuinnhe
ssuinneh
ssuinhne
ssuinhen
ssuinehn
ssuinenh
ssuiennh
ssuienhn
ssuiennh
ssuienhn
ssuiehnn
ssuiehnn
ssunhine
ssunhien
ssunhnie
ssunhnei
ssunheni
ssunhein
ssunihne
ssunihen
ssuninhe
ssunineh
ssunienh
ssuniehn
ssunnihe
ssunnieh
ssunnhie
ssunnhei
ssunnehi
ssunneih
ssuneinh
ssuneihn
ssunenih
ssunenhi
ssunehni
ssunehin
ssuehinn
ssuehinn
ssuehnin
ssuehnni
ssuehnni
ssuehnin
ssueihnn
ssueihnn
ssueinhn
ssueinnh
ssueinnh
ssueinhn
ssuenihn
ssueninh
ssuenhin
ssuenhni
ssuennhi
ssuennih
ssueninh
ssuenihn
ssuennih
ssuennhi
ssuenhni
ssuenhin
sshunine
sshunien
sshunnie
sshunnei
sshuneni
sshunein
sshuinne
sshuinen
sshuinne
sshuinen
sshuienn
sshuienn
sshunine
sshunien
sshunnie
sshunnei
sshuneni
sshunein
sshueinn
sshueinn
sshuenin
sshuenni
sshuenni
sshuenin
sshnuine
sshnuien
sshnunie
sshnunei
sshnueni
sshnuein
sshniune
sshniuen
sshninue
sshnineu
sshnienu
sshnieun
sshnniue
sshnnieu
sshnnuie
sshnnuei
sshnneui
sshnneiu
sshneinu
sshneiun
sshneniu
sshnenui
sshneuni
sshneuin
sshinune
sshinuen
sshinnue
sshinneu
sshinenu
sshineun
sshiunne
sshiunen
sshiunne
sshiunen
sshiuenn
sshiuenn
sshinune
sshinuen
sshinnue
sshinneu
sshinenu
sshineun
sshieunn
sshieunn
sshienun
sshiennu
sshiennu
sshienun
sshnniue
sshnnieu
sshnnuie
sshnnuei
sshnneui
sshnneiu
sshninue
sshnineu
sshniune
sshniuen
sshnieun
sshnienu
sshnuine
sshnuien
sshnunie
sshnunei
sshnueni
sshnuein
sshneiun
sshneinu
sshneuin
sshneuni
sshnenui
sshneniu
ssheninu
ssheniun
sshenniu
sshennui
sshenuni
sshenuin
ssheinnu
ssheinun
ssheinnu
ssheinun
ssheiunn
ssheiunn
ssheninu
ssheniun
sshenniu
sshennui
sshenuni
sshenuin
ssheuinn
ssheuinn
ssheunin
ssheunni
ssheunni
ssheunin
ssiuhnne
ssiuhnen
ssiuhnne
ssiuhnen
ssiuhenn
ssiuhenn
ssiunhne
ssiunhen
ssiunnhe
ssiunneh
ssiunenh
ssiunehn
ssiunnhe
ssiunneh
ssiunhne
ssiunhen
ssiunehn
ssiunenh
ssiuennh
ssiuenhn
ssiuennh
ssiuenhn
ssiuehnn
ssiuehnn
ssihunne
ssihunen
ssihunne
ssihunen
ssihuenn
ssihuenn
ssihnune
ssihnuen
ssihnnue
ssihnneu
ssihnenu
ssihneun
ssihnnue
ssihnneu
ssihnune
ssihnuen
ssihneun
ssihnenu
ssihennu
ssihenun
ssihennu
ssihenun
ssiheunn
ssiheunn
ssinhune
ssinhuen
ssinhnue
ssinhneu
ssinhenu
ssinheun
ssinuhne
ssinuhen
ssinunhe
ssinuneh
ssinuenh
ssinuehn
ssinnuhe
ssinnueh
ssinnhue
ssinnheu
ssinnehu
ssinneuh
ssineunh
ssineuhn
ssinenuh
ssinenhu
ssinehnu
ssinehun
ssinhnue
ssinhneu
ssinhune
ssinhuen
ssinheun
ssinhenu
ssinnhue
ssinnheu
ssinnuhe
ssinnueh
ssinneuh
ssinnehu
ssinunhe
ssinuneh
ssinuhne
ssinuhen
ssinuehn
ssinuenh
ssinenuh
ssinenhu
ssineunh
ssineuhn
ssinehun
ssinehnu
ssiehnnu
ssiehnun
ssiehnnu
ssiehnun
ssiehunn
ssiehunn
ssienhnu
ssienhun
ssiennhu
ssiennuh
ssienunh
ssienuhn
ssiennhu
ssiennuh
ssienhnu
ssienhun
ssienuhn
ssienunh
ssieunnh
ssieunhn
ssieunnh
ssieunhn
ssieuhnn
ssieuhnn
ssnuhine
ssnuhien
ssnuhnie
ssnuhnei
ssnuheni
ssnuhein
ssnuihne
ssnuihen
ssnuinhe
ssnuineh
ssnuienh
ssnuiehn
ssnunihe
ssnunieh
ssnunhie
ssnunhei
ssnunehi
ssnuneih
ssnueinh
ssnueihn
ssnuenih
ssnuenhi
ssnuehni
ssnuehin
ssnhuine
ssnhuien
ssnhunie
ssnhunei
ssnhueni
ssnhuein
ssnhiune
ssnhiuen
ssnhinue
ssnhineu
ssnhienu
ssnhieun
ssnhniue
ssnhnieu
ssnhnuie
ssnhnuei
ssnhneui
ssnhneiu
ssnheinu
ssnheiun
ssnheniu
ssnhenui
ssnheuni
ssnheuin
ssnihune
ssnihuen
ssnihnue
ssnihneu
ssnihenu
ssniheun
ssniuhne
ssniuhen
ssniunhe
ssniuneh
ssniuenh
ssniuehn
ssninuhe
ssninueh
ssninhue
ssninheu
ssninehu
ssnineuh
ssnieunh
ssnieuhn
ssnienuh
ssnienhu
ssniehnu
ssniehun
ssnnhiue
ssnnhieu
ssnnhuie
ssnnhuei
ssnnheui
ssnnheiu
ssnnihue
ssnniheu
ssnniuhe
ssnniueh
ssnnieuh
ssnniehu
ssnnuihe
ssnnuieh
ssnnuhie
ssnnuhei
ssnnuehi
ssnnueih
ssnneiuh
ssnneihu
ssnneuih
ssnneuhi
ssnnehui
ssnnehiu
ssnehinu
ssnehiun
ssnehniu
ssnehnui
ssnehuni
ssnehuin
ssneihnu
ssneihun
ssneinhu
ssneinuh
ssneiunh
ssneiuhn
ssnenihu
ssneniuh
ssnenhiu
ssnenhui
ssnenuhi
ssnenuih
ssneuinh
ssneuihn
ssneunih
ssneunhi
ssneuhni
ssneuhin
sseuhinn
sseuhinn
sseuhnin
sseuhnni
sseuhnni
sseuhnin
sseuihnn
sseuihnn
sseuinhn
sseuinnh
sseuinnh
sseuinhn
sseunihn
sseuninh
sseunhin
sseunhni
sseunnhi
sseunnih
sseuninh
sseunihn
sseunnih
sseunnhi
sseunhni
sseunhin
ssehuinn
ssehuinn
ssehunin
ssehunni
ssehunni
ssehunin
ssehiunn
ssehiunn
ssehinun
ssehinnu
ssehinnu
ssehinun
ssehniun
ssehninu
ssehnuin
ssehnuni
ssehnnui
ssehnniu
ssehninu
ssehniun
ssehnniu
ssehnnui
ssehnuni
ssehnuin
sseihunn
sseihunn
sseihnun
sseihnnu
sseihnnu
sseihnun
sseiuhnn
sseiuhnn
sseiunhn
sseiunnh
sseiunnh
sseiunhn
sseinuhn
sseinunh
sseinhun
sseinhnu
sseinnhu
sseinnuh
sseinunh
sseinuhn
sseinnuh
sseinnhu
sseinhnu
sseinhun
ssenhiun
ssenhinu
ssenhuin
ssenhuni
ssenhnui
ssenhniu
ssenihun
ssenihnu
sseniuhn
sseniunh
sseninuh
sseninhu
ssenuihn
ssenuinh
ssenuhin
ssenuhni
ssenunhi
ssenunih
ssenniuh
ssennihu
ssennuih
ssennuhi
ssennhui
ssennhiu
ssenhinu
ssenhiun
ssenhniu
ssenhnui
ssenhuni
ssenhuin
ssenihnu
ssenihun
sseninhu
sseninuh
sseniunh
sseniuhn
ssennihu
ssenniuh
ssennhiu
ssennhui
ssennuhi
ssennuih
ssenuinh
ssenuihn
ssenunih
ssenunhi
ssenuhni
ssenuhin
shnsuine
shnsuien
shnsunie
shnsunei
shnsueni
shnsuein
shnsiune
shnsiuen
shnsinue
shnsineu
shnsienu
shnsieun
shnsniue
shnsnieu
shnsnuie
shnsnuei
shnsneui
shnsneiu
shnseinu
shnseiun
shnseniu
shnsenui
shnseuni
shnseuin
shnusine
shnusien
shnusnie
shnusnei
shnuseni
shnusein
shnuisne
shnuisen
shnuinse
shnuines
shnuiens
shnuiesn
shnunise
shnunies
shnunsie
shnunsei
shnunesi
shnuneis
shnueins
shnueisn
shnuenis
shnuensi
shnuesni
shnuesin
shniusne
shniusen
shniunse
shniunes
shniuens
shniuesn
shnisune
shnisuen
shnisnue
shnisneu
shnisenu
shniseun
shninsue
shninseu
shninuse
shninues
shnineus
shninesu
shniesnu
shniesun
shniensu
shnienus
shnieuns
shnieusn
shnnuise
shnnuies
shnnusie
shnnusei
shnnuesi
shnnueis
shnniuse
shnniues
shnnisue
shnniseu
shnniesu
shnnieus
shnnsiue
shnnsieu
shnnsuie
shnnsuei
shnnseui
shnnseiu
shnneisu
shnneius
shnnesiu
shnnesui
shnneusi
shnneuis
shneuins
shneuisn
shneunis
shneunsi
shneusni
shneusin
shneiuns
shneiusn
shneinus
shneinsu
shneisnu
shneisun
shnenius
shnenisu
shnenuis
shnenusi
shnensui
shnensiu
shnesinu
shnesiun
shnesniu
shnesnui
shnesuni
shnesuin
shsnuine
shsnuien
shsnunie
shsnunei
shsnueni
shsnuein
shsniune
shsniuen
shsninue
shsnineu
shsnienu
shsnieun
shsnniue
shsnnieu
shsnnuie
shsnnuei
shsnneui
shsnneiu
shsneinu
shsneiun
shsneniu
shsnenui
shsneuni
shsneuin
shsunine
shsunien
shsunnie
shsunnei
shsuneni
shsunein
shsuinne
shsuinen
shsuinne
shsuinen
shsuienn
shsuienn
shsunine
shsunien
shsunnie
shsunnei
shsuneni
shsunein
shsueinn
shsueinn
shsuenin
shsuenni
shsuenni
shsuenin
shsiunne
shsiunen
shsiunne
shsiunen
shsiuenn
shsiuenn
shsinune
shsinuen
shsinnue
shsinneu
shsinenu
shsineun
shsinnue
shsinneu
shsinune
shsinuen
shsineun
shsinenu
shsiennu
shsienun
shsiennu
shsienun
shsieunn
shsieunn
shsnuine
shsnuien
shsnunie
shsnunei
shsnueni
shsnuein
shsniune
shsniuen
shsninue
shsnineu
shsnienu
shsnieun
shsnniue
shsnnieu
shsnnuie
shsnnuei
shsnneui
shsnneiu
shsneinu
shsneiun
shsneniu
shsnenui
shsneuni
shsneuin
shseuinn
shseuinn
shseunin
shseunni
shseunni
shseunin
shseiunn
shseiunn
shseinun
shseinnu
shseinnu
shseinun
shseniun
shseninu
shsenuin
shsenuni
shsennui
shsenniu
shseninu
shseniun
shsenniu
shsennui
shsenuni
shsenuin
shusnine
shusnien
shusnnie
shusnnei
shusneni
shusnein
shusinne
shusinen
shusinne
shusinen
shusienn
shusienn
shusnine
shusnien
shusnnie
shusnnei
shusneni
shusnein
shuseinn
shuseinn
shusenin
shusenni
shusenni
shusenin
shunsine
shunsien
shunsnie
shunsnei
shunseni
shunsein
shunisne
shunisen
shuninse
shunines
shuniens
shuniesn
shunnise
shunnies
shunnsie
shunnsei
shunnesi
shunneis
shuneins
shuneisn
shunenis
shunensi
shunesni
shunesin
shuinsne
shuinsen
shuinnse
shuinnes
shuinens
shuinesn
shuisnne
shuisnen
shuisnne
shuisnen
shuisenn
shuisenn
shuinsne
shuinsen
shuinnse
shuinnes
shuinens
shuinesn
shuiesnn
shuiesnn
shuiensn
shuienns
shuienns
shuiensn
shunnise
shunnies
shunnsie
shunnsei
shunnesi
shunneis
shuninse
shunines
shunisne
shunisen
shuniesn
shuniens
shunsine
shunsien
shunsnie
shunsnei
shunseni
shunsein
shuneisn
shuneins
shunesin
shunesni
shunensi
shunenis
shuenins
shuenisn
shuennis
shuennsi
shuensni
shuensin
shueinns
shueinsn
shueinns
shueinsn
shueisnn
shueisnn
shuenins
shuenisn
shuennis
shuennsi
shuensni
shuensin
shuesinn
shuesinn
shuesnin
shuesnni
shuesnni
shuesnin
shisunne
shisunen
shisunne
shisunen
shisuenn
shisuenn
shisnune
shisnuen
shisnnue
shisnneu
shisnenu
shisneun
shisnnue
shisnneu
shisnune
shisnuen
shisneun
shisnenu
shisennu
shisenun
shisennu
shisenun
shiseunn
shiseunn
shiusnne
shiusnen
shiusnne
shiusnen
shiusenn
shiusenn
shiunsne
shiunsen
shiunnse
shiunnes
shiunens
shiunesn
shiunnse
shiunnes
shiunsne
shiunsen
shiunesn
shiunens
shiuenns
shiuensn
shiuenns
shiuensn
shiuesnn
shiuesnn
shinusne
shinusen
shinunse
shinunes
shinuens
shinuesn
shinsune
shinsuen
shinsnue
shinsneu
shinsenu
shinseun
shinnsue
shinnseu
shinnuse
shinnues
shinneus
shinnesu
shinesnu
shinesun
shinensu
shinenus
shineuns
shineusn
shinunse
shinunes
shinusne
shinusen
shinuesn
shinuens
shinnuse
shinnues
shinnsue
shinnseu
shinnesu
shinneus
shinsnue
shinsneu
shinsune
shinsuen
shinseun
shinsenu
shinensu
shinenus
shinesnu
shinesun
shineusn
shineuns
shieunns
shieunsn
shieunns
shieunsn
shieusnn
shieusnn
shienuns
shienusn
shiennus
shiennsu
shiensnu
shiensun
shiennus
shiennsu
shienuns
shienusn
shiensun
shiensnu
shiesnnu
shiesnun
shiesnnu
shiesnun
shiesunn
shiesunn
shnsuine
shnsuien
shnsunie
shnsunei
shnsueni
shnsuein
shnsiune
shnsiuen
shnsinue
shnsineu
shnsienu
shnsieun
shnsniue
shnsnieu
shnsnuie
shnsnuei
shnsneui
shnsneiu
shnseinu
shnseiun
shnseniu
shnsenui
shnseuni
shnseuin
shnusine
shnusien
shnusnie
shnusnei
shnuseni
shnusein
shnuisne
shnuisen
shnuinse
shnuines
shnuiens
shnuiesn
shnunise
shnunies
shnunsie
shnunsei
shnunesi
shnuneis
shnueins
shnueisn
shnuenis
shnuensi
shnuesni
shnuesin
shniusne
shniusen
shniunse
shniunes
shniuens
shniuesn
shnisune
shnisuen
shnisnue
shnisneu
shnisenu
shniseun
shninsue
shninseu
shninuse
shninues
shnineus
shninesu
shniesnu
shniesun
shniensu
shnienus
shnieuns
shnieusn
shnnuise
shnnuies
shnnusie
shnnusei
shnnuesi
shnnueis
shnniuse
shnniues
shnnisue
shnniseu
shnniesu
shnnieus
shnnsiue
shnnsieu
shnnsuie
shnnsuei
shnnseui
shnnseiu
shnneisu
shnneius
shnnesiu
shnnesui
shnneusi
shnneuis
shneuins
shneuisn
shneunis
shneunsi
shneusni
shneusin
shneiuns
shneiusn
shneinus
shneinsu
shneisnu
shneisun
shnenius
shnenisu
shnenuis
shnenusi
shnensui
shnensiu
shnesinu
shnesiun
shnesniu
shnesnui
shnesuni
shnesuin
shesuinn
shesuinn
shesunin
shesunni
shesunni
shesunin
shesiunn
shesiunn
shesinun
shesinnu
shesinnu
shesinun
shesniun
shesninu
shesnuin
shesnuni
shesnnui
shesnniu
shesninu
shesniun
shesnniu
shesnnui
shesnuni
shesnuin
sheusinn
sheusinn
sheusnin
sheusnni
sheusnni
sheusnin
sheuisnn
sheuisnn
sheuinsn
sheuinns
sheuinns
sheuinsn
sheunisn
sheunins
sheunsin
sheunsni
sheunnsi
sheunnis
sheunins
sheunisn
sheunnis
sheunnsi
sheunsni
sheunsin
sheiusnn
sheiusnn
sheiunsn
sheiunns
sheiunns
sheiunsn
sheisunn
sheisunn
sheisnun
sheisnnu
sheisnnu
sheisnun
sheinsun
sheinsnu
sheinusn
sheinuns
sheinnus
sheinnsu
sheinsnu
sheinsun
sheinnsu
sheinnus
sheinuns
sheinusn
shenuisn
shenuins
shenusin
shenusni
shenunsi
shenunis
sheniusn
sheniuns
shenisun
shenisnu
sheninsu
sheninus
shensiun
shensinu
shensuin
shensuni
shensnui
shensniu
shennisu
shennius
shennsiu
shennsui
shennusi
shennuis
shenuins
shenuisn
shenunis
shenunsi
shenusni
shenusin
sheniuns
sheniusn
sheninus
sheninsu
shenisnu
shenisun
shennius
shennisu
shennuis
shennusi
shennsui
shennsiu
shensinu
shensiun
shensniu
shensnui
shensuni
shensuin
sinshune
sinshuen
sinshnue
sinshneu
sinshenu
sinsheun
sinsuhne
sinsuhen
sinsunhe
sinsuneh
sinsuenh
sinsuehn
sinsnuhe
sinsnueh
sinsnhue
sinsnheu
sinsnehu
sinsneuh
sinseunh
sinseuhn
sinsenuh
sinsenhu
sinsehnu
sinsehun
sinhsune
sinhsuen
sinhsnue
sinhsneu
sinhsenu
sinhseun
sinhusne
sinhusen
sinhunse
sinhunes
sinhuens
sinhuesn
sinhnuse
sinhnues
sinhnsue
sinhnseu
sinhnesu
sinhneus
sinheuns
sinheusn
sinhenus
sinhensu
sinhesnu
sinhesun
sinuhsne
sinuhsen
sinuhnse
sinuhnes
sinuhens
sinuhesn
sinushne
sinushen
sinusnhe
sinusneh
sinusenh
sinusehn
sinunshe
sinunseh
sinunhse
sinunhes
sinunehs
sinunesh
sinuesnh
sinueshn
sinuensh
sinuenhs
sinuehns
sinuehsn
sinnhuse
sinnhues
sinnhsue
sinnhseu
sinnhesu
sinnheus
sinnuhse
sinnuhes
sinnushe
sinnuseh
sinnuesh
sinnuehs
sinnsuhe
sinnsueh
sinnshue
sinnsheu
sinnsehu
sinnseuh
sinneush
sinneuhs
sinnesuh
sinneshu
sinnehsu
sinnehus
sinehuns
sinehusn
sinehnus
sinehnsu
sinehsnu
sinehsun
sineuhns
sineuhsn
sineunhs
sineunsh
sineusnh
sineushn
sinenuhs
sinenush
sinenhus
sinenhsu
sinenshu
sinensuh
sinesunh
sinesuhn
sinesnuh
sinesnhu
sineshnu
sineshun
sisnhune
sisnhuen
sisnhnue
sisnhneu
sisnhenu
sisnheun
sisnuhne
sisnuhen
sisnunhe
sisnuneh
sisnuenh
sisnuehn
sisnnuhe
sisnnueh
sisnnhue
sisnnheu
sisnnehu
sisnneuh
sisneunh
sisneuhn
sisnenuh
sisnenhu
sisnehnu
sisnehun
sishnune
sishnuen
sishnnue
sishnneu
sishnenu
sishneun
sishunne
sishunen
sishunne
sishunen
sishuenn
sishuenn
sishnune
sishnuen
sishnnue
sishnneu
sishnenu
sishneun
sisheunn
sisheunn
sishenun
sishennu
sishennu
sishenun
sisuhnne
sisuhnen
sisuhnne
sisuhnen
sisuhenn
sisuhenn
sisunhne
sisunhen
sisunnhe
sisunneh
sisunenh
sisunehn
sisunnhe
sisunneh
sisunhne
sisunhen
sisunehn
sisunenh
sisuennh
sisuenhn
sisuennh
sisuenhn
sisuehnn
sisuehnn
sisnhune
sisnhuen
sisnhnue
sisnhneu
sisnhenu
sisnheun
sisnuhne
sisnuhen
sisnunhe
sisnuneh
sisnuenh
sisnuehn
sisnnuhe
sisnnueh
sisnnhue
sisnnheu
sisnnehu
sisnneuh
sisneunh
sisneuhn
sisnenuh
sisnenhu
sisnehnu
sisnehun
sisehunn
sisehunn
sisehnun
sisehnnu
sisehnnu
sisehnun
siseuhnn
siseuhnn
siseunhn
siseunnh
siseunnh
siseunhn
sisenuhn
sisenunh
sisenhun
sisenhnu
sisennhu
sisennuh
sisenunh
sisenuhn
sisennuh
sisennhu
sisenhnu
sisenhun
sihsnune
sihsnuen
sihsnnue
sihsnneu
sihsnenu
sihsneun
sihsunne
sihsunen
sihsunne
sihsunen
sihsuenn
sihsuenn
sihsnune
sihsnuen
sihsnnue
sihsnneu
sihsnenu
sihsneun
sihseunn
sihseunn
sihsenun
sihsennu
sihsennu
sihsenun
sihnsune
sihnsuen
sihnsnue
sihnsneu
sihnsenu
sihnseun
sihnusne
sihnusen
sihnunse
sihnunes
sihnuens
sihnuesn
sihnnuse
sihnnues
sihnnsue
sihnnseu
sihnnesu
sihnneus
sihneuns
sihneusn
sihnenus
sihnensu
sihnesnu
sihnesun
sihunsne
sihunsen
sihunnse
sihunnes
sihunens
sihunesn
sihusnne
sihusnen
sihusnne
sihusnen
sihusenn
sihusenn
sihunsne
sihunsen
sihunnse
sihunnes
sihunens
sihunesn
sihuesnn
sihuesnn
sihuensn
sihuenns
sihuenns
sihuensn
sihnnuse
sihnnues
sihnnsue
sihnnseu
sihnnesu
sihnneus
sihnunse
sihnunes
sihnusne
sihnusen
sihnuesn
sihnuens
sihnsune
sihnsuen
sihnsnue
sihnsneu
sihnsenu
sihnseun
sihneusn
sihneuns
sihnesun
sihnesnu
sihnensu
sihnenus
sihenuns
sihenusn
sihennus
sihennsu
sihensnu
sihensun
siheunns
siheunsn
siheunns
siheunsn
siheusnn
siheusnn
sihenuns
sihenusn
sihennus
sihennsu
sihensnu
sihensun
sihesunn
sihesunn
sihesnun
sihesnnu
sihesnnu
sihesnun
siushnne
siushnen
siushnne
siushnen
siushenn
siushenn
siusnhne
siusnhen
siusnnhe
siusnneh
siusnenh
siusnehn
siusnnhe
siusnneh
siusnhne
siusnhen
siusnehn
siusnenh
siusennh
siusenhn
siusennh
siusenhn
siusehnn
siusehnn
siuhsnne
siuhsnen
siuhsnne
siuhsnen
siuhsenn
siuhsenn
siuhnsne
siuhnsen
siuhnnse
siuhnnes
siuhnens
siuhnesn
siuhnnse
siuhnnes
siuhnsne
siuhnsen
siuhnesn
siuhnens
siuhenns
siuhensn
siuhenns
siuhensn
siuhesnn
siuhesnn
siunhsne
siunhsen
siunhnse
siunhnes
siunhens
siunhesn
siunshne
siunshen
siunsnhe
siunsneh
siunsenh
siunsehn
siunnshe
siunnseh
siunnhse
siunnhes
siunnehs
siunnesh
siunesnh
siuneshn
siunensh
siunenhs
siunehns
siunehsn
siunhnse
siunhnes
siunhsne
siunhsen
siunhesn
siunhens
siunnhse
siunnhes
siunnshe
siunnseh
siunnesh
siunnehs
siunsnhe
siunsneh
siunshne
siunshen
siunsehn
siunsenh
siunensh
siunenhs
siunesnh
siuneshn
siunehsn
siunehns
siuehnns
siuehnsn
siuehnns
siuehnsn
siuehsnn
siuehsnn
siuenhns
siuenhsn
siuennhs
siuennsh
siuensnh
siuenshn
siuennhs
siuennsh
siuenhns
siuenhsn
siuenshn
siuensnh
siuesnnh
siuesnhn
siuesnnh
siuesnhn
siueshnn
siueshnn
sinshune
sinshuen
sinshnue
sinshneu
sinshenu
sinsheun
sinsuhne
sinsuhen
sinsunhe
sinsuneh
sinsuenh
sinsuehn
sinsnuhe
sinsnueh
sinsnhue
sinsnheu
sinsnehu
sinsneuh
sinseunh
sinseuhn
sinsenuh
sinsenhu
sinsehnu
sinsehun
sinhsune
sinhsuen
sinhsnue
sinhsneu
sinhsenu
sinhseun
sinhusne
sinhusen
sinhunse
sinhunes
sinhuens
sinhuesn
sinhnuse
sinhnues
sinhnsue
sinhnseu
sinhnesu
sinhneus
sinheuns
sinheusn
sinhenus
sinhensu
sinhesnu
sinhesun
sinuhsne
sinuhsen
sinuhnse
sinuhnes
sinuhens
sinuhesn
sinushne
sinushen
sinusnhe
sinusneh
sinusenh
sinusehn
sinunshe
sinunseh
sinunhse
sinunhes
sinunehs
sinunesh
sinuesnh
sinueshn
sinuensh
sinuenhs
sinuehns
sinuehsn
sinnhuse
sinnhues
sinnhsue
sinnhseu
sinnhesu
sinnheus
sinnuhse
sinnuhes
sinnushe
sinnuseh
sinnuesh
sinnuehs
sinnsuhe
sinnsueh
sinnshue
sinnsheu
sinnsehu
sinnseuh
sinneush
sinneuhs
sinnesuh
sinneshu
sinnehsu
sinnehus
sinehuns
sinehusn
sinehnus
sinehnsu
sinehsnu
sinehsun
sineuhns
sineuhsn
sineunhs
sineunsh
sineusnh
sineushn
sinenuhs
sinenush
sinenhus
sinenhsu
sinenshu
sinensuh
sinesunh
sinesuhn
sinesnuh
sinesnhu
sineshnu
sineshun
sieshunn
sieshunn
sieshnun
sieshnnu
sieshnnu
sieshnun
siesuhnn
siesuhnn
siesunhn
siesunnh
siesunnh
siesunhn
siesnuhn
siesnunh
siesnhun
siesnhnu
siesnnhu
siesnnuh
siesnunh
siesnuhn
siesnnuh
siesnnhu
siesnhnu
siesnhun
siehsunn
siehsunn
siehsnun
siehsnnu
siehsnnu
siehsnun
siehusnn
siehusnn
siehunsn
siehunns
siehunns
siehunsn
siehnusn
siehnuns
siehnsun
siehnsnu
siehnnsu
siehnnus
siehnuns
siehnusn
siehnnus
siehnnsu
siehnsnu
siehnsun
sieuhsnn
sieuhsnn
sieuhnsn
sieuhnns
sieuhnns
sieuhnsn
sieushnn
sieushnn
sieusnhn
sieusnnh
sieusnnh
sieusnhn
sieunshn
sieunsnh
sieunhsn
sieunhns
sieunnhs
sieunnsh
sieunsnh
sieunshn
sieunnsh
sieunnhs
sieunhns
sieunhsn
sienhusn
sienhuns
sienhsun
sienhsnu
sienhnsu
sienhnus
sienuhsn
sienuhns
sienushn
sienusnh
sienunsh
sienunhs
siensuhn
siensunh
sienshun
sienshnu
siensnhu
siensnuh
siennush
siennuhs
siennsuh
siennshu
siennhsu
siennhus
sienhuns
sienhusn
sienhnus
sienhnsu
sienhsnu
sienhsun
sienuhns
sienuhsn
sienunhs
sienunsh
sienusnh
sienushn
siennuhs
siennush
siennhus
siennhsu
siennshu
siennsuh
siensunh
siensuhn
siensnuh
siensnhu
sienshnu
sienshun
snnshiue
snnshieu
snnshuie
snnshuei
snnsheui
snnsheiu
snnsihue
snnsiheu
snnsiuhe
snnsiueh
snnsieuh
snnsiehu
snnsuihe
snnsuieh
snnsuhie
snnsuhei
snnsuehi
snnsueih
snnseiuh
snnseihu
snnseuih
snnseuhi
snnsehui
snnsehiu
snnhsiue
snnhsieu
snnhsuie
snnhsuei
snnhseui
snnhseiu
snnhisue
snnhiseu
snnhiuse
snnhiues
snnhieus
snnhiesu
snnhuise
snnhuies
snnhusie
snnhusei
snnhuesi
snnhueis
snnheius
snnheisu
snnheuis
snnheusi
snnhesui
snnhesiu
snnihsue
snnihseu
snnihuse
snnihues
snniheus
snnihesu
snnishue
snnisheu
snnisuhe
snnisueh
snniseuh
snnisehu
snniushe
snniuseh
snniuhse
snniuhes
snniuehs
snniuesh
snniesuh
snnieshu
snnieush
snnieuhs
snniehus
snniehsu
snnuhise
snnuhies
snnuhsie
snnuhsei
snnuhesi
snnuheis
snnuihse
snnuihes
snnuishe
snnuiseh
snnuiesh
snnuiehs
snnusihe
snnusieh
snnushie
snnushei
snnusehi
snnuseih
snnueish
snnueihs
snnuesih
snnueshi
snnuehsi
snnuehis
snnehius
snnehisu
snnehuis
snnehusi
snnehsui
snnehsiu
snneihus
snneihsu
snneiuhs
snneiush
snneisuh
snneishu
snneuihs
snneuish
snneuhis
snneuhsi
snneushi
snneusih
snnesiuh
snnesihu
snnesuih
snnesuhi
snneshui
snneshiu
snsnhiue
snsnhieu
snsnhuie
snsnhuei
snsnheui
snsnheiu
snsnihue
snsniheu
snsniuhe
snsniueh
snsnieuh
snsniehu
snsnuihe
snsnuieh
snsnuhie
snsnuhei
snsnuehi
snsnueih
snsneiuh
snsneihu
snsneuih
snsneuhi
snsnehui
snsnehiu
snshniue
snshnieu
snshnuie
snshnuei
snshneui
snshneiu
snshinue
snshineu
snshiune
snshiuen
snshieun
snshienu
snshuine
snshuien
snshunie
snshunei
snshueni
snshuein
snsheiun
snsheinu
snsheuin
snsheuni
snshenui
snsheniu
snsihnue
snsihneu
snsihune
snsihuen
snsiheun
snsihenu
snsinhue
snsinheu
snsinuhe
snsinueh
snsineuh
snsinehu
snsiunhe
snsiuneh
snsiuhne
snsiuhen
snsiuehn
snsiuenh
snsienuh
snsienhu
snsieunh
snsieuhn
snsiehun
snsiehnu
snsuhine
snsuhien
snsuhnie
snsuhnei
snsuheni
snsuhein
snsuihne
snsuihen
snsuinhe
snsuineh
snsuienh
snsuiehn
snsunihe
snsunieh
snsunhie
snsunhei
snsunehi
snsuneih
snsueinh
snsueihn
snsuenih
snsuenhi
snsuehni
snsuehin
snsehiun
snsehinu
snsehuin
snsehuni
snsehnui
snsehniu
snseihun
snseihnu
snseiuhn
snseiunh
snseinuh
snseinhu
snseuihn
snseuinh
snseuhin
snseuhni
snseunhi
snseunih
snseniuh
snsenihu
snsenuih
snsenuhi
snsenhui
snsenhiu
snhsniue
snhsnieu
snhsnuie
snhsnuei
snhsneui
snhsneiu
snhsinue
snhsineu
snhsiune
snhsiuen
snhsieun
snhsienu
snhsuine
snhsuien
snhsunie
snhsunei
snhsueni
snhsuein
snhseiun
snhseinu
snhseuin
snhseuni
snhsenui
snhseniu
snhnsiue
snhnsieu
snhnsuie
snhnsuei
snhnseui
snhnseiu
snhnisue
snhniseu
snhniuse
snhniues
snhnieus
snhniesu
snhnuise
snhnuies
snhnusie
snhnusei
snhnuesi
snhnueis
snhneius
snhneisu
snhneuis
snhneusi
snhnesui
snhnesiu
snhinsue
snhinseu
snhinuse
snhinues
snhineus
snhinesu
snhisnue
snhisneu
snhisune
snhisuen
snhiseun
snhisenu
snhiusne
snhiusen
snhiunse
snhiunes
snhiuens
snhiuesn
snhiesun
snhiesnu
snhieusn
snhieuns
snhienus
snhiensu
snhunise
snhunies
snhunsie
snhunsei
snhunesi
snhuneis
snhuinse
snhuines
snhuisne
snhuisen
snhuiesn
snhuiens
snhusine
snhusien
snhusnie
snhusnei
snhuseni
snhusein
snhueisn
snhueins
snhuesin
snhuesni
snhuensi
snhuenis
snhenius
snhenisu
snhenuis
snhenusi
snhensui
snhensiu
snheinus
snheinsu
snheiuns
snheiusn
snheisun
snheisnu
snheuins
snheuisn
snheunis
snheunsi
snheusni
snheusin
snhesiun
snhesinu
snhesuin
snhesuni
snhesnui
snhesniu
snishnue
snishneu
snishune
snishuen
snisheun
snishenu
snisnhue
snisnheu
snisnuhe
snisnueh
snisneuh
snisnehu
snisunhe
snisuneh
snisuhne
snisuhen
snisuehn
snisuenh
snisenuh
snisenhu
sniseunh
sniseuhn
snisehun
snisehnu
snihsnue
snihsneu
snihsune
snihsuen
snihseun
snihsenu
snihnsue
snihnseu
snihnuse
snihnues
snihneus
snihnesu
snihunse
snihunes
snihusne
snihusen
snihuesn
snihuens
snihenus
snihensu
sniheuns
sniheusn
snihesun
snihesnu
sninhsue
sninhseu
sninhuse
sninhues
sninheus
sninhesu
sninshue
sninsheu
sninsuhe
sninsueh
sninseuh
sninsehu
sninushe
sninuseh
sninuhse
sninuhes
sninuehs
sninuesh
sninesuh
snineshu
snineush
snineuhs
sninehus
sninehsu
sniuhnse
sniuhnes
sniuhsne
sniuhsen
sniuhesn
sniuhens
sniunhse
sniunhes
sniunshe
sniunseh
sniunesh
sniunehs
sniusnhe
sniusneh
sniushne
sniushen
sniusehn
sniusenh
sniuensh
sniuenhs
sniuesnh
sniueshn
sniuehsn
sniuehns
sniehnus
sniehnsu
sniehuns
sniehusn
sniehsun
sniehsnu
snienhus
snienhsu
snienuhs
snienush
sniensuh
snienshu
snieunhs
snieunsh
snieuhns
snieuhsn
snieushn
snieusnh
sniesnuh
sniesnhu
sniesunh
sniesuhn
snieshun
snieshnu
snushine
snushien
snushnie
snushnei
snusheni
snushein
snusihne
snusihen
snusinhe
snusineh
snusienh
snusiehn
snusnihe
snusnieh
snusnhie
snusnhei
snusnehi
snusneih
snuseinh
snuseihn
snusenih
snusenhi
snusehni
snusehin
snuhsine
snuhsien
snuhsnie
snuhsnei
snuhseni
snuhsein
snuhisne
snuhisen
snuhinse
snuhines
snuhiens
snuhiesn
snuhnise
snuhnies
snuhnsie
snuhnsei
snuhnesi
snuhneis
snuheins
snuheisn
snuhenis
snuhensi
snuhesni
snuhesin
snuihsne
snuihsen
snuihnse
snuihnes
snuihens
snuihesn
snuishne
snuishen
snuisnhe
snuisneh
snuisenh
snuisehn
snuinshe
snuinseh
snuinhse
snuinhes
snuinehs
snuinesh
snuiesnh
snuieshn
snuiensh
snuienhs
snuiehns
snuiehsn
snunhise
snunhies
snunhsie
snunhsei
snunhesi
snunheis
snunihse
snunihes
snunishe
snuniseh
snuniesh
snuniehs
snunsihe
snunsieh
snunshie
snunshei
snunsehi
snunseih
snuneish
snuneihs
snunesih
snuneshi
snunehsi
snunehis
snuehins
snuehisn
snuehnis
snuehnsi
snuehsni
snuehsin
snueihns
snueihsn
snueinhs
snueinsh
snueisnh
snueishn
snuenihs
snuenish
snuenhis
snuenhsi
snuenshi
snuensih
snuesinh
snuesihn
snuesnih
snuesnhi
snueshni
snueshin
sneshiun
sneshinu
sneshuin
sneshuni
sneshnui
sneshniu
snesihun
snesihnu
snesiuhn
snesiunh
snesinuh
snesinhu
snesuihn
snesuinh
snesuhin
snesuhni
snesunhi
snesunih
snesniuh
snesnihu
snesnuih
snesnuhi
snesnhui
snesnhiu
snehsiun
snehsinu
snehsuin
snehsuni
snehsnui
snehsniu
snehisun
snehisnu
snehiusn
snehiuns
snehinus
snehinsu
snehuisn
snehuins
snehusin
snehusni
snehunsi
snehunis
snehnius
snehnisu
snehnuis
snehnusi
snehnsui
snehnsiu
sneihsun
sneihsnu
sneihusn
sneihuns
sneihnus
sneihnsu
sneishun
sneishnu
sneisuhn
sneisunh
sneisnuh
sneisnhu
sneiushn
sneiusnh
sneiuhsn
sneiuhns
sneiunhs
sneiunsh
sneinsuh
sneinshu
sneinush
sneinuhs
sneinhus
sneinhsu
sneuhisn
sneuhins
sneuhsin
sneuhsni
sneuhnsi
sneuhnis
sneuihsn
sneuihns
sneuishn
sneuisnh
sneuinsh
sneuinhs
sneusihn
sneusinh
sneushin
sneushni
sneusnhi
sneusnih
sneunish
sneunihs
sneunsih
sneunshi
sneunhsi
sneunhis
snenhius
snenhisu
snenhuis
snenhusi
snenhsui
snenhsiu
snenihus
snenihsu
sneniuhs
sneniush
snenisuh
snenishu
snenuihs
snenuish
snenuhis
snenuhsi
snenushi
snenusih
snensiuh
snensihu
snensuih
snensuhi
snenshui
snenshiu
senshinu
senshiun
senshniu
senshnui
senshuni
senshuin
sensihnu
sensihun
sensinhu
sensinuh
sensiunh
sensiuhn
sensnihu
sensniuh
sensnhiu
sensnhui
sensnuhi
sensnuih
sensuinh
sensuihn
sensunih
sensunhi
sensuhni
sensuhin
senhsinu
senhsiun
senhsniu
senhsnui
senhsuni
senhsuin
senhisnu
senhisun
senhinsu
senhinus
senhiuns
senhiusn
senhnisu
senhnius
senhnsiu
senhnsui
senhnusi
senhnuis
senhuins
senhuisn
senhunis
senhunsi
senhusni
senhusin
senihsnu
senihsun
senihnsu
senihnus
senihuns
senihusn
senishnu
senishun
senisnhu
senisnuh
senisunh
senisuhn
seninshu
seninsuh
seninhsu
seninhus
seninuhs
seninush
seniusnh
seniushn
seniunsh
seniunhs
seniuhns
seniuhsn
sennhisu
sennhius
sennhsiu
sennhsui
sennhusi
sennhuis
sennihsu
sennihus
sennishu
sennisuh
senniush
senniuhs
sennsihu
sennsiuh
sennshiu
sennshui
sennsuhi
sennsuih
sennuish
sennuihs
sennusih
sennushi
sennuhsi
sennuhis
senuhins
senuhisn
senuhnis
senuhnsi
senuhsni
senuhsin
senuihns
senuihsn
senuinhs
senuinsh
senuisnh
senuishn
senunihs
senunish
senunhis
senunhsi
senunshi
senunsih
senusinh
senusihn
senusnih
senusnhi
senushni
senushin
sesnhinu
sesnhiun
sesnhniu
sesnhnui
sesnhuni
sesnhuin
sesnihnu
sesnihun
sesninhu
sesninuh
sesniunh
sesniuhn
sesnnihu
sesnniuh
sesnnhiu
sesnnhui
sesnnuhi
sesnnuih
sesnuinh
sesnuihn
sesnunih
sesnunhi
sesnuhni
sesnuhin
seshninu
seshniun
seshnniu
seshnnui
seshnuni
seshnuin
seshinnu
seshinun
seshinnu
seshinun
seshiunn
seshiunn
seshninu
seshniun
seshnniu
seshnnui
seshnuni
seshnuin
seshuinn
seshuinn
seshunin
seshunni
seshunni
seshunin
sesihnnu
sesihnun
sesihnnu
sesihnun
sesihunn
sesihunn
sesinhnu
sesinhun
sesinnhu
sesinnuh
sesinunh
sesinuhn
sesinnhu
sesinnuh
sesinhnu
sesinhun
sesinuhn
sesinunh
sesiunnh
sesiunhn
sesiunnh
sesiunhn
sesiuhnn
sesiuhnn
sesnhinu
sesnhiun
sesnhniu
sesnhnui
sesnhuni
sesnhuin
sesnihnu
sesnihun
sesninhu
sesninuh
sesniunh
sesniuhn
sesnnihu
sesnniuh
sesnnhiu
sesnnhui
sesnnuhi
sesnnuih
sesnuinh
sesnuihn
sesnunih
sesnunhi
sesnuhni
sesnuhin
sesuhinn
sesuhinn
sesuhnin
sesuhnni
sesuhnni
sesuhnin
sesuihnn
sesuihnn
sesuinhn
sesuinnh
sesuinnh
sesuinhn
sesunihn
sesuninh
sesunhin
sesunhni
sesunnhi
sesunnih
sesuninh
sesunihn
sesunnih
sesunnhi
sesunhni
sesunhin
sehsninu
sehsniun
sehsnniu
sehsnnui
sehsnuni
sehsnuin
sehsinnu
sehsinun
sehsinnu
sehsinun
sehsiunn
sehsiunn
sehsninu
sehsniun
sehsnniu
sehsnnui
sehsnuni
sehsnuin
sehsuinn
sehsuinn
sehsunin
sehsunni
sehsunni
sehsunin
sehnsinu
sehnsiun
sehnsniu
sehnsnui
sehnsuni
sehnsuin
sehnisnu
sehnisun
sehninsu
sehninus
sehniuns
sehniusn
sehnnisu
sehnnius
sehnnsiu
sehnnsui
sehnnusi
sehnnuis
sehnuins
sehnuisn
sehnunis
sehnunsi
sehnusni
sehnusin
sehinsnu
sehinsun
sehinnsu
sehinnus
sehinuns
sehinusn
sehisnnu
sehisnun
sehisnnu
sehisnun
sehisunn
sehisunn
sehinsnu
sehinsun
sehinnsu
sehinnus
sehinuns
sehinusn
sehiusnn
sehiusnn
sehiunsn
sehiunns
sehiunns
sehiunsn
sehnnisu
sehnnius
sehnnsiu
sehnnsui
sehnnusi
sehnnuis
sehninsu
sehninus
sehnisnu
sehnisun
sehniusn
sehniuns
sehnsinu
sehnsiun
sehnsniu
sehnsnui
sehnsuni
sehnsuin
sehnuisn
sehnuins
sehnusin
sehnusni
sehnunsi
sehnunis
sehunins
sehunisn
sehunnis
sehunnsi
sehunsni
sehunsin
sehuinns
sehuinsn
sehuinns
sehuinsn
sehuisnn
sehuisnn
sehunins
sehunisn
sehunnis
sehunnsi
sehunsni
sehunsin
sehusinn
sehusinn
sehusnin
sehusnni
sehusnni
sehusnin
seishnnu
seishnun
seishnnu
seishnun
seishunn
seishunn
seisnhnu
seisnhun
seisnnhu
seisnnuh
seisnunh
seisnuhn
seisnnhu
seisnnuh
seisnhnu
seisnhun
seisnuhn
seisnunh
seisunnh
seisunhn
seisunnh
seisunhn
seisuhnn
seisuhnn
seihsnnu
seihsnun
seihsnnu
seihsnun
seihsunn
seihsunn
seihnsnu
seihnsun
seihnnsu
seihnnus
seihnuns
seihnusn
seihnnsu
seihnnus
seihnsnu
seihnsun
seihnusn
seihnuns
seihunns
seihunsn
seihunns
seihunsn
seihusnn
seihusnn
seinhsnu
seinhsun
seinhnsu
seinhnus
seinhuns
seinhusn
seinshnu
seinshun
seinsnhu
seinsnuh
seinsunh
seinsuhn
seinnshu
seinnsuh
seinnhsu
seinnhus
seinnuhs
seinnush
seinusnh
seinushn
seinunsh
seinunhs
seinuhns
seinuhsn
seinhnsu
seinhnus
seinhsnu
seinhsun
seinhusn
seinhuns
seinnhsu
seinnhus
seinnshu
seinnsuh
seinnush
seinnuhs
seinsnhu
seinsnuh
seinshnu
seinshun
seinsuhn
seinsunh
seinunsh
seinunhs
seinusnh
seinushn
seinuhsn
seinuhns
seiuhnns
seiuhnsn
seiuhnns
seiuhnsn
seiuhsnn
seiuhsnn
seiunhns
seiunhsn
seiunnhs
seiunnsh
seiunsnh
seiunshn
seiunnhs
seiunnsh
seiunhns
seiunhsn
seiunshn
seiunsnh
seiusnnh
seiusnhn
seiusnnh
seiusnhn
seiushnn
seiushnn
senshinu
senshiun
senshniu
senshnui
senshuni
senshuin
sensihnu
sensihun
sensinhu
sensinuh
sensiunh
sensiuhn
sensnihu
sensniuh
sensnhiu
sensnhui
sensnuhi
sensnuih
sensuinh
sensuihn
sensunih
sensunhi
sensuhni
sensuhin
senhsinu
senhsiun
senhsniu
senhsnui
senhsuni
senhsuin
senhisnu
senhisun
senhinsu
senhinus
senhiuns
senhiusn
senhnisu
senhnius
senhnsiu
senhnsui
senhnusi
senhnuis
senhuins
senhuisn
senhunis
senhunsi
senhusni
senhusin
senihsnu
senihsun
senihnsu
senihnus
senihuns
senihusn
senishnu
senishun
senisnhu
senisnuh
senisunh
senisuhn
seninshu
seninsuh
seninhsu
seninhus
seninuhs
seninush
seniusnh
seniushn
seniunsh
seniunhs
seniuhns
seniuhsn
sennhisu
sennhius
sennhsiu
sennhsui
sennhusi
sennhuis
sennihsu
sennihus
sennishu
sennisuh
senniush
senniuhs
sennsihu
sennsiuh
sennshiu
sennshui
sennsuhi
sennsuih
sennuish
sennuihs
sennusih
sennushi
sennuhsi
sennuhis
senuhins
senuhisn
senuhnis
senuhnsi
senuhsni
senuhsin
senuihns
senuihsn
senuinhs
senuinsh
senuisnh
senuishn
senunihs
senunish
senunhis
senunhsi
senunshi
senunsih
senusinh
senusihn
senusnih
senusnhi
senushni
senushin
seushinn
seushinn
seushnin
seushnni
seushnni
seushnin
seusihnn
seusihnn
seusinhn
seusinnh
seusinnh
seusinhn
seusnihn
seusninh
seusnhin
seusnhni
seusnnhi
seusnnih
seusninh
seusnihn
seusnnih
seusnnhi
seusnhni
seusnhin
seuhsinn
seuhsinn
seuhsnin
seuhsnni
seuhsnni
seuhsnin
seuhisnn
seuhisnn
seuhinsn
seuhinns
seuhinns
seuhinsn
seuhnisn
seuhnins
seuhnsin
seuhnsni
seuhnnsi
seuhnnis
seuhnins
seuhnisn
seuhnnis
seuhnnsi
seuhnsni
seuhnsin
seuihsnn
seuihsnn
seuihnsn
seuihnns
seuihnns
seuihnsn
seuishnn
seuishnn
seuisnhn
seuisnnh
seuisnnh
seuisnhn
seuinshn
seuinsnh
seuinhsn
seuinhns
seuinnhs
seuinnsh
seuinsnh
seuinshn
seuinnsh
seuinnhs
seuinhns
seuinhsn
seunhisn
seunhins
seunhsin
seunhsni
seunhnsi
seunhnis
seunihsn
seunihns
seunishn
seunisnh
seuninsh
seuninhs
seunsihn
seunsinh
seunshin
seunshni
seunsnhi
seunsnih
seunnish
seunnihs
seunnsih
seunnshi
seunnhsi
seunnhis
seunhins
seunhisn
seunhnis
seunhnsi
seunhsni
seunhsin
seunihns
seunihsn
seuninhs
seuninsh
seunisnh
seunishn
seunnihs
seunnish
seunnhis
seunnhsi
seunnshi
seunnsih
seunsinh
seunsihn
seunsnih
seunsnhi
seunshni
seunshin
usnshine
usnshien
usnshnie
usnshnei
usnsheni
usnshein
usnsihne
usnsihen
usnsinhe
usnsineh
usnsienh
usnsiehn
usnsnihe
usnsnieh
usnsnhie
usnsnhei
usnsnehi
usnsneih
usnseinh
usnseihn
usnsenih
usnsenhi
usnsehni
usnsehin
usnhsine
usnhsien
usnhsnie
usnhsnei
usnhseni
usnhsein
usnhisne
usnhisen
usnhinse
usnhines
usnhiens
usnhiesn
usnhnise
usnhnies
usnhnsie
usnhnsei
usnhnesi
usnhneis
usnheins
usnheisn
usnhenis
usnhensi
usnhesni
usnhesin
usnihsne
usnihsen
usnihnse
usnihnes
usnihens
usnihesn
usnishne
usnishen
usnisnhe
usnisneh
usnisenh
usnisehn
usninshe
usninseh
usninhse
usninhes
usninehs
usninesh
usniesnh
usnieshn
usniensh
usnienhs
usniehns
usniehsn
usnnhise
usnnhies
usnnhsie
usnnhsei
usnnhesi
usnnheis
usnnihse
usnnihes
usnnishe
usnniseh
usnniesh
usnniehs
usnnsihe
usnnsieh
usnnshie
usnnshei
usnnsehi
usnnseih
usnneish
usnneihs
usnnesih
usnneshi
usnnehsi
usnnehis
usnehins
usnehisn
usnehnis
usnehnsi
usnehsni
usnehsin
usneihns
usneihsn
usneinhs
usneinsh
usneisnh
usneishn
usnenihs
usnenish
usnenhis
usnenhsi
usnenshi
usnensih
usnesinh
usnesihn
usnesnih
usnesnhi
usneshni
usneshin
ussnhine
ussnhien
ussnhnie
ussnhnei
ussnheni
ussnhein
ussnihne
ussnihen
ussninhe
ussnineh
ussnienh
ussniehn
ussnnihe
ussnnieh
ussnnhie
ussnnhei
ussnnehi
ussnneih
ussneinh
ussneihn
ussnenih
ussnenhi
ussnehni
ussnehin
usshnine
usshnien
usshnnie
usshnnei
usshneni
usshnein
usshinne
usshinen
usshinne
usshinen
usshienn
usshienn
usshnine
usshnien
usshnnie
usshnnei
usshneni
usshnein
ussheinn
ussheinn
usshenin
usshenni
usshenni
usshenin
ussihnne
ussihnen
ussihnne
ussihnen
ussihenn
ussihenn
ussinhne
ussinhen
ussinnhe
ussinneh
ussinenh
ussinehn
ussinnhe
ussinneh
ussinhne
ussinhen
ussinehn
ussinenh
ussiennh
ussienhn
ussiennh
ussienhn
ussiehnn
ussiehnn
ussnhine
ussnhien
ussnhnie
ussnhnei
ussnheni
ussnhein
ussnihne
ussnihen
ussninhe
ussnineh
ussnienh
ussniehn
ussnnihe
ussnnieh
ussnnhie
ussnnhei
ussnnehi
ussnneih
ussneinh
ussneihn
ussnenih
ussnenhi
ussnehni
ussnehin
ussehinn
ussehinn
ussehnin
ussehnni
ussehnni
ussehnin
usseihnn
usseihnn
usseinhn
usseinnh
usseinnh
usseinhn
ussenihn
usseninh
ussenhin
ussenhni
ussennhi
ussennih
usseninh
ussenihn
ussennih
ussennhi
ussenhni
ussenhin
ushsnine
ushsnien
ushsnnie
ushsnnei
ushsneni
ushsnein
ushsinne
ushsinen
ushsinne
ushsinen
ushsienn
ushsienn
ushsnine
ushsnien
ushsnnie
ushsnnei
ushsneni
ushsnein
ushseinn
ushseinn
ushsenin
ushsenni
ushsenni
ushsenin
ushnsine
ushnsien
ushnsnie
ushnsnei
ushnseni
ushnsein
ushnisne
ushnisen
ushninse
ushnines
ushniens
ushniesn
ushnnise
ushnnies
ushnnsie
ushnnsei
ushnnesi
ushnneis
ushneins
ushneisn
ushnenis
ushnensi
ushnesni
ushnesin
ushinsne
ushinsen
ushinnse
ushinnes
ushinens
ushinesn
ushisnne
ushisnen
ushisnne
ushisnen
ushisenn
ushisenn
ushinsne
ushinsen
ushinnse
ushinnes
ushinens
ushinesn
ushiesnn
ushiesnn
ushiensn
ushienns
ushienns
ushiensn
ushnnise
ushnnies
ushnnsie
ushnnsei
ushnnesi
ushnneis
ushninse
ushnines
ushnisne
ushnisen
ushniesn
ushniens
ushnsine
ushnsien
ushnsnie
ushnsnei
ushnseni
ushnsein
ushneisn
ushneins
ushnesin
ushnesni
ushnensi
ushnenis
ushenins
ushenisn
ushennis
ushennsi
ushensni
ushensin
usheinns
usheinsn
usheinns
usheinsn
usheisnn
usheisnn
ushenins
ushenisn
ushennis
ushennsi
ushensni
ushensin
ushesinn
ushesinn
ushesnin
ushesnni
ushesnni
ushesnin
usishnne
usishnen
usishnne
usishnen
usishenn
usishenn
usisnhne
usisnhen
usisnnhe
usisnneh
usisnenh
usisnehn
usisnnhe
usisnneh
usisnhne
usisnhen
usisnehn
usisnenh
usisennh
usisenhn
usisennh
usisenhn
usisehnn
usisehnn
usihsnne
usihsnen
usihsnne
usihsnen
usihsenn
usihsenn
usihnsne
usihnsen
usihnnse
usihnnes
usihnens
usihnesn
usihnnse
usihnnes
usihnsne
usihnsen
usihnesn
usihnens
usihenns
usihensn
usihenns
usihensn
usihesnn
usihesnn
usinhsne
usinhsen
usinhnse
usinhnes
usinhens
usinhesn
usinshne
usinshen
usinsnhe
usinsneh
usinsenh
usinsehn
usinnshe
usinnseh
usinnhse
usinnhes
usinnehs
usinnesh
usinesnh
usineshn
usinensh
usinenhs
usinehns
usinehsn
usinhnse
usinhnes
usinhsne
usinhsen
usinhesn
usinhens
usinnhse
usinnhes
usinnshe
usinnseh
usinnesh
usinnehs
usinsnhe
usinsneh
usinshne
usinshen
usinsehn
usinsenh
usinensh
usinenhs
usinesnh
usineshn
usinehsn
usinehns
usiehnns
usiehnsn
usiehnns
usiehnsn
usiehsnn
usiehsnn
usienhns
usienhsn
usiennhs
usiennsh
usiensnh
usienshn
usiennhs
usiennsh
usienhns
usienhsn
usienshn
usiensnh
usiesnnh
usiesnhn
usiesnnh
usiesnhn
usieshnn
usieshnn
usnshine
usnshien
usnshnie
usnshnei
usnsheni
usnshein
usnsihne
usnsihen
usnsinhe
usnsineh
usnsienh
usnsiehn
usnsnihe
usnsnieh
usnsnhie
usnsnhei
usnsnehi
usnsneih
usnseinh
usnseihn
usnsenih
usnsenhi
usnsehni
usnsehin
usnhsine
usnhsien
usnhsnie
usnhsnei
usnhseni
usnhsein
usnhisne
usnhisen
usnhinse
usnhines
usnhiens
usnhiesn
usnhnise
usnhnies
usnhnsie
usnhnsei
usnhnesi
usnhneis
usnheins
usnheisn
usnhenis
usnhensi
usnhesni
usnhesin
usnihsne
usnihsen
usnihnse
usnihnes
usnihens
usnihesn
usnishne
usnishen
usnisnhe
usnisneh
usnisenh
usnisehn
usninshe
usninseh
usninhse
usninhes
usninehs
usninesh
usniesnh
usnieshn
usniensh
usnienhs
usniehns
usniehsn
usnnhise
usnnhies
usnnhsie
usnnhsei
usnnhesi
usnnheis
usnnihse
usnnihes
usnnishe
usnniseh
usnniesh
usnniehs
usnnsihe
usnnsieh
usnnshie
usnnshei
usnnsehi
usnnseih
usnneish
usnneihs
usnnesih
usnneshi
usnnehsi
usnnehis
usnehins
usnehisn
usnehnis
usnehnsi
usnehsni
usnehsin
usneihns
usneihsn
usneinhs
usneinsh
usneisnh
usneishn
usnenihs
usnenish
usnenhis
usnenhsi
usnenshi
usnensih
usnesinh
usnesihn
usnesnih
usnesnhi
usneshni
usneshin
useshinn
useshinn
useshnin
useshnni
useshnni
useshnin
usesihnn
usesihnn
usesinhn
usesinnh
usesinnh
usesinhn
usesnihn
usesninh
usesnhin
usesnhni
usesnnhi
usesnnih
usesninh
usesnihn
usesnnih
usesnnhi
usesnhni
usesnhin
usehsinn
usehsinn
usehsnin
usehsnni
usehsnni
usehsnin
usehisnn
usehisnn
usehinsn
usehinns
usehinns
usehinsn
usehnisn
usehnins
usehnsin
usehnsni
usehnnsi
usehnnis
usehnins
usehnisn
usehnnis
usehnnsi
usehnsni
usehnsin
useihsnn
useihsnn
useihnsn
useihnns
useihnns
useihnsn
useishnn
useishnn
useisnhn
useisnnh
useisnnh
useisnhn
useinshn
useinsnh
useinhsn
useinhns
useinnhs
useinnsh
useinsnh
useinshn
useinnsh
useinnhs
useinhns
useinhsn
usenhisn
usenhins
usenhsin
usenhsni
usenhnsi
usenhnis
usenihsn
usenihns
usenishn
usenisnh
useninsh
useninhs
usensihn
usensinh
usenshin
usenshni
usensnhi
usensnih
usennish
usennihs
usennsih
usennshi
usennhsi
usennhis
usenhins
usenhisn
usenhnis
usenhnsi
usenhsni
usenhsin
usenihns
usenihsn
useninhs
useninsh
usenisnh
usenishn
usennihs
usennish
usennhis
usennhsi
usennshi
usennsih
usensinh
usensihn
usensnih
usensnhi
usenshni
usenshin
unsshine
unsshien
unsshnie
unsshnei
unssheni
unsshein
unssihne
unssihen
unssinhe
unssineh
unssienh
unssiehn
unssnihe
unssnieh
unssnhie
unssnhei
unssnehi
unssneih
unsseinh
unsseihn
unssenih
unssenhi
unssehni
unssehin
unshsine
unshsien
unshsnie
unshsnei
unshseni
unshsein
unshisne
unshisen
unshinse
unshines
unshiens
unshiesn
unshnise
unshnies
unshnsie
unshnsei
unshnesi
unshneis
unsheins
unsheisn
unshenis
unshensi
unshesni
unshesin
unsihsne
unsihsen
unsihnse
unsihnes
unsihens
unsihesn
unsishne
unsishen
unsisnhe
unsisneh
unsisenh
unsisehn
unsinshe
unsinseh
unsinhse
unsinhes
unsinehs
unsinesh
unsiesnh
unsieshn
unsiensh
unsienhs
unsiehns
unsiehsn
unsnhise
unsnhies
unsnhsie
unsnhsei
unsnhesi
unsnheis
unsnihse
unsnihes
unsnishe
unsniseh
unsniesh
unsniehs
unsnsihe
unsnsieh
unsnshie
unsnshei
unsnsehi
unsnseih
unsneish
unsneihs
unsnesih
unsneshi
unsnehsi
unsnehis
unsehins
unsehisn
unsehnis
unsehnsi
unsehsni
unsehsin
unseihns
unseihsn
unseinhs
unseinsh
unseisnh
unseishn
unsenihs
unsenish
unsenhis
unsenhsi
unsenshi
unsensih
unsesinh
unsesihn
unsesnih
unsesnhi
unseshni
unseshin
unsshine
unsshien
unsshnie
unsshnei
unssheni
unsshein
unssihne
unssihen
unssinhe
unssineh
unssienh
unssiehn
unssnihe
unssnieh
unssnhie
unssnhei
unssnehi
unssneih
unsseinh
unsseihn
unssenih
unssenhi
unssehni
unssehin
unshsine
unshsien
unshsnie
unshsnei
unshseni
unshsein
unshisne
unshisen
unshinse
unshines
unshiens
unshiesn
unshnise
unshnies
unshnsie
unshnsei
unshnesi
unshneis
unsheins
unsheisn
unshenis
unshensi
unshesni
unshesin
unsihsne
unsihsen
unsihnse
unsihnes
unsihens
unsihesn
unsishne
unsishen
unsisnhe
unsisneh
unsisenh
unsisehn
unsinshe
unsinseh
unsinhse
unsinhes
unsinehs
unsinesh
unsiesnh
unsieshn
unsiensh
unsienhs
unsiehns
unsiehsn
unsnhise
unsnhies
unsnhsie
unsnhsei
unsnhesi
unsnheis
unsnihse
unsnihes
unsnishe
unsniseh
unsniesh
unsniehs
unsnsihe
unsnsieh
unsnshie
unsnshei
unsnsehi
unsnseih
unsneish
unsneihs
unsnesih
unsneshi
unsnehsi
unsnehis
unsehins
unsehisn
unsehnis
unsehnsi
unsehsni
unsehsin
unseihns
unseihsn
unseinhs
unseinsh
unseisnh
unseishn
unsenihs
unsenish
unsenhis
unsenhsi
unsenshi
unsensih
unsesinh
unsesihn
unsesnih
unsesnhi
unseshni
unseshin
unhssine
unhssien
unhssnie
unhssnei
unhsseni
unhssein
unhsisne
unhsisen
unhsinse
unhsines
unhsiens
unhsiesn
unhsnise
unhsnies
unhsnsie
unhsnsei
unhsnesi
unhsneis
unhseins
unhseisn
unhsenis
unhsensi
unhsesni
unhsesin
unhssine
unhssien
unhssnie
unhssnei
unhsseni
unhssein
unhsisne
unhsisen
unhsinse
unhsines
unhsiens
unhsiesn
unhsnise
unhsnies
unhsnsie
unhsnsei
unhsnesi
unhsneis
unhseins
unhseisn
unhsenis
unhsensi
unhsesni
unhsesin
unhissne
unhissen
unhisnse
unhisnes
unhisens
unhisesn
unhissne
unhissen
unhisnse
unhisnes
unhisens
unhisesn
unhinsse
unhinses
unhinsse
unhinses
unhiness
unhiness
unhiesns
unhiessn
unhienss
unhienss
unhiesns
unhiessn
unhnsise
unhnsies
unhnssie
unhnssei
unhnsesi
unhnseis
unhnisse
unhnises
unhnisse
unhnises
unhniess
unhniess
unhnsise
unhnsies
unhnssie
unhnssei
unhnsesi
unhnseis
unhneiss
unhneiss
unhnesis
unhnessi
unhnessi
unhnesis
unhesins
unhesisn
unhesnis
unhesnsi
unhessni
unhessin
unheisns
unheissn
unheinss
unheinss
unheisns
unheissn
unheniss
unheniss
unhensis
unhenssi
unhenssi
unhensis
unhesins
unhesisn
unhesnis
unhesnsi
unhessni
unhessin
unishsne
unishsen
unishnse
unishnes
unishens
unishesn
unisshne
unisshen
unissnhe
unissneh
unissenh
unissehn
unisnshe
unisnseh
unisnhse
unisnhes
unisnehs
unisnesh
unisesnh
uniseshn
unisensh
unisenhs
unisehns
unisehsn
unihssne
unihssen
unihsnse
unihsnes
unihsens
unihsesn
unihssne
unihssen
unihsnse
unihsnes
unihsens
unihsesn
unihnsse
unihnses
unihnsse
unihnses
unihness
unihness
unihesns
unihessn
unihenss
unihenss
unihesns
unihessn
unishsne
unishsen
unishnse
unishnes
unishens
unishesn
unisshne
unisshen
unissnhe
unissneh
unissenh
unissehn
unisnshe
unisnseh
unisnhse
unisnhes
unisnehs
unisnesh
unisesnh
uniseshn
unisensh
unisenhs
unisehns
unisehsn
uninhsse
uninhses
uninhsse
uninhses
uninhess
uninhess
uninshse
uninshes
uninsshe
uninsseh
uninsesh
uninsehs
uninsshe
uninsseh
uninshse
uninshes
uninsehs
uninsesh
uninessh
unineshs
uninessh
unineshs
uninehss
uninehss
uniehsns
uniehssn
uniehnss
uniehnss
uniehsns
uniehssn
unieshns
unieshsn
uniesnhs
uniesnsh
uniessnh
uniesshn
unienshs
unienssh
unienhss
unienhss
unienshs
unienssh
uniessnh
uniesshn
uniesnsh
uniesnhs
unieshns
unieshsn
unnshise
unnshies
unnshsie
unnshsei
unnshesi
unnsheis
unnsihse
unnsihes
unnsishe
unnsiseh
unnsiesh
unnsiehs
unnssihe
unnssieh
unnsshie
unnsshei
unnssehi
unnsseih
unnseish
unnseihs
unnsesih
unnseshi
unnsehsi
unnsehis
unnhsise
unnhsies
unnhssie
unnhssei
unnhsesi
unnhseis
unnhisse
unnhises
unnhisse
unnhises
unnhiess
unnhiess
unnhsise
unnhsies
unnhssie
unnhssei
unnhsesi
unnhseis
unnheiss
unnheiss
unnhesis
unnhessi
unnhessi
unnhesis
unnihsse
unnihses
unnihsse
unnihses
unnihess
unnihess
unnishse
unnishes
unnisshe
unnisseh
unnisesh
unnisehs
unnisshe
unnisseh
unnishse
unnishes
unnisehs
unnisesh
unniessh
unnieshs
unniessh
unnieshs
unniehss
unniehss
unnshise
unnshies
unnshsie
unnshsei
unnshesi
unnsheis
unnsihse
unnsihes
unnsishe
unnsiseh
unnsiesh
unnsiehs
unnssihe
unnssieh
unnsshie
unnsshei
unnssehi
unnsseih
unnseish
unnseihs
unnsesih
unnseshi
unnsehsi
unnsehis
unnehiss
unnehiss
unnehsis
unnehssi
unnehssi
unnehsis
unneihss
unneihss
unneishs
unneissh
unneissh
unneishs
unnesihs
unnesish
unneshis
unneshsi
unnesshi
unnessih
unnesish
unnesihs
unnessih
unnesshi
unneshsi
unneshis
uneshins
uneshisn
uneshnis
uneshnsi
uneshsni
uneshsin
unesihns
unesihsn
unesinhs
unesinsh
unesisnh
unesishn
unesnihs
unesnish
unesnhis
unesnhsi
unesnshi
unesnsih
unessinh
unessihn
unessnih
unessnhi
unesshni
unesshin
unehsins
unehsisn
unehsnis
unehsnsi
unehssni
unehssin
unehisns
unehissn
unehinss
unehinss
unehisns
unehissn
unehniss
unehniss
unehnsis
unehnssi
unehnssi
unehnsis
unehsins
unehsisn
unehsnis
unehsnsi
unehssni
unehssin
uneihsns
uneihssn
uneihnss
uneihnss
uneihsns
uneihssn
uneishns
uneishsn
uneisnhs
uneisnsh
uneissnh
uneisshn
uneinshs
uneinssh
uneinhss
uneinhss
uneinshs
uneinssh
uneissnh
uneisshn
uneisnsh
uneisnhs
uneishns
uneishsn
unenhiss
unenhiss
unenhsis
unenhssi
unenhssi
unenhsis
unenihss
unenihss
unenishs
unenissh
unenissh
unenishs
unensihs
unensish
unenshis
unenshsi
unensshi
unenssih
unensish
unensihs
unenssih
unensshi
unenshsi
unenshis
uneshins
uneshisn
uneshnis
uneshnsi
uneshsni
uneshsin
unesihns
unesihsn
unesinhs
unesinsh
unesisnh
unesishn
unesnihs
unesnish
unesnhis
unesnhsi
unesnshi
unesnsih
unessinh
unessihn
unessnih
unessnhi
unesshni
unesshin
usnshine
usnshien
usnshnie
usnshnei
usnsheni
usnshein
usnsihne
usnsihen
usnsinhe
usnsineh
usnsienh
usnsiehn
usnsnihe
usnsnieh
usnsnhie
usnsnhei
usnsnehi
usnsneih
usnseinh
usnseihn
usnsenih
usnsenhi
usnsehni
usnsehin
usnhsine
usnhsien
usnhsnie
usnhsnei
usnhseni
usnhsein
usnhisne
usnhisen
usnhinse
usnhines
usnhiens
usnhiesn
usnhnise
usnhnies
usnhnsie
usnhnsei
usnhnesi
usnhneis
usnheins
usnheisn
usnhenis
usnhensi
usnhesni
usnhesin
usnihsne
usnihsen
usnihnse
usnihnes
usnihens
usnihesn
usnishne
usnishen
usnisnhe
usnisneh
usnisenh
usnisehn
usninshe
usninseh
usninhse
usninhes
usninehs
usninesh
usniesnh
usnieshn
usniensh
usnienhs
usniehns
usniehsn
usnnhise
usnnhies
usnnhsie
usnnhsei
usnnhesi
usnnheis
usnnihse
usnnihes
usnnishe
usnniseh
usnniesh
usnniehs
usnnsihe
usnnsieh
usnnshie
usnnshei
usnnsehi
usnnseih
usnneish
usnneihs
usnnesih
usnneshi
usnnehsi
usnnehis
usnehins
usnehisn
usnehnis
usnehnsi
usnehsni
usnehsin
usneihns
usneihsn
usneinhs
usneinsh
usneisnh
usneishn
usnenihs
usnenish
usnenhis
usnenhsi
usnenshi
usnensih
usnesinh
usnesihn
usnesnih
usnesnhi
usneshni
usneshin
ussnhine
ussnhien
ussnhnie
ussnhnei
ussnheni
ussnhein
ussnihne
ussnihen
ussninhe
ussnineh
ussnienh
ussniehn
ussnnihe
ussnnieh
ussnnhie
ussnnhei
ussnnehi
ussnneih
ussneinh
ussneihn
ussnenih
ussnenhi
ussnehni
ussnehin
usshnine
usshnien
usshnnie
usshnnei
usshneni
usshnein
usshinne
usshinen
usshinne
usshinen
usshienn
usshienn
usshnine
usshnien
usshnnie
usshnnei
usshneni
usshnein
ussheinn
ussheinn
usshenin
usshenni
usshenni
usshenin
ussihnne
ussihnen
ussihnne
ussihnen
ussihenn
ussihenn
ussinhne
ussinhen
ussinnhe
ussinneh
ussinenh
ussinehn
ussinnhe
ussinneh
ussinhne
ussinhen
ussinehn
ussinenh
ussiennh
ussienhn
ussiennh
ussienhn
ussiehnn
ussiehnn
ussnhine
ussnhien
ussnhnie
ussnhnei
ussnheni
ussnhein
ussnihne
ussnihen
ussninhe
ussnineh
ussnienh
ussniehn
ussnnihe
ussnnieh
ussnnhie
ussnnhei
ussnnehi
ussnneih
ussneinh
ussneihn
ussnenih
ussnenhi
ussnehni
ussnehin
ussehinn
ussehinn
ussehnin
ussehnni
ussehnni
ussehnin
usseihnn
usseihnn
usseinhn
usseinnh
usseinnh
usseinhn
ussenihn
usseninh
ussenhin
ussenhni
ussennhi
ussennih
usseninh
ussenihn
ussennih
ussennhi
ussenhni
ussenhin
ushsnine
ushsnien
ushsnnie
ushsnnei
ushsneni
ushsnein
ushsinne
ushsinen
ushsinne
ushsinen
ushsienn
ushsienn
ushsnine
ushsnien
ushsnnie
ushsnnei
ushsneni
ushsnein
ushseinn
ushseinn
ushsenin
ushsenni
ushsenni
ushsenin
ushnsine
ushnsien
ushnsnie
ushnsnei
ushnseni
ushnsein
ushnisne
ushnisen
ushninse
ushnines
ushniens
ushniesn
ushnnise
ushnnies
ushnnsie
ushnnsei
ushnnesi
ushnneis
ushneins
ushneisn
ushnenis
ushnensi
ushnesni
ushnesin
ushinsne
ushinsen
ushinnse
ushinnes
ushinens
ushinesn
ushisnne
ushisnen
ushisnne
ushisnen
ushisenn
ushisenn
ushinsne
ushinsen
ushinnse
ushinnes
ushinens
ushinesn
ushiesnn
ushiesnn
ushiensn
ushienns
ushienns
ushiensn
ushnnise
ushnnies
ushnnsie
ushnnsei
ushnnesi
ushnneis
ushninse
ushnines
ushnisne
ushnisen
ushniesn
ushniens
ushnsine
ushnsien
ushnsnie
ushnsnei
ushnseni
ushnsein
ushneisn
ushneins
ushnesin
ushnesni
ushnensi
ushnenis
ushenins
ushenisn
ushennis
ushennsi
ushensni
ushensin
usheinns
usheinsn
usheinns
usheinsn
usheisnn
usheisnn
ushenins
ushenisn
ushennis
ushennsi
ushensni
ushensin
ushesinn
ushesinn
ushesnin
ushesnni
ushesnni
ushesnin
usishnne
usishnen
usishnne
usishnen
usishenn
usishenn
usisnhne
usisnhen
usisnnhe
usisnneh
usisnenh
usisnehn
usisnnhe
usisnneh
usisnhne
usisnhen
usisnehn
usisnenh
usisennh
usisenhn
usisennh
usisenhn
usisehnn
usisehnn
usihsnne
usihsnen
usihsnne
usihsnen
usihsenn
usihsenn
usihnsne
usihnsen
usihnnse
usihnnes
usihnens
usihnesn
usihnnse
usihnnes
usihnsne
usihnsen
usihnesn
usihnens
usihenns
usihensn
usihenns
usihensn
usihesnn
usihesnn
usinhsne
usinhsen
usinhnse
usinhnes
usinhens
usinhesn
usinshne
usinshen
usinsnhe
usinsneh
usinsenh
usinsehn
usinnshe
usinnseh
usinnhse
usinnhes
usinnehs
usinnesh
usinesnh
usineshn
usinensh
usinenhs
usinehns
usinehsn
usinhnse
usinhnes
usinhsne
usinhsen
usinhesn
usinhens
usinnhse
usinnhes
usinnshe
usinnseh
usinnesh
usinnehs
usinsnhe
usinsneh
usinshne
usinshen
usinsehn
usinsenh
usinensh
usinenhs
usinesnh
usineshn
usinehsn
usinehns
usiehnns
usiehnsn
usiehnns
usiehnsn
usiehsnn
usiehsnn
usienhns
usienhsn
usiennhs
usiennsh
usiensnh
usienshn
usiennhs
usiennsh
usienhns
usienhsn
usienshn
usiensnh
usiesnnh
usiesnhn
usiesnnh
usiesnhn
usieshnn
usieshnn
usnshine
usnshien
usnshnie
usnshnei
usnsheni
usnshein
usnsihne
usnsihen
usnsinhe
usnsineh
usnsienh
usnsiehn
usnsnihe
usnsnieh
usnsnhie
usnsnhei
usnsnehi
usnsneih
usnseinh
usnseihn
usnsenih
usnsenhi
usnsehni
usnsehin
usnhsine
usnhsien
usnhsnie
usnhsnei
usnhseni
usnhsein
usnhisne
usnhisen
usnhinse
usnhines
usnhiens
usnhiesn
usnhnise
usnhnies
usnhnsie
usnhnsei
usnhnesi
usnhneis
usnheins
usnheisn
usnhenis
usnhensi
usnhesni
usnhesin
usnihsne
usnihsen
usnihnse
usnihnes
usnihens
usnihesn
usnishne
usnishen
usnisnhe
usnisneh
usnisenh
usnisehn
usninshe
usninseh
usninhse
usninhes
usninehs
usninesh
usniesnh
usnieshn
usniensh
usnienhs
usniehns
usniehsn
usnnhise
usnnhies
usnnhsie
usnnhsei
usnnhesi
usnnheis
usnnihse
usnnihes
usnnishe
usnniseh
usnniesh
usnniehs
usnnsihe
usnnsieh
usnnshie
usnnshei
usnnsehi
usnnseih
usnneish
usnneihs
usnnesih
usnneshi
usnnehsi
usnnehis
usnehins
usnehisn
usnehnis
usnehnsi
usnehsni
usnehsin
usneihns
usneihsn
usneinhs
usneinsh
usneisnh
usneishn
usnenihs
usnenish
usnenhis
usnenhsi
usnenshi
usnensih
usnesinh
usnesihn
usnesnih
usnesnhi
usneshni
usneshin
useshinn
useshinn
useshnin
useshnni
useshnni
useshnin
usesihnn
usesihnn
usesinhn
usesinnh
usesinnh
usesinhn
usesnihn
usesninh
usesnhin
usesnhni
usesnnhi
usesnnih
usesninh
usesnihn
usesnnih
usesnnhi
usesnhni
usesnhin
usehsinn
usehsinn
usehsnin
usehsnni
usehsnni
usehsnin
usehisnn
usehisnn
usehinsn
usehinns
usehinns
usehinsn
usehnisn
usehnins
usehnsin
usehnsni
usehnnsi
usehnnis
usehnins
usehnisn
usehnnis
usehnnsi
usehnsni
usehnsin
useihsnn
useihsnn
useihnsn
useihnns
useihnns
useihnsn
useishnn
useishnn
useisnhn
useisnnh
useisnnh
useisnhn
useinshn
useinsnh
useinhsn
useinhns
useinnhs
useinnsh
useinsnh
useinshn
useinnsh
useinnhs
useinhns
useinhsn
usenhisn
usenhins
usenhsin
usenhsni
usenhnsi
usenhnis
usenihsn
usenihns
usenishn
usenisnh
useninsh
useninhs
usensihn
usensinh
usenshin
usenshni
usensnhi
usensnih
usennish
usennihs
usennsih
usennshi
usennhsi
usennhis
usenhins
usenhisn
usenhnis
usenhnsi
usenhsni
usenhsin
usenihns
usenihsn
useninhs
useninsh
usenisnh
usenishn
usennihs
usennish
usennhis
usennhsi
usennshi
usennsih
usensinh
usensihn
usensnih
usensnhi
usenshni
usenshin
uhnssine
uhnssien
uhnssnie
uhnssnei
uhnsseni
uhnssein
uhnsisne
uhnsisen
uhnsinse
uhnsines
uhnsiens
uhnsiesn
uhnsnise
uhnsnies
uhnsnsie
uhnsnsei
uhnsnesi
uhnsneis
uhnseins
uhnseisn
uhnsenis
uhnsensi
uhnsesni
uhnsesin
uhnssine
uhnssien
uhnssnie
uhnssnei
uhnsseni
uhnssein
uhnsisne
uhnsisen
uhnsinse
uhnsines
uhnsiens
uhnsiesn
uhnsnise
uhnsnies
uhnsnsie
uhnsnsei
uhnsnesi
uhnsneis
uhnseins
uhnseisn
uhnsenis
uhnsensi
uhnsesni
uhnsesin
uhnissne
uhnissen
uhnisnse
uhnisnes
uhnisens
uhnisesn
uhnissne
uhnissen
uhnisnse
uhnisnes
uhnisens
uhnisesn
uhninsse
uhninses
uhninsse
uhninses
uhniness
uhniness
uhniesns
uhniessn
uhnienss
uhnienss
uhniesns
uhniessn
uhnnsise
uhnnsies
uhnnssie
uhnnssei
uhnnsesi
uhnnseis
uhnnisse
uhnnises
uhnnisse
uhnnises
uhnniess
uhnniess
uhnnsise
uhnnsies
uhnnssie
uhnnssei
uhnnsesi
uhnnseis
uhnneiss
uhnneiss
uhnnesis
uhnnessi
uhnnessi
uhnnesis
uhnesins
uhnesisn
uhnesnis
uhnesnsi
uhnessni
uhnessin
uhneisns
uhneissn
uhneinss
uhneinss
uhneisns
uhneissn
uhneniss
uhneniss
uhnensis
uhnenssi
uhnenssi
uhnensis
uhnesins
uhnesisn
uhnesnis
uhnesnsi
uhnessni
uhnessin
uhsnsine
uhsnsien
uhsnsnie
uhsnsnei
uhsnseni
uhsnsein
uhsnisne
uhsnisen
uhsninse
uhsnines
uhsniens
uhsniesn
uhsnnise
uhsnnies
uhsnnsie
uhsnnsei
uhsnnesi
uhsnneis
uhsneins
uhsneisn
uhsnenis
uhsnensi
uhsnesni
uhsnesin
uhssnine
uhssnien
uhssnnie
uhssnnei
uhssneni
uhssnein
uhssinne
uhssinen
uhssinne
uhssinen
uhssienn
uhssienn
uhssnine
uhssnien
uhssnnie
uhssnnei
uhssneni
uhssnein
uhsseinn
uhsseinn
uhssenin
uhssenni
uhssenni
uhssenin
uhsisnne
uhsisnen
uhsisnne
uhsisnen
uhsisenn
uhsisenn
uhsinsne
uhsinsen
uhsinnse
uhsinnes
uhsinens
uhsinesn
uhsinnse
uhsinnes
uhsinsne
uhsinsen
uhsinesn
uhsinens
uhsienns
uhsiensn
uhsienns
uhsiensn
uhsiesnn
uhsiesnn
uhsnsine
uhsnsien
uhsnsnie
uhsnsnei
uhsnseni
uhsnsein
uhsnisne
uhsnisen
uhsninse
uhsnines
uhsniens
uhsniesn
uhsnnise
uhsnnies
uhsnnsie
uhsnnsei
uhsnnesi
uhsnneis
uhsneins
uhsneisn
uhsnenis
uhsnensi
uhsnesni
uhsnesin
uhsesinn
uhsesinn
uhsesnin
uhsesnni
uhsesnni
uhsesnin
uhseisnn
uhseisnn
uhseinsn
uhseinns
uhseinns
uhseinsn
uhsenisn
uhsenins
uhsensin
uhsensni
uhsennsi
uhsennis
uhsenins
uhsenisn
uhsennis
uhsennsi
uhsensni
uhsensin
uhssnine
uhssnien
uhssnnie
uhssnnei
uhssneni
uhssnein
uhssinne
uhssinen
uhssinne
uhssinen
uhssienn
uhssienn
uhssnine
uhssnien
uhssnnie
uhssnnei
uhssneni
uhssnein
uhsseinn
uhsseinn
uhssenin
uhssenni
uhssenni
uhssenin
uhsnsine
uhsnsien
uhsnsnie
uhsnsnei
uhsnseni
uhsnsein
uhsnisne
uhsnisen
uhsninse
uhsnines
uhsniens
uhsniesn
uhsnnise
uhsnnies
uhsnnsie
uhsnnsei
uhsnnesi
uhsnneis
uhsneins
uhsneisn
uhsnenis
uhsnensi
uhsnesni
uhsnesin
uhsinsne
uhsinsen
uhsinnse
uhsinnes
uhsinens
uhsinesn
uhsisnne
uhsisnen
uhsisnne
uhsisnen
uhsisenn
uhsisenn
uhsinsne
uhsinsen
uhsinnse
uhsinnes
uhsinens
uhsinesn
uhsiesnn
uhsiesnn
uhsiensn
uhsienns
uhsienns
uhsiensn
uhsnnise
uhsnnies
uhsnnsie
uhsnnsei
uhsnnesi
uhsnneis
uhsninse
uhsnines
uhsnisne
uhsnisen
uhsniesn
uhsniens
uhsnsine
uhsnsien
uhsnsnie
uhsnsnei
uhsnseni
uhsnsein
uhsneisn
uhsneins
uhsnesin
uhsnesni
uhsnensi
uhsnenis
uhsenins
uhsenisn
uhsennis
uhsennsi
uhsensni
uhsensin
uhseinns
uhseinsn
uhseinns
uhseinsn
uhseisnn
uhseisnn
uhsenins
uhsenisn
uhsennis
uhsennsi
uhsensni
uhsensin
uhsesinn
uhsesinn
uhsesnin
uhsesnni
uhsesnni
uhsesnin
uhissnne
uhissnen
uhissnne
uhissnen
uhissenn
uhissenn
uhisnsne
uhisnsen
uhisnnse
uhisnnes
uhisnens
uhisnesn
uhisnnse
uhisnnes
uhisnsne
uhisnsen
uhisnesn
uhisnens
uhisenns
uhisensn
uhisenns
uhisensn
uhisesnn
uhisesnn
uhissnne
uhissnen
uhissnne
uhissnen
uhissenn
uhissenn
uhisnsne
uhisnsen
uhisnnse
uhisnnes
uhisnens
uhisnesn
uhisnnse
uhisnnes
uhisnsne
uhisnsen
uhisnesn
uhisnens
uhisenns
uhisensn
uhisenns
uhisensn
uhisesnn
uhisesnn
uhinssne
uhinssen
uhinsnse
uhinsnes
uhinsens
uhinsesn
uhinssne
uhinssen
uhinsnse
uhinsnes
uhinsens
uhinsesn
uhinnsse
uhinnses
uhinnsse
uhinnses
uhinness
uhinness
uhinesns
uhinessn
uhinenss
uhinenss
uhinesns
uhinessn
uhinsnse
uhinsnes
uhinssne
uhinssen
uhinsesn
uhinsens
uhinnsse
uhinnses
uhinnsse
uhinnses
uhinness
uhinness
uhinsnse
uhinsnes
uhinssne
uhinssen
uhinsesn
uhinsens
uhinenss
uhinenss
uhinesns
uhinessn
uhinessn
uhinesns
uhiesnns
uhiesnsn
uhiesnns
uhiesnsn
uhiessnn
uhiessnn
uhiensns
uhienssn
uhiennss
uhiennss
uhiensns
uhienssn
uhiennss
uhiennss
uhiensns
uhienssn
uhienssn
uhiensns
uhiesnns
uhiesnsn
uhiesnns
uhiesnsn
uhiessnn
uhiessnn
uhnssine
uhnssien
uhnssnie
uhnssnei
uhnsseni
uhnssein
uhnsisne
uhnsisen
uhnsinse
uhnsines
uhnsiens
uhnsiesn
uhnsnise
uhnsnies
uhnsnsie
uhnsnsei
uhnsnesi
uhnsneis
uhnseins
uhnseisn
uhnsenis
uhnsensi
uhnsesni
uhnsesin
uhnssine
uhnssien
uhnssnie
uhnssnei
uhnsseni
uhnssein
uhnsisne
uhnsisen
uhnsinse
uhnsines
uhnsiens
uhnsiesn
uhnsnise
uhnsnies
uhnsnsie
uhnsnsei
uhnsnesi
uhnsneis
uhnseins
uhnseisn
uhnsenis
uhnsensi
uhnsesni
uhnsesin
uhnissne
uhnissen
uhnisnse
uhnisnes
uhnisens
uhnisesn
uhnissne
uhnissen
uhnisnse
uhnisnes
uhnisens
uhnisesn
uhninsse
uhninses
uhninsse
uhninses
uhniness
uhniness
uhniesns
uhniessn
uhnienss
uhnienss
uhniesns
uhniessn
uhnnsise
uhnnsies
uhnnssie
uhnnssei
uhnnsesi
uhnnseis
uhnnisse
uhnnises
uhnnisse
uhnnises
uhnniess
uhnniess
uhnnsise
uhnnsies
uhnnssie
uhnnssei
uhnnsesi
uhnnseis
uhnneiss
uhnneiss
uhnnesis
uhnnessi
uhnnessi
uhnnesis
uhnesins
uhnesisn
uhnesnis
uhnesnsi
uhnessni
uhnessin
uhneisns
uhneissn
uhneinss
uhneinss
uhneisns
uhneissn
uhneniss
uhneniss
uhnensis
uhnenssi
uhnenssi
uhnensis
uhnesins
uhnesisn
uhnesnis
uhnesnsi
uhnessni
uhnessin
uhessinn
uhessinn
uhessnin
uhessnni
uhessnni
uhessnin
uhesisnn
uhesisnn
uhesinsn
uhesinns
uhesinns
uhesinsn
uhesnisn
uhesnins
uhesnsin
uhesnsni
uhesnnsi
uhesnnis
uhesnins
uhesnisn
uhesnnis
uhesnnsi
uhesnsni
uhesnsin
uhessinn
uhessinn
uhessnin
uhessnni
uhessnni
uhessnin
uhesisnn
uhesisnn
uhesinsn
uhesinns
uhesinns
uhesinsn
uhesnisn
uhesnins
uhesnsin
uhesnsni
uhesnnsi
uhesnnis
uhesnins
uhesnisn
uhesnnis
uhesnnsi
uhesnsni
uhesnsin
uheissnn
uheissnn
uheisnsn
uheisnns
uheisnns
uheisnsn
uheissnn
uheissnn
uheisnsn
uheisnns
uheisnns
uheisnsn
uheinssn
uheinsns
uheinssn
uheinsns
uheinnss
uheinnss
uheinsns
uheinssn
uheinnss
uheinnss
uheinsns
uheinssn
uhensisn
uhensins
uhenssin
uhenssni
uhensnsi
uhensnis
uhenissn
uhenisns
uhenissn
uhenisns
uheninss
uheninss
uhensisn
uhensins
uhenssin
uhenssni
uhensnsi
uhensnis
uhenniss
uhenniss
uhennsis
uhennssi
uhennssi
uhennsis
uhensins
uhensisn
uhensnis
uhensnsi
uhenssni
uhenssin
uhenisns
uhenissn
uheninss
uheninss
uhenisns
uhenissn
uhenniss
uhenniss
uhennsis
uhennssi
uhennssi
uhennsis
uhensins
uhensisn
uhensnis
uhensnsi
uhenssni
uhenssin
uinshsne
uinshsen
uinshnse
uinshnes
uinshens
uinshesn
uinsshne
uinsshen
uinssnhe
uinssneh
uinssenh
uinssehn
uinsnshe
uinsnseh
uinsnhse
uinsnhes
uinsnehs
uinsnesh
uinsesnh
uinseshn
uinsensh
uinsenhs
uinsehns
uinsehsn
uinhssne
uinhssen
uinhsnse
uinhsnes
uinhsens
uinhsesn
uinhssne
uinhssen
uinhsnse
uinhsnes
uinhsens
uinhsesn
uinhnsse
uinhnses
uinhnsse
uinhnses
uinhness
uinhness
uinhesns
uinhessn
uinhenss
uinhenss
uinhesns
uinhessn
uinshsne
uinshsen
uinshnse
uinshnes
uinshens
uinshesn
uinsshne
uinsshen
uinssnhe
uinssneh
uinssenh
uinssehn
uinsnshe
uinsnseh
uinsnhse
uinsnhes
uinsnehs
uinsnesh
uinsesnh
uinseshn
uinsensh
uinsenhs
uinsehns
uinsehsn
uinnhsse
uinnhses
uinnhsse
uinnhses
uinnhess
uinnhess
uinnshse
uinnshes
uinnsshe
uinnsseh
uinnsesh
uinnsehs
uinnsshe
uinnsseh
uinnshse
uinnshes
uinnsehs
uinnsesh
uinnessh
uinneshs
uinnessh
uinneshs
uinnehss
uinnehss
uinehsns
uinehssn
uinehnss
uinehnss
uinehsns
uinehssn
uineshns
uineshsn
uinesnhs
uinesnsh
uinessnh
uinesshn
uinenshs
uinenssh
uinenhss
uinenhss
uinenshs
uinenssh
uinessnh
uinesshn
uinesnsh
uinesnhs
uineshns
uineshsn
uisnhsne
uisnhsen
uisnhnse
uisnhnes
uisnhens
uisnhesn
uisnshne
uisnshen
uisnsnhe
uisnsneh
uisnsenh
uisnsehn
uisnnshe
uisnnseh
uisnnhse
uisnnhes
uisnnehs
uisnnesh
uisnesnh
uisneshn
uisnensh
uisnenhs
uisnehns
uisnehsn
uishnsne
uishnsen
uishnnse
uishnnes
uishnens
uishnesn
uishsnne
uishsnen
uishsnne
uishsnen
uishsenn
uishsenn
uishnsne
uishnsen
uishnnse
uishnnes
uishnens
uishnesn
uishesnn
uishesnn
uishensn
uishenns
uishenns
uishensn
uisshnne
uisshnen
uisshnne
uisshnen
uisshenn
uisshenn
uissnhne
uissnhen
uissnnhe
uissnneh
uissnenh
uissnehn
uissnnhe
uissnneh
uissnhne
uissnhen
uissnehn
uissnenh
uissennh
uissenhn
uissennh
uissenhn
uissehnn
uissehnn
uisnhsne
uisnhsen
uisnhnse
uisnhnes
uisnhens
uisnhesn
uisnshne
uisnshen
uisnsnhe
uisnsneh
uisnsenh
uisnsehn
uisnnshe
uisnnseh
uisnnhse
uisnnhes
uisnnehs
uisnnesh
uisnesnh
uisneshn
uisnensh
uisnenhs
uisnehns
uisnehsn
uisehsnn
uisehsnn
uisehnsn
uisehnns
uisehnns
uisehnsn
uiseshnn
uiseshnn
uisesnhn
uisesnnh
uisesnnh
uisesnhn
uisenshn
uisensnh
uisenhsn
uisenhns
uisennhs
uisennsh
uisensnh
uisenshn
uisennsh
uisennhs
uisenhns
uisenhsn
uihsnsne
uihsnsen
uihsnnse
uihsnnes
uihsnens
uihsnesn
uihssnne
uihssnen
uihssnne
uihssnen
uihssenn
uihssenn
uihsnsne
uihsnsen
uihsnnse
uihsnnes
uihsnens
uihsnesn
uihsesnn
uihsesnn
uihsensn
uihsenns
uihsenns
uihsensn
uihnssne
uihnssen
uihnsnse
uihnsnes
uihnsens
uihnsesn
uihnssne
uihnssen
uihnsnse
uihnsnes
uihnsens
uihnsesn
uihnnsse
uihnnses
uihnnsse
uihnnses
uihnness
uihnness
uihnesns
uihnessn
uihnenss
uihnenss
uihnesns
uihnessn
uihsnsne
uihsnsen
uihsnnse
uihsnnes
uihsnens
uihsnesn
uihssnne
uihssnen
uihssnne
uihssnen
uihssenn
uihssenn
uihsnsne
uihsnsen
uihsnnse
uihsnnes
uihsnens
uihsnesn
uihsesnn
uihsesnn
uihsensn
uihsenns
uihsenns
uihsensn
uihnnsse
uihnnses
uihnnsse
uihnnses
uihnness
uihnness
uihnsnse
uihnsnes
uihnssne
uihnssen
uihnsesn
uihnsens
uihnssne
uihnssen
uihnsnse
uihnsnes
uihnsens
uihnsesn
uihnessn
uihnesns
uihnessn
uihnesns
uihnenss
uihnenss
uihensns
uihenssn
uihennss
uihennss
uihensns
uihenssn
uihesnns
uihesnsn
uihesnns
uihesnsn
uihessnn
uihessnn
uihensns
uihenssn
uihennss
uihennss
uihensns
uihenssn
uihessnn
uihessnn
uihesnsn
uihesnns
uihesnns
uihesnsn
uisshnne
uisshnen
uisshnne
uisshnen
uisshenn
uisshenn
uissnhne
uissnhen
uissnnhe
uissnneh
uissnenh
uissnehn
uissnnhe
uissnneh
uissnhne
uissnhen
uissnehn
uissnenh
uissennh
uissenhn
uissennh
uissenhn
uissehnn
uissehnn
uishsnne
uishsnen
uishsnne
uishsnen
uishsenn
uishsenn
uishnsne
uishnsen
uishnnse
uishnnes
uishnens
uishnesn
uishnnse
uishnnes
uishnsne
uishnsen
uishnesn
uishnens
uishenns
uishensn
uishenns
uishensn
uishesnn
uishesnn
uisnhsne
uisnhsen
uisnhnse
uisnhnes
uisnhens
uisnhesn
uisnshne
uisnshen
uisnsnhe
uisnsneh
uisnsenh
uisnsehn
uisnnshe
uisnnseh
uisnnhse
uisnnhes
uisnnehs
uisnnesh
uisnesnh
uisneshn
uisnensh
uisnenhs
uisnehns
uisnehsn
uisnhnse
uisnhnes
uisnhsne
uisnhsen
uisnhesn
uisnhens
uisnnhse
uisnnhes
uisnnshe
uisnnseh
uisnnesh
uisnnehs
uisnsnhe
uisnsneh
uisnshne
uisnshen
uisnsehn
uisnsenh
uisnensh
uisnenhs
uisnesnh
uisneshn
uisnehsn
uisnehns
uisehnns
uisehnsn
uisehnns
uisehnsn
uisehsnn
uisehsnn
uisenhns
uisenhsn
uisennhs
uisennsh
uisensnh
uisenshn
uisennhs
uisennsh
uisenhns
uisenhsn
uisenshn
uisensnh
uisesnnh
uisesnhn
uisesnnh
uisesnhn
uiseshnn
uiseshnn
uinshsne
uinshsen
uinshnse
uinshnes
uinshens
uinshesn
uinsshne
uinsshen
uinssnhe
uinssneh
uinssenh
uinssehn
uinsnshe
uinsnseh
uinsnhse
uinsnhes
uinsnehs
uinsnesh
uinsesnh
uinseshn
uinsensh
uinsenhs
uinsehns
uinsehsn
uinhssne
uinhssen
uinhsnse
uinhsnes
uinhsens
uinhsesn
uinhssne
uinhssen
uinhsnse
uinhsnes
uinhsens
uinhsesn
uinhnsse
uinhnses
uinhnsse
uinhnses
uinhness
uinhness
uinhesns
uinhessn
uinhenss
uinhenss
uinhesns
uinhessn
uinshsne
uinshsen
uinshnse
uinshnes
uinshens
uinshesn
uinsshne
uinsshen
uinssnhe
uinssneh
uinssenh
uinssehn
uinsnshe
uinsnseh
uinsnhse
uinsnhes
uinsnehs
uinsnesh
uinsesnh
uinseshn
uinsensh
uinsenhs
uinsehns
uinsehsn
uinnhsse
uinnhses
uinnhsse
uinnhses
uinnhess
uinnhess
uinnshse
uinnshes
uinnsshe
uinnsseh
uinnsesh
uinnsehs
uinnsshe
uinnsseh
uinnshse
uinnshes
uinnsehs
uinnsesh
uinnessh
uinneshs
uinnessh
uinneshs
uinnehss
uinnehss
uinehsns
uinehssn
uinehnss
uinehnss
uinehsns
uinehssn
uineshns
uineshsn
uinesnhs
uinesnsh
uinessnh
uinesshn
uinenshs
uinenssh
uinenhss
uinenhss
uinenshs
uinenssh
uinessnh
uinesshn
uinesnsh
uinesnhs
uineshns
uineshsn
uieshsnn
uieshsnn
uieshnsn
uieshnns
uieshnns
uieshnsn
uiesshnn
uiesshnn
uiessnhn
uiessnnh
uiessnnh
uiessnhn
uiesnshn
uiesnsnh
uiesnhsn
uiesnhns
uiesnnhs
uiesnnsh
uiesnsnh
uiesnshn
uiesnnsh
uiesnnhs
uiesnhns
uiesnhsn
uiehssnn
uiehssnn
uiehsnsn
uiehsnns
uiehsnns
uiehsnsn
uiehssnn
uiehssnn
uiehsnsn
uiehsnns
uiehsnns
uiehsnsn
uiehnssn
uiehnsns
uiehnssn
uiehnsns
uiehnnss
uiehnnss
uiehnsns
uiehnssn
uiehnnss
uiehnnss
uiehnsns
uiehnssn
uieshsnn
uieshsnn
uieshnsn
uieshnns
uieshnns
uieshnsn
uiesshnn
uiesshnn
uiessnhn
uiessnnh
uiessnnh
uiessnhn
uiesnshn
uiesnsnh
uiesnhsn
uiesnhns
uiesnnhs
uiesnnsh
uiesnsnh
uiesnshn
uiesnnsh
uiesnnhs
uiesnhns
uiesnhsn
uienhssn
uienhsns
uienhssn
uienhsns
uienhnss
uienhnss
uienshsn
uienshns
uiensshn
uienssnh
uiensnsh
uiensnhs
uiensshn
uienssnh
uienshsn
uienshns
uiensnhs
uiensnsh
uiennssh
uiennshs
uiennssh
uiennshs
uiennhss
uiennhss
uienhsns
uienhssn
uienhnss
uienhnss
uienhsns
uienhssn
uienshns
uienshsn
uiensnhs
uiensnsh
uienssnh
uiensshn
uiennshs
uiennssh
uiennhss
uiennhss
uiennshs
uiennssh
uienssnh
uiensshn
uiensnsh
uiensnhs
uienshns
uienshsn
unnshise
unnshies
unnshsie
unnshsei
unnshesi
unnsheis
unnsihse
unnsihes
unnsishe
unnsiseh
unnsiesh
unnsiehs
unnssihe
unnssieh
unnsshie
unnsshei
unnssehi
unnsseih
unnseish
unnseihs
unnsesih
unnseshi
unnsehsi
unnsehis
unnhsise
unnhsies
unnhssie
unnhssei
unnhsesi
unnhseis
unnhisse
unnhises
unnhisse
unnhises
unnhiess
unnhiess
unnhsise
unnhsies
unnhssie
unnhssei
unnhsesi
unnhseis
unnheiss
unnheiss
unnhesis
unnhessi
unnhessi
unnhesis
unnihsse
unnihses
unnihsse
unnihses
unnihess
unnihess
unnishse
unnishes
unnisshe
unnisseh
unnisesh
unnisehs
unnisshe
unnisseh
unnishse
unnishes
unnisehs
unnisesh
unniessh
unnieshs
unniessh
unnieshs
unniehss
unniehss
unnshise
unnshies
unnshsie
unnshsei
unnshesi
unnsheis
unnsihse
unnsihes
unnsishe
unnsiseh
unnsiesh
unnsiehs
unnssihe
unnssieh
unnsshie
unnsshei
unnssehi
unnsseih
unnseish
unnseihs
unnsesih
unnseshi
unnsehsi
unnsehis
unnehiss
unnehiss
unnehsis
unnehssi
unnehssi
unnehsis
unneihss
unneihss
unneishs
unneissh
unneissh
unneishs
unnesihs
unnesish
unneshis
unneshsi
unnesshi
unnessih
unnesish
unnesihs
unnessih
unnesshi
unneshsi
unneshis
unsnhise
unsnhies
unsnhsie
unsnhsei
unsnhesi
unsnheis
unsnihse
unsnihes
unsnishe
unsniseh
unsniesh
unsniehs
unsnsihe
unsnsieh
unsnshie
unsnshei
unsnsehi
unsnseih
unsneish
unsneihs
unsnesih
unsneshi
unsnehsi
unsnehis
unshnise
unshnies
unshnsie
unshnsei
unshnesi
unshneis
unshinse
unshines
unshisne
unshisen
unshiesn
unshiens
unshsine
unshsien
unshsnie
unshsnei
unshseni
unshsein
unsheisn
unsheins
unshesin
unshesni
unshensi
unshenis
unsihnse
unsihnes
unsihsne
unsihsen
unsihesn
unsihens
unsinhse
unsinhes
unsinshe
unsinseh
unsinesh
unsinehs
unsisnhe
unsisneh
unsishne
unsishen
unsisehn
unsisenh
unsiensh
unsienhs
unsiesnh
unsieshn
unsiehsn
unsiehns
unsshine
unsshien
unsshnie
unsshnei
unssheni
unsshein
unssihne
unssihen
unssinhe
unssineh
unssienh
unssiehn
unssnihe
unssnieh
unssnhie
unssnhei
unssnehi
unssneih
unsseinh
unsseihn
unssenih
unssenhi
unssehni
unssehin
unsehisn
unsehins
unsehsin
unsehsni
unsehnsi
unsehnis
unseihsn
unseihns
unseishn
unseisnh
unseinsh
unseinhs
unsesihn
unsesinh
unseshin
unseshni
unsesnhi
unsesnih
unsenish
unsenihs
unsensih
unsenshi
unsenhsi
unsenhis
unhsnise
unhsnies
unhsnsie
unhsnsei
unhsnesi
unhsneis
unhsinse
unhsines
unhsisne
unhsisen
unhsiesn
unhsiens
unhssine
unhssien
unhssnie
unhssnei
unhsseni
unhssein
unhseisn
unhseins
unhsesin
unhsesni
unhsensi
unhsenis
unhnsise
unhnsies
unhnssie
unhnssei
unhnsesi
unhnseis
unhnisse
unhnises
unhnisse
unhnises
unhniess
unhniess
unhnsise
unhnsies
unhnssie
unhnssei
unhnsesi
unhnseis
unhneiss
unhneiss
unhnesis
unhnessi
unhnessi
unhnesis
unhinsse
unhinses
unhinsse
unhinses
unhiness
unhiness
unhisnse
unhisnes
unhissne
unhissen
unhisesn
unhisens
unhissne
unhissen
unhisnse
unhisnes
unhisens
unhisesn
unhiessn
unhiesns
unhiessn
unhiesns
unhienss
unhienss
unhsnise
unhsnies
unhsnsie
unhsnsei
unhsnesi
unhsneis
unhsinse
unhsines
unhsisne
unhsisen
unhsiesn
unhsiens
unhssine
unhssien
unhssnie
unhssnei
unhsseni
unhssein
unhseisn
unhseins
unhsesin
unhsesni
unhsensi
unhsenis
unheniss
unheniss
unhensis
unhenssi
unhenssi
unhensis
unheinss
unheinss
unheisns
unheissn
unheissn
unheisns
unhesins
unhesisn
unhesnis
unhesnsi
unhessni
unhessin
unhesisn
unhesins
unhessin
unhessni
unhesnsi
unhesnis
unishnse
unishnes
unishsne
unishsen
unishesn
unishens
unisnhse
unisnhes
unisnshe
unisnseh
unisnesh
unisnehs
unissnhe
unissneh
unisshne
unisshen
unissehn
unissenh
unisensh
unisenhs
unisesnh
uniseshn
unisehsn
unisehns
unihsnse
unihsnes
unihssne
unihssen
unihsesn
unihsens
unihnsse
unihnses
unihnsse
unihnses
unihness
unihness
unihsnse
unihsnes
unihssne
unihssen
unihsesn
unihsens
unihenss
unihenss
unihesns
unihessn
unihessn
unihesns
uninhsse
uninhses
uninhsse
uninhses
uninhess
uninhess
uninshse
uninshes
uninsshe
uninsseh
uninsesh
uninsehs
uninsshe
uninsseh
uninshse
uninshes
uninsehs
uninsesh
uninessh
unineshs
uninessh
unineshs
uninehss
uninehss
unishnse
unishnes
unishsne
unishsen
unishesn
unishens
unisnhse
unisnhes
unisnshe
unisnseh
unisnesh
unisnehs
unissnhe
unissneh
unisshne
unisshen
unissehn
unissenh
unisensh
unisenhs
unisesnh
uniseshn
unisehsn
unisehns
uniehnss
uniehnss
uniehsns
uniehssn
uniehssn
uniehsns
unienhss
unienhss
unienshs
unienssh
unienssh
unienshs
uniesnhs
uniesnsh
unieshns
unieshsn
uniesshn
uniessnh
uniesnsh
uniesnhs
uniessnh
uniesshn
unieshsn
unieshns
unsshine
unsshien
unsshnie
unsshnei
unssheni
unsshein
unssihne
unssihen
unssinhe
unssineh
unssienh
unssiehn
unssnihe
unssnieh
unssnhie
unssnhei
unssnehi
unssneih
unsseinh
unsseihn
unssenih
unssenhi
unssehni
unssehin
unshsine
unshsien
unshsnie
unshsnei
unshseni
unshsein
unshisne
unshisen
unshinse
unshines
unshiens
unshiesn
unshnise
unshnies
unshnsie
unshnsei
unshnesi
unshneis
unsheins
unsheisn
unshenis
unshensi
unshesni
unshesin
unsihsne
unsihsen
unsihnse
unsihnes
unsihens
unsihesn
unsishne
unsishen
unsisnhe
unsisneh
unsisenh
unsisehn
unsinshe
unsinseh
unsinhse
unsinhes
unsinehs
unsinesh
unsiesnh
unsieshn
unsiensh
unsienhs
unsiehns
unsiehsn
unsnhise
unsnhies
unsnhsie
unsnhsei
unsnhesi
unsnheis
unsnihse
unsnihes
unsnishe
unsniseh
unsniesh
unsniehs
unsnsihe
unsnsieh
unsnshie
unsnshei
unsnsehi
unsnseih
unsneish
unsneihs
unsnesih
unsneshi
unsnehsi
unsnehis
unsehins
unsehisn
unsehnis
unsehnsi
unsehsni
unsehsin
unseihns
unseihsn
unseinhs
unseinsh
unseisnh
unseishn
unsenihs
unsenish
unsenhis
unsenhsi
unsenshi
unsensih
unsesinh
unsesihn
unsesnih
unsesnhi
unseshni
unseshin
uneshisn
uneshins
uneshsin
uneshsni
uneshnsi
uneshnis
unesihsn
unesihns
unesishn
unesisnh
unesinsh
unesinhs
unessihn
unessinh
unesshin
unesshni
unessnhi
unessnih
unesnish
unesnihs
unesnsih
unesnshi
unesnhsi
unesnhis
unehsisn
unehsins
unehssin
unehssni
unehsnsi
unehsnis
unehissn
unehisns
unehissn
unehisns
unehinss
unehinss
unehsisn
unehsins
unehssin
unehssni
unehsnsi
unehsnis
unehniss
unehniss
unehnsis
unehnssi
unehnssi
unehnsis
uneihssn
uneihsns
uneihssn
uneihsns
uneihnss
uneihnss
uneishsn
uneishns
uneisshn
uneissnh
uneisnsh
uneisnhs
uneisshn
uneissnh
uneishsn
uneishns
uneisnhs
uneisnsh
uneinssh
uneinshs
uneinssh
uneinshs
uneinhss
uneinhss
uneshisn
uneshins
uneshsin
uneshsni
uneshnsi
uneshnis
unesihsn
unesihns
unesishn
unesisnh
unesinsh
unesinhs
unessihn
unessinh
unesshin
unesshni
unessnhi
unessnih
unesnish
unesnihs
unesnsih
unesnshi
unesnhsi
unesnhis
unenhiss
unenhiss
unenhsis
unenhssi
unenhssi
unenhsis
unenihss
unenihss
unenishs
unenissh
unenissh
unenishs
unensihs
unensish
unenshis
unenshsi
unensshi
unenssih
unensish
unensihs
unenssih
unensshi
unenshsi
unenshis
uenshins
uenshisn
uenshnis
uenshnsi
uenshsni
uenshsin
uensihns
uensihsn
uensinhs
uensinsh
uensisnh
uensishn
uensnihs
uensnish
uensnhis
uensnhsi
uensnshi
uensnsih
uenssinh
uenssihn
uenssnih
uenssnhi
uensshni
uensshin
uenhsins
uenhsisn
uenhsnis
uenhsnsi
uenhssni
uenhssin
uenhisns
uenhissn
uenhinss
uenhinss
uenhisns
uenhissn
uenhniss
uenhniss
uenhnsis
uenhnssi
uenhnssi
uenhnsis
uenhsins
uenhsisn
uenhsnis
uenhsnsi
uenhssni
uenhssin
uenihsns
uenihssn
uenihnss
uenihnss
uenihsns
uenihssn
uenishns
uenishsn
uenisnhs
uenisnsh
uenissnh
uenisshn
ueninshs
ueninssh
ueninhss
ueninhss
ueninshs
ueninssh
uenissnh
uenisshn
uenisnsh
uenisnhs
uenishns
uenishsn
uennhiss
uennhiss
uennhsis
uennhssi
uennhssi
uennhsis
uennihss
uennihss
uennishs
uennissh
uennissh
uennishs
uennsihs
uennsish
uennshis
uennshsi
uennsshi
uennssih
uennsish
uennsihs
uennssih
uennsshi
uennshsi
uennshis
uenshins
uenshisn
uenshnis
uenshnsi
uenshsni
uenshsin
uensihns
uensihsn
uensinhs
uensinsh
uensisnh
uensishn
uensnihs
uensnish
uensnhis
uensnhsi
uensnshi
uensnsih
uenssinh
uenssihn
uenssnih
uenssnhi
uensshni
uensshin
uesnhins
uesnhisn
uesnhnis
uesnhnsi
uesnhsni
uesnhsin
uesnihns
uesnihsn
uesninhs
uesninsh
uesnisnh
uesnishn
uesnnihs
uesnnish
uesnnhis
uesnnhsi
uesnnshi
uesnnsih
uesnsinh
uesnsihn
uesnsnih
uesnsnhi
uesnshni
uesnshin
ueshnins
ueshnisn
ueshnnis
ueshnnsi
ueshnsni
ueshnsin
ueshinns
ueshinsn
ueshinns
ueshinsn
ueshisnn
ueshisnn
ueshnins
ueshnisn
ueshnnis
ueshnnsi
ueshnsni
ueshnsin
ueshsinn
ueshsinn
ueshsnin
ueshsnni
ueshsnni
ueshsnin
uesihnns
uesihnsn
uesihnns
uesihnsn
uesihsnn
uesihsnn
uesinhns
uesinhsn
uesinnhs
uesinnsh
uesinsnh
uesinshn
uesinnhs
uesinnsh
uesinhns
uesinhsn
uesinshn
uesinsnh
uesisnnh
uesisnhn
uesisnnh
uesisnhn
uesishnn
uesishnn
uesnhins
uesnhisn
uesnhnis
uesnhnsi
uesnhsni
uesnhsin
uesnihns
uesnihsn
uesninhs
uesninsh
uesnisnh
uesnishn
uesnnihs
uesnnish
uesnnhis
uesnnhsi
uesnnshi
uesnnsih
uesnsinh
uesnsihn
uesnsnih
uesnsnhi
uesnshni
uesnshin
uesshinn
uesshinn
uesshnin
uesshnni
uesshnni
uesshnin
uessihnn
uessihnn
uessinhn
uessinnh
uessinnh
uessinhn
uessnihn
uessninh
uessnhin
uessnhni
uessnnhi
uessnnih
uessninh
uessnihn
uessnnih
uessnnhi
uessnhni
uessnhin
uehsnins
uehsnisn
uehsnnis
uehsnnsi
uehsnsni
uehsnsin
uehsinns
uehsinsn
uehsinns
uehsinsn
uehsisnn
uehsisnn
uehsnins
uehsnisn
uehsnnis
uehsnnsi
uehsnsni
uehsnsin
uehssinn
uehssinn
uehssnin
uehssnni
uehssnni
uehssnin
uehnsins
uehnsisn
uehnsnis
uehnsnsi
uehnssni
uehnssin
uehnisns
uehnissn
uehninss
uehninss
uehnisns
uehnissn
uehnniss
uehnniss
uehnnsis
uehnnssi
uehnnssi
uehnnsis
uehnsins
uehnsisn
uehnsnis
uehnsnsi
uehnssni
uehnssin
uehinsns
uehinssn
uehinnss
uehinnss
uehinsns
uehinssn
uehisnns
uehisnsn
uehisnns
uehisnsn
uehissnn
uehissnn
uehinsns
uehinssn
uehinnss
uehinnss
uehinsns
uehinssn
uehissnn
uehissnn
uehisnsn
uehisnns
uehisnns
uehisnsn
uehnniss
uehnniss
uehnnsis
uehnnssi
uehnnssi
uehnnsis
uehninss
uehninss
uehnisns
uehnissn
uehnissn
uehnisns
uehnsins
uehnsisn
uehnsnis
uehnsnsi
uehnssni
uehnssin
uehnsisn
uehnsins
uehnssin
uehnssni
uehnsnsi
uehnsnis
uehsnins
uehsnisn
uehsnnis
uehsnnsi
uehsnsni
uehsnsin
uehsinns
uehsinsn
uehsinns
uehsinsn
uehsisnn
uehsisnn
uehsnins
uehsnisn
uehsnnis
uehsnnsi
uehsnsni
uehsnsin
uehssinn
uehssinn
uehssnin
uehssnni
uehssnni
uehssnin
ueishnns
ueishnsn
ueishnns
ueishnsn
ueishsnn
ueishsnn
ueisnhns
ueisnhsn
ueisnnhs
ueisnnsh
ueisnsnh
ueisnshn
ueisnnhs
ueisnnsh
ueisnhns
ueisnhsn
ueisnshn
ueisnsnh
ueissnnh
ueissnhn
ueissnnh
ueissnhn
ueisshnn
ueisshnn
ueihsnns
ueihsnsn
ueihsnns
ueihsnsn
ueihssnn
ueihssnn
ueihnsns
ueihnssn
ueihnnss
ueihnnss
ueihnsns
ueihnssn
ueihnnss
ueihnnss
ueihnsns
ueihnssn
ueihnssn
ueihnsns
ueihsnns
ueihsnsn
ueihsnns
ueihsnsn
ueihssnn
ueihssnn
ueinhsns
ueinhssn
ueinhnss
ueinhnss
ueinhsns
ueinhssn
ueinshns
ueinshsn
ueinsnhs
ueinsnsh
ueinssnh
ueinsshn
ueinnshs
ueinnssh
ueinnhss
ueinnhss
ueinnshs
ueinnssh
ueinssnh
ueinsshn
ueinsnsh
ueinsnhs
ueinshns
ueinshsn
ueinhnss
ueinhnss
ueinhsns
ueinhssn
ueinhssn
ueinhsns
ueinnhss
ueinnhss
ueinnshs
ueinnssh
ueinnssh
ueinnshs
ueinsnhs
ueinsnsh
ueinshns
ueinshsn
ueinsshn
ueinssnh
ueinsnsh
ueinsnhs
ueinssnh
ueinsshn
ueinshsn
ueinshns
ueishnns
ueishnsn
ueishnns
ueishnsn
ueishsnn
ueishsnn
ueisnhns
ueisnhsn
ueisnnhs
ueisnnsh
ueisnsnh
ueisnshn
ueisnnhs
ueisnnsh
ueisnhns
ueisnhsn
ueisnshn
ueisnsnh
ueissnnh
ueissnhn
ueissnnh
ueissnhn
ueisshnn
ueisshnn
uenshins
uenshisn
uenshnis
uenshnsi
uenshsni
uenshsin
uensihns
uensihsn
uensinhs
uensinsh
uensisnh
uensishn
uensnihs
uensnish
uensnhis
uensnhsi
uensnshi
uensnsih
uenssinh
uenssihn
uenssnih
uenssnhi
uensshni
uensshin
uenhsins
uenhsisn
uenhsnis
uenhsnsi
uenhssni
uenhssin
uenhisns
uenhissn
uenhinss
uenhinss
uenhisns
uenhissn
uenhniss
uenhniss
uenhnsis
uenhnssi
uenhnssi
uenhnsis
uenhsins
uenhsisn
uenhsnis
uenhsnsi
uenhssni
uenhssin
uenihsns
uenihssn
uenihnss
uenihnss
uenihsns
uenihssn
uenishns
uenishsn
uenisnhs
uenisnsh
uenissnh
uenisshn
ueninshs
ueninssh
ueninhss
ueninhss
ueninshs
ueninssh
uenissnh
uenisshn
uenisnsh
uenisnhs
uenishns
uenishsn
uennhiss
uennhiss
uennhsis
uennhssi
uennhssi
uennhsis
uennihss
uennihss
uennishs
uennissh
uennissh
uennishs
uennsihs
uennsish
uennshis
uennshsi
uennsshi
uennssih
uennsish
uennsihs
uennssih
uennsshi
uennshsi
uennshis
uenshins
uenshisn
uenshnis
uenshnsi
uenshsni
uenshsin
uensihns
uensihsn
uensinhs
uensinsh
uensisnh
uensishn
uensnihs
uensnish
uensnhis
uensnhsi
uensnshi
uensnsih
uenssinh
uenssihn
uenssnih
uenssnhi
uensshni
uensshin
uesshinn
uesshinn
uesshnin
uesshnni
uesshnni
uesshnin
uessihnn
uessihnn
uessinhn
uessinnh
uessinnh
uessinhn
uessnihn
uessninh
uessnhin
uessnhni
uessnnhi
uessnnih
uessninh
uessnihn
uessnnih
uessnnhi
uessnhni
uessnhin
ueshsinn
ueshsinn
ueshsnin
ueshsnni
ueshsnni
ueshsnin
ueshisnn
ueshisnn
ueshinsn
ueshinns
ueshinns
ueshinsn
ueshnisn
ueshnins
ueshnsin
ueshnsni
ueshnnsi
ueshnnis
ueshnins
ueshnisn
ueshnnis
ueshnnsi
ueshnsni
ueshnsin
uesihsnn
uesihsnn
uesihnsn
uesihnns
uesihnns
uesihnsn
uesishnn
uesishnn
uesisnhn
uesisnnh
uesisnnh
uesisnhn
uesinshn
uesinsnh
uesinhsn
uesinhns
uesinnhs
uesinnsh
uesinsnh
uesinshn
uesinnsh
uesinnhs
uesinhns
uesinhsn
uesnhisn
uesnhins
uesnhsin
uesnhsni
uesnhnsi
uesnhnis
uesnihsn
uesnihns
uesnishn
uesnisnh
uesninsh
uesninhs
uesnsihn
uesnsinh
uesnshin
uesnshni
uesnsnhi
uesnsnih
uesnnish
uesnnihs
uesnnsih
uesnnshi
uesnnhsi
uesnnhis
uesnhins
uesnhisn
uesnhnis
uesnhnsi
uesnhsni
uesnhsin
uesnihns
uesnihsn
uesninhs
uesninsh
uesnisnh
uesnishn
uesnnihs
uesnnish
uesnnhis
uesnnhsi
uesnnshi
uesnnsih
uesnsinh
uesnsihn
uesnsnih
uesnsnhi
uesnshni
uesnshin
nusshine
nusshien
nusshnie
nusshnei
nussheni
nusshein
nussihne
nussihen
nussinhe
nussineh
nussienh
nussiehn
nussnihe
nussnieh
nussnhie
nussnhei
nussnehi
nussneih
nusseinh
nusseihn
nussenih
nussenhi
nussehni
nussehin
nushsine
nushsien
nushsnie
nushsnei
nushseni
nushsein
nushisne
nushisen
nushinse
nushines
nushiens
nushiesn
nushnise
nushnies
nushnsie
nushnsei
nushnesi
nushneis
nusheins
nusheisn
nushenis
nushensi
nushesni
nushesin
nusihsne
nusihsen
nusihnse
nusihnes
nusihens
nusihesn
nusishne
nusishen
nusisnhe
nusisneh
nusisenh
nusisehn
nusinshe
nusinseh
nusinhse
nusinhes
nusinehs
nusinesh
nusiesnh
nusieshn
nusiensh
nusienhs
nusiehns
nusiehsn
nusnhise
nusnhies
nusnhsie
nusnhsei
nusnhesi
nusnheis
nusnihse
nusnihes
nusnishe
nusniseh
nusniesh
nusniehs
nusnsihe
nusnsieh
nusnshie
nusnshei
nusnsehi
nusnseih
nusneish
nusneihs
nusnesih
nusneshi
nusnehsi
nusnehis
nusehins
nusehisn
nusehnis
nusehnsi
nusehsni
nusehsin
nuseihns
nuseihsn
nuseinhs
nuseinsh
nuseisnh
nuseishn
nusenihs
nusenish
nusenhis
nusenhsi
nusenshi
nusensih
nusesinh
nusesihn
nusesnih
nusesnhi
nuseshni
nuseshin
nusshine
nusshien
nusshnie
nusshnei
nussheni
nusshein
nussihne
nussihen
nussinhe
nussineh
nussienh
nussiehn
nussnihe
nussnieh
nussnhie
nussnhei
nussnehi
nussneih
nusseinh
nusseihn
nussenih
nussenhi
nussehni
nussehin
nushsine
nushsien
nushsnie
nushsnei
nushseni
nushsein
nushisne
nushisen
nushinse
nushines
nushiens
nushiesn
nushnise
nushnies
nushnsie
nushnsei
nushnesi
nushneis
nusheins
nusheisn
nushenis
nushensi
nushesni
nushesin
nusihsne
nusihsen
nusihnse
nusihnes
nusihens
nusihesn
nusishne
nusishen
nusisnhe
nusisneh
nusisenh
nusisehn
nusinshe
nusinseh
nusinhse
nusinhes
nusinehs
nusinesh
nusiesnh
nusieshn
nusiensh
nusienhs
nusiehns
nusiehsn
nusnhise
nusnhies
nusnhsie
nusnhsei
nusnhesi
nusnheis
nusnihse
nusnihes
nusnishe
nusniseh
nusniesh
nusniehs
nusnsihe
nusnsieh
nusnshie
nusnshei
nusnsehi
nusnseih
nusneish
nusneihs
nusnesih
nusneshi
nusnehsi
nusnehis
nusehins
nusehisn
nusehnis
nusehnsi
nusehsni
nusehsin
nuseihns
nuseihsn
nuseinhs
nuseinsh
nuseisnh
nuseishn
nusenihs
nusenish
nusenhis
nusenhsi
nusenshi
nusensih
nusesinh
nusesihn
nusesnih
nusesnhi
nuseshni
nuseshin
nuhssine
nuhssien
nuhssnie
nuhssnei
nuhsseni
nuhssein
nuhsisne
nuhsisen
nuhsinse
nuhsines
nuhsiens
nuhsiesn
nuhsnise
nuhsnies
nuhsnsie
nuhsnsei
nuhsnesi
nuhsneis
nuhseins
nuhseisn
nuhsenis
nuhsensi
nuhsesni
nuhsesin
nuhssine
nuhssien
nuhssnie
nuhssnei
nuhsseni
nuhssein
nuhsisne
nuhsisen
nuhsinse
nuhsines
nuhsiens
nuhsiesn
nuhsnise
nuhsnies
nuhsnsie
nuhsnsei
nuhsnesi
nuhsneis
nuhseins
nuhseisn
nuhsenis
nuhsensi
nuhsesni
nuhsesin
nuhissne
nuhissen
nuhisnse
nuhisnes
nuhisens
nuhisesn
nuhissne
nuhissen
nuhisnse
nuhisnes
nuhisens
nuhisesn
nuhinsse
nuhinses
nuhinsse
nuhinses
nuhiness
nuhiness
nuhiesns
nuhiessn
nuhienss
nuhienss
nuhiesns
nuhiessn
nuhnsise
nuhnsies
nuhnssie
nuhnssei
nuhnsesi
nuhnseis
nuhnisse
nuhnises
nuhnisse
nuhnises
nuhniess
nuhniess
nuhnsise
nuhnsies
nuhnssie
nuhnssei
nuhnsesi
nuhnseis
nuhneiss
nuhneiss
nuhnesis
nuhnessi
nuhnessi
nuhnesis
nuhesins
nuhesisn
nuhesnis
nuhesnsi
nuhessni
nuhessin
nuheisns
nuheissn
nuheinss
nuheinss
nuheisns
nuheissn
nuheniss
nuheniss
nuhensis
nuhenssi
nuhenssi
nuhensis
nuhesins
nuhesisn
nuhesnis
nuhesnsi
nuhessni
nuhessin
nuishsne
nuishsen
nuishnse
nuishnes
nuishens
nuishesn
nuisshne
nuisshen
nuissnhe
nuissneh
nuissenh
nuissehn
nuisnshe
nuisnseh
nuisnhse
nuisnhes
nuisnehs
nuisnesh
nuisesnh
nuiseshn
nuisensh
nuisenhs
nuisehns
nuisehsn
nuihssne
nuihssen
nuihsnse
nuihsnes
nuihsens
nuihsesn
nuihssne
nuihssen
nuihsnse
nuihsnes
nuihsens
nuihsesn
nuihnsse
nuihnses
nuihnsse
nuihnses
nuihness
nuihness
nuihesns
nuihessn
nuihenss
nuihenss
nuihesns
nuihessn
nuishsne
nuishsen
nuishnse
nuishnes
nuishens
nuishesn
nuisshne
nuisshen
nuissnhe
nuissneh
nuissenh
nuissehn
nuisnshe
nuisnseh
nuisnhse
nuisnhes
nuisnehs
nuisnesh
nuisesnh
nuiseshn
nuisensh
nuisenhs
nuisehns
nuisehsn
nuinhsse
nuinhses
nuinhsse
nuinhses
nuinhess
nuinhess
nuinshse
nuinshes
nuinsshe
nuinsseh
nuinsesh
nuinsehs
nuinsshe
nuinsseh
nuinshse
nuinshes
nuinsehs
nuinsesh
nuinessh
nuineshs
nuinessh
nuineshs
nuinehss
nuinehss
nuiehsns
nuiehssn
nuiehnss
nuiehnss
nuiehsns
nuiehssn
nuieshns
nuieshsn
nuiesnhs
nuiesnsh
nuiessnh
nuiesshn
nuienshs
nuienssh
nuienhss
nuienhss
nuienshs
nuienssh
nuiessnh
nuiesshn
nuiesnsh
nuiesnhs
nuieshns
nuieshsn
nunshise
nunshies
nunshsie
nunshsei
nunshesi
nunsheis
nunsihse
nunsihes
nunsishe
nunsiseh
nunsiesh
nunsiehs
nunssihe
nunssieh
nunsshie
nunsshei
nunssehi
nunsseih
nunseish
nunseihs
nunsesih
nunseshi
nunsehsi
nunsehis
nunhsise
nunhsies
nunhssie
nunhssei
nunhsesi
nunhseis
nunhisse
nunhises
nunhisse
nunhises
nunhiess
nunhiess
nunhsise
nunhsies
nunhssie
nunhssei
nunhsesi
nunhseis
nunheiss
nunheiss
nunhesis
nunhessi
nunhessi
nunhesis
nunihsse
nunihses
nunihsse
nunihses
nunihess
nunihess
nunishse
nunishes
nunisshe
nunisseh
nunisesh
nunisehs
nunisshe
nunisseh
nunishse
nunishes
nunisehs
nunisesh
nuniessh
nunieshs
nuniessh
nunieshs
nuniehss
nuniehss
nunshise
nunshies
nunshsie
nunshsei
nunshesi
nunsheis
nunsihse
nunsihes
nunsishe
nunsiseh
nunsiesh
nunsiehs
nunssihe
nunssieh
nunsshie
nunsshei
nunssehi
nunsseih
nunseish
nunseihs
nunsesih
nunseshi
nunsehsi
nunsehis
nunehiss
nunehiss
nunehsis
nunehssi
nunehssi
nunehsis
nuneihss
nuneihss
nuneishs
nuneissh
nuneissh
nuneishs
nunesihs
nunesish
nuneshis
nuneshsi
nunesshi
nunessih
nunesish
nunesihs
nunessih
nunesshi
nuneshsi
nuneshis
nueshins
nueshisn
nueshnis
nueshnsi
nueshsni
nueshsin
nuesihns
nuesihsn
nuesinhs
nuesinsh
nuesisnh
nuesishn
nuesnihs
nuesnish
nuesnhis
nuesnhsi
nuesnshi
nuesnsih
nuessinh
nuessihn
nuessnih
nuessnhi
nuesshni
nuesshin
nuehsins
nuehsisn
nuehsnis
nuehsnsi
nuehssni
nuehssin
nuehisns
nuehissn
nuehinss
nuehinss
nuehisns
nuehissn
nuehniss
nuehniss
nuehnsis
nuehnssi
nuehnssi
nuehnsis
nuehsins
nuehsisn
nuehsnis
nuehsnsi
nuehssni
nuehssin
nueihsns
nueihssn
nueihnss
nueihnss
nueihsns
nueihssn
nueishns
nueishsn
nueisnhs
nueisnsh
nueissnh
nueisshn
nueinshs
nueinssh
nueinhss
nueinhss
nueinshs
nueinssh
nueissnh
nueisshn
nueisnsh
nueisnhs
nueishns
nueishsn
nuenhiss
nuenhiss
nuenhsis
nuenhssi
nuenhssi
nuenhsis
nuenihss
nuenihss
nuenishs
nuenissh
nuenissh
nuenishs
nuensihs
nuensish
nuenshis
nuenshsi
nuensshi
nuenssih
nuensish
nuensihs
nuenssih
nuensshi
nuenshsi
nuenshis
nueshins
nueshisn
nueshnis
nueshnsi
nueshsni
nueshsin
nuesihns
nuesihsn
nuesinhs
nuesinsh
nuesisnh
nuesishn
nuesnihs
nuesnish
nuesnhis
nuesnhsi
nuesnshi
nuesnsih
nuessinh
nuessihn
nuessnih
nuessnhi
nuesshni
nuesshin
nsushine
nsushien
nsushnie
nsushnei
nsusheni
nsushein
nsusihne
nsusihen
nsusinhe
nsusineh
nsusienh
nsusiehn
nsusnihe
nsusnieh
nsusnhie
nsusnhei
nsusnehi
nsusneih
nsuseinh
nsuseihn
nsusenih
nsusenhi
nsusehni
nsusehin
nsuhsine
nsuhsien
nsuhsnie
nsuhsnei
nsuhseni
nsuhsein
nsuhisne
nsuhisen
nsuhinse
nsuhines
nsuhiens
nsuhiesn
nsuhnise
nsuhnies
nsuhnsie
nsuhnsei
nsuhnesi
nsuhneis
nsuheins
nsuheisn
nsuhenis
nsuhensi
nsuhesni
nsuhesin
nsuihsne
nsuihsen
nsuihnse
nsuihnes
nsuihens
nsuihesn
nsuishne
nsuishen
nsuisnhe
nsuisneh
nsuisenh
nsuisehn
nsuinshe
nsuinseh
nsuinhse
nsuinhes
nsuinehs
nsuinesh
nsuiesnh
nsuieshn
nsuiensh
nsuienhs
nsuiehns
nsuiehsn
nsunhise
nsunhies
nsunhsie
nsunhsei
nsunhesi
nsunheis
nsunihse
nsunihes
nsunishe
nsuniseh
nsuniesh
nsuniehs
nsunsihe
nsunsieh
nsunshie
nsunshei
nsunsehi
nsunseih
nsuneish
nsuneihs
nsunesih
nsuneshi
nsunehsi
nsunehis
nsuehins
nsuehisn
nsuehnis
nsuehnsi
nsuehsni
nsuehsin
nsueihns
nsueihsn
nsueinhs
nsueinsh
nsueisnh
nsueishn
nsuenihs
nsuenish
nsuenhis
nsuenhsi
nsuenshi
nsuensih
nsuesinh
nsuesihn
nsuesnih
nsuesnhi
nsueshni
nsueshin
nssuhine
nssuhien
nssuhnie
nssuhnei
nssuheni
nssuhein
nssuihne
nssuihen
nssuinhe
nssuineh
nssuienh
nssuiehn
nssunihe
nssunieh
nssunhie
nssunhei
nssunehi
nssuneih
nssueinh
nssueihn
nssuenih
nssuenhi
nssuehni
nssuehin
nsshuine
nsshuien
nsshunie
nsshunei
nsshueni
nsshuein
nsshiune
nsshiuen
nsshinue
nsshineu
nsshienu
nsshieun
nsshniue
nsshnieu
nsshnuie
nsshnuei
nsshneui
nsshneiu
nssheinu
nssheiun
nssheniu
nsshenui
nssheuni
nssheuin
nssihune
nssihuen
nssihnue
nssihneu
nssihenu
nssiheun
nssiuhne
nssiuhen
nssiunhe
nssiuneh
nssiuenh
nssiuehn
nssinuhe
nssinueh
nssinhue
nssinheu
nssinehu
nssineuh
nssieunh
nssieuhn
nssienuh
nssienhu
nssiehnu
nssiehun
nssnhiue
nssnhieu
nssnhuie
nssnhuei
nssnheui
nssnheiu
nssnihue
nssniheu
nssniuhe
nssniueh
nssnieuh
nssniehu
nssnuihe
nssnuieh
nssnuhie
nssnuhei
nssnuehi
nssnueih
nssneiuh
nssneihu
nssneuih
nssneuhi
nssnehui
nssnehiu
nssehinu
nssehiun
nssehniu
nssehnui
nssehuni
nssehuin
nsseihnu
nsseihun
nsseinhu
nsseinuh
nsseiunh
nsseiuhn
nssenihu
nsseniuh
nssenhiu
nssenhui
nssenuhi
nssenuih
nsseuinh
nsseuihn
nsseunih
nsseunhi
nsseuhni
nsseuhin
nshsuine
nshsuien
nshsunie
nshsunei
nshsueni
nshsuein
nshsiune
nshsiuen
nshsinue
nshsineu
nshsienu
nshsieun
nshsniue
nshsnieu
nshsnuie
nshsnuei
nshsneui
nshsneiu
nshseinu
nshseiun
nshseniu
nshsenui
nshseuni
nshseuin
nshusine
nshusien
nshusnie
nshusnei
nshuseni
nshusein
nshuisne
nshuisen
nshuinse
nshuines
nshuiens
nshuiesn
nshunise
nshunies
nshunsie
nshunsei
nshunesi
nshuneis
nshueins
nshueisn
nshuenis
nshuensi
nshuesni
nshuesin
nshiusne
nshiusen
nshiunse
nshiunes
nshiuens
nshiuesn
nshisune
nshisuen
nshisnue
nshisneu
nshisenu
nshiseun
nshinsue
nshinseu
nshinuse
nshinues
nshineus
nshinesu
nshiesnu
nshiesun
nshiensu
nshienus
nshieuns
nshieusn
nshnuise
nshnuies
nshnusie
nshnusei
nshnuesi
nshnueis
nshniuse
nshniues
nshnisue
nshniseu
nshniesu
nshnieus
nshnsiue
nshnsieu
nshnsuie
nshnsuei
nshnseui
nshnseiu
nshneisu
nshneius
nshnesiu
nshnesui
nshneusi
nshneuis
nsheuins
nsheuisn
nsheunis
nsheunsi
nsheusni
nsheusin
nsheiuns
nsheiusn
nsheinus
nsheinsu
nsheisnu
nsheisun
nshenius
nshenisu
nshenuis
nshenusi
nshensui
nshensiu
nshesinu
nshesiun
nshesniu
nshesnui
nshesuni
nshesuin
nsishune
nsishuen
nsishnue
nsishneu
nsishenu
nsisheun
nsisuhne
nsisuhen
nsisunhe
nsisuneh
nsisuenh
nsisuehn
nsisnuhe
nsisnueh
nsisnhue
nsisnheu
nsisnehu
nsisneuh
nsiseunh
nsiseuhn
nsisenuh
nsisenhu
nsisehnu
nsisehun
nsihsune
nsihsuen
nsihsnue
nsihsneu
nsihsenu
nsihseun
nsihusne
nsihusen
nsihunse
nsihunes
nsihuens
nsihuesn
nsihnuse
nsihnues
nsihnsue
nsihnseu
nsihnesu
nsihneus
nsiheuns
nsiheusn
nsihenus
nsihensu
nsihesnu
nsihesun
nsiuhsne
nsiuhsen
nsiuhnse
nsiuhnes
nsiuhens
nsiuhesn
nsiushne
nsiushen
nsiusnhe
nsiusneh
nsiusenh
nsiusehn
nsiunshe
nsiunseh
nsiunhse
nsiunhes
nsiunehs
nsiunesh
nsiuesnh
nsiueshn
nsiuensh
nsiuenhs
nsiuehns
nsiuehsn
nsinhuse
nsinhues
nsinhsue
nsinhseu
nsinhesu
nsinheus
nsinuhse
nsinuhes
nsinushe
nsinuseh
nsinuesh
nsinuehs
nsinsuhe
nsinsueh
nsinshue
nsinsheu
nsinsehu
nsinseuh
nsineush
nsineuhs
nsinesuh
nsineshu
nsinehsu
nsinehus
nsiehuns
nsiehusn
nsiehnus
nsiehnsu
nsiehsnu
nsiehsun
nsieuhns
nsieuhsn
nsieunhs
nsieunsh
nsieusnh
nsieushn
nsienuhs
nsienush
nsienhus
nsienhsu
nsienshu
nsiensuh
nsiesunh
nsiesuhn
nsiesnuh
nsiesnhu
nsieshnu
nsieshun
nsnshiue
nsnshieu
nsnshuie
nsnshuei
nsnsheui
nsnsheiu
nsnsihue
nsnsiheu
nsnsiuhe
nsnsiueh
nsnsieuh
nsnsiehu
nsnsuihe
nsnsuieh
nsnsuhie
nsnsuhei
nsnsuehi
nsnsueih
nsnseiuh
nsnseihu
nsnseuih
nsnseuhi
nsnsehui
nsnsehiu
nsnhsiue
nsnhsieu
nsnhsuie
nsnhsuei
nsnhseui
nsnhseiu
nsnhisue
nsnhiseu
nsnhiuse
nsnhiues
nsnhieus
nsnhiesu
nsnhuise
nsnhuies
nsnhusie
nsnhusei
nsnhuesi
nsnhueis
nsnheius
nsnheisu
nsnheuis
nsnheusi
nsnhesui
nsnhesiu
nsnihsue
nsnihseu
nsnihuse
nsnihues
nsniheus
nsnihesu
nsnishue
nsnisheu
nsnisuhe
nsnisueh
nsniseuh
nsnisehu
nsniushe
nsniuseh
nsniuhse
nsniuhes
nsniuehs
nsniuesh
nsniesuh
nsnieshu
nsnieush
nsnieuhs
nsniehus
nsniehsu
nsnuhise
nsnuhies
nsnuhsie
nsnuhsei
nsnuhesi
nsnuheis
nsnuihse
nsnuihes
nsnuishe
nsnuiseh
nsnuiesh
nsnuiehs
nsnusihe
nsnusieh
nsnushie
nsnushei
nsnusehi
nsnuseih
nsnueish
nsnueihs
nsnuesih
nsnueshi
nsnuehsi
nsnuehis
nsnehius
nsnehisu
nsnehuis
nsnehusi
nsnehsui
nsnehsiu
nsneihus
nsneihsu
nsneiuhs
nsneiush
nsneisuh
nsneishu
nsneuihs
nsneuish
nsneuhis
nsneuhsi
nsneushi
nsneusih
nsnesiuh
nsnesihu
nsnesuih
nsnesuhi
nsneshui
nsneshiu
nseshinu
nseshiun
nseshniu
nseshnui
nseshuni
nseshuin
nsesihnu
nsesihun
nsesinhu
nsesinuh
nsesiunh
nsesiuhn
nsesnihu
nsesniuh
nsesnhiu
nsesnhui
nsesnuhi
nsesnuih
nsesuinh
nsesuihn
nsesunih
nsesunhi
nsesuhni
nsesuhin
nsehsinu
nsehsiun
nsehsniu
nsehsnui
nsehsuni
nsehsuin
nsehisnu
nsehisun
nsehinsu
nsehinus
nsehiuns
nsehiusn
nsehnisu
nsehnius
nsehnsiu
nsehnsui
nsehnusi
nsehnuis
nsehuins
nsehuisn
nsehunis
nsehunsi
nsehusni
nsehusin
nseihsnu
nseihsun
nseihnsu
nseihnus
nseihuns
nseihusn
nseishnu
nseishun
nseisnhu
nseisnuh
nseisunh
nseisuhn
nseinshu
nseinsuh
nseinhsu
nseinhus
nseinuhs
nseinush
nseiusnh
nseiushn
nseiunsh
nseiunhs
nseiuhns
nseiuhsn
nsenhisu
nsenhius
nsenhsiu
nsenhsui
nsenhusi
nsenhuis
nsenihsu
nsenihus
nsenishu
nsenisuh
nseniush
nseniuhs
nsensihu
nsensiuh
nsenshiu
nsenshui
nsensuhi
nsensuih
nsenuish
nsenuihs
nsenusih
nsenushi
nsenuhsi
nsenuhis
nseuhins
nseuhisn
nseuhnis
nseuhnsi
nseuhsni
nseuhsin
nseuihns
nseuihsn
nseuinhs
nseuinsh
nseuisnh
nseuishn
nseunihs
nseunish
nseunhis
nseunhsi
nseunshi
nseunsih
nseusinh
nseusihn
nseusnih
nseusnhi
nseushni
nseushin
nssuhine
nssuhien
nssuhnie
nssuhnei
nssuheni
nssuhein
nssuihne
nssuihen
nssuinhe
nssuineh
nssuienh
nssuiehn
nssunihe
nssunieh
nssunhie
nssunhei
nssunehi
nssuneih
nssueinh
nssueihn
nssuenih
nssuenhi
nssuehni
nssuehin
nsshuine
nsshuien
nsshunie
nsshunei
nsshueni
nsshuein
nsshiune
nsshiuen
nsshinue
nsshineu
nsshienu
nsshieun
nsshniue
nsshnieu
nsshnuie
nsshnuei
nsshneui
nsshneiu
nssheinu
nssheiun
nssheniu
nsshenui
nssheuni
nssheuin
nssihune
nssihuen
nssihnue
nssihneu
nssihenu
nssiheun
nssiuhne
nssiuhen
nssiunhe
nssiuneh
nssiuenh
nssiuehn
nssinuhe
nssinueh
nssinhue
nssinheu
nssinehu
nssineuh
nssieunh
nssieuhn
nssienuh
nssienhu
nssiehnu
nssiehun
nssnhiue
nssnhieu
nssnhuie
nssnhuei
nssnheui
nssnheiu
nssnihue
nssniheu
nssniuhe
nssniueh
nssnieuh
nssniehu
nssnuihe
nssnuieh
nssnuhie
nssnuhei
nssnuehi
nssnueih
nssneiuh
nssneihu
nssneuih
nssneuhi
nssnehui
nssnehiu
nssehinu
nssehiun
nssehniu
nssehnui
nssehuni
nssehuin
nsseihnu
nsseihun
nsseinhu
nsseinuh
nsseiunh
nsseiuhn
nssenihu
nsseniuh
nssenhiu
nssenhui
nssenuhi
nssenuih
nsseuinh
nsseuihn
nsseunih
nsseunhi
nsseuhni
nsseuhin
nsushine
nsushien
nsushnie
nsushnei
nsusheni
nsushein
nsusihne
nsusihen
nsusinhe
nsusineh
nsusienh
nsusiehn
nsusnihe
nsusnieh
nsusnhie
nsusnhei
nsusnehi
nsusneih
nsuseinh
nsuseihn
nsusenih
nsusenhi
nsusehni
nsusehin
nsuhsine
nsuhsien
nsuhsnie
nsuhsnei
nsuhseni
nsuhsein
nsuhisne
nsuhisen
nsuhinse
nsuhines
nsuhiens
nsuhiesn
nsuhnise
nsuhnies
nsuhnsie
nsuhnsei
nsuhnesi
nsuhneis
nsuheins
nsuheisn
nsuhenis
nsuhensi
nsuhesni
nsuhesin
nsuihsne
nsuihsen
nsuihnse
nsuihnes
nsuihens
nsuihesn
nsuishne
nsuishen
nsuisnhe
nsuisneh
nsuisenh
nsuisehn
nsuinshe
nsuinseh
nsuinhse
nsuinhes
nsuinehs
nsuinesh
nsuiesnh
nsuieshn
nsuiensh
nsuienhs
nsuiehns
nsuiehsn
nsunhise
nsunhies
nsunhsie
nsunhsei
nsunhesi
nsunheis
nsunihse
nsunihes
nsunishe
nsuniseh
nsuniesh
nsuniehs
nsunsihe
nsunsieh
nsunshie
nsunshei
nsunsehi
nsunseih
nsuneish
nsuneihs
nsunesih
nsuneshi
nsunehsi
nsunehis
nsuehins
nsuehisn
nsuehnis
nsuehnsi
nsuehsni
nsuehsin
nsueihns
nsueihsn
nsueinhs
nsueinsh
nsueisnh
nsueishn
nsuenihs
nsuenish
nsuenhis
nsuenhsi
nsuenshi
nsuensih
nsuesinh
nsuesihn
nsuesnih
nsuesnhi
nsueshni
nsueshin
nshusine
nshusien
nshusnie
nshusnei
nshuseni
nshusein
nshuisne
nshuisen
nshuinse
nshuines
nshuiens
nshuiesn
nshunise
nshunies
nshunsie
nshunsei
nshunesi
nshuneis
nshueins
nshueisn
nshuenis
nshuensi
nshuesni
nshuesin
nshsuine
nshsuien
nshsunie
nshsunei
nshsueni
nshsuein
nshsiune
nshsiuen
nshsinue
nshsineu
nshsienu
nshsieun
nshsniue
nshsnieu
nshsnuie
nshsnuei
nshsneui
nshsneiu
nshseinu
nshseiun
nshseniu
nshsenui
nshseuni
nshseuin
nshisune
nshisuen
nshisnue
nshisneu
nshisenu
nshiseun
nshiusne
nshiusen
nshiunse
nshiunes
nshiuens
nshiuesn
nshinuse
nshinues
nshinsue
nshinseu
nshinesu
nshineus
nshieuns
nshieusn
nshienus
nshiensu
nshiesnu
nshiesun
nshnsiue
nshnsieu
nshnsuie
nshnsuei
nshnseui
nshnseiu
nshnisue
nshniseu
nshniuse
nshniues
nshnieus
nshniesu
nshnuise
nshnuies
nshnusie
nshnusei
nshnuesi
nshnueis
nshneius
nshneisu
nshneuis
nshneusi
nshnesui
nshnesiu
nshesinu
nshesiun
nshesniu
nshesnui
nshesuni
nshesuin
nsheisnu
nsheisun
nsheinsu
nsheinus
nsheiuns
nsheiusn
nshenisu
nshenius
nshensiu
nshensui
nshenusi
nshenuis
nsheuins
nsheuisn
nsheunis
nsheunsi
nsheusni
nsheusin
nsiuhsne
nsiuhsen
nsiuhnse
nsiuhnes
nsiuhens
nsiuhesn
nsiushne
nsiushen
nsiusnhe
nsiusneh
nsiusenh
nsiusehn
nsiunshe
nsiunseh
nsiunhse
nsiunhes
nsiunehs
nsiunesh
nsiuesnh
nsiueshn
nsiuensh
nsiuenhs
nsiuehns
nsiuehsn
nsihusne
nsihusen
nsihunse
nsihunes
nsihuens
nsihuesn
nsihsune
nsihsuen
nsihsnue
nsihsneu
nsihsenu
nsihseun
nsihnsue
nsihnseu
nsihnuse
nsihnues
nsihneus
nsihnesu
nsihesnu
nsihesun
nsihensu
nsihenus
nsiheuns
nsiheusn
nsishune
nsishuen
nsishnue
nsishneu
nsishenu
nsisheun
nsisuhne
nsisuhen
nsisunhe
nsisuneh
nsisuenh
nsisuehn
nsisnuhe
nsisnueh
nsisnhue
nsisnheu
nsisnehu
nsisneuh
nsiseunh
nsiseuhn
nsisenuh
nsisenhu
nsisehnu
nsisehun
nsinhsue
nsinhseu
nsinhuse
nsinhues
nsinheus
nsinhesu
nsinshue
nsinsheu
nsinsuhe
nsinsueh
nsinseuh
nsinsehu
nsinushe
nsinuseh
nsinuhse
nsinuhes
nsinuehs
nsinuesh
nsinesuh
nsineshu
nsineush
nsineuhs
nsinehus
nsinehsu
nsiehsnu
nsiehsun
nsiehnsu
nsiehnus
nsiehuns
nsiehusn
nsieshnu
nsieshun
nsiesnhu
nsiesnuh
nsiesunh
nsiesuhn
nsienshu
nsiensuh
nsienhsu
nsienhus
nsienuhs
nsienush
nsieusnh
nsieushn
nsieunsh
nsieunhs
nsieuhns
nsieuhsn
nsnuhise
nsnuhies
nsnuhsie
nsnuhsei
nsnuhesi
nsnuheis
nsnuihse
nsnuihes
nsnuishe
nsnuiseh
nsnuiesh
nsnuiehs
nsnusihe
nsnusieh
nsnushie
nsnushei
nsnusehi
nsnuseih
nsnueish
nsnueihs
nsnuesih
nsnueshi
nsnuehsi
nsnuehis
nsnhuise
nsnhuies
nsnhusie
nsnhusei
nsnhuesi
nsnhueis
nsnhiuse
nsnhiues
nsnhisue
nsnhiseu
nsnhiesu
nsnhieus
nsnhsiue
nsnhsieu
nsnhsuie
nsnhsuei
nsnhseui
nsnhseiu
nsnheisu
nsnheius
nsnhesiu
nsnhesui
nsnheusi
nsnheuis
nsnihuse
nsnihues
nsnihsue
nsnihseu
nsnihesu
nsniheus
nsniuhse
nsniuhes
nsniushe
nsniuseh
nsniuesh
nsniuehs
nsnisuhe
nsnisueh
nsnishue
nsnisheu
nsnisehu
nsniseuh
nsnieush
nsnieuhs
nsniesuh
nsnieshu
nsniehsu
nsniehus
nsnshiue
nsnshieu
nsnshuie
nsnshuei
nsnsheui
nsnsheiu
nsnsihue
nsnsiheu
nsnsiuhe
nsnsiueh
nsnsieuh
nsnsiehu
nsnsuihe
nsnsuieh
nsnsuhie
nsnsuhei
nsnsuehi
nsnsueih
nsnseiuh
nsnseihu
nsnseuih
nsnseuhi
nsnsehui
nsnsehiu
nsnehisu
nsnehius
nsnehsiu
nsnehsui
nsnehusi
nsnehuis
nsneihsu
nsneihus
nsneishu
nsneisuh
nsneiush
nsneiuhs
nsnesihu
nsnesiuh
nsneshiu
nsneshui
nsnesuhi
nsnesuih
nsneuish
nsneuihs
nsneusih
nsneushi
nsneuhsi
nsneuhis
nseuhins
nseuhisn
nseuhnis
nseuhnsi
nseuhsni
nseuhsin
nseuihns
nseuihsn
nseuinhs
nseuinsh
nseuisnh
nseuishn
nseunihs
nseunish
nseunhis
nseunhsi
nseunshi
nseunsih
nseusinh
nseusihn
nseusnih
nseusnhi
nseushni
nseushin
nsehuins
nsehuisn
nsehunis
nsehunsi
nsehusni
nsehusin
nsehiuns
nsehiusn
nsehinus
nsehinsu
nsehisnu
nsehisun
nsehnius
nsehnisu
nsehnuis
nsehnusi
nsehnsui
nsehnsiu
nsehsinu
nsehsiun
nsehsniu
nsehsnui
nsehsuni
nsehsuin
nseihuns
nseihusn
nseihnus
nseihnsu
nseihsnu
nseihsun
nseiuhns
nseiuhsn
nseiunhs
nseiunsh
nseiusnh
nseiushn
nseinuhs
nseinush
nseinhus
nseinhsu
nseinshu
nseinsuh
nseisunh
nseisuhn
nseisnuh
nseisnhu
nseishnu
nseishun
nsenhius
nsenhisu
nsenhuis
nsenhusi
nsenhsui
nsenhsiu
nsenihus
nsenihsu
nseniuhs
nseniush
nsenisuh
nsenishu
nsenuihs
nsenuish
nsenuhis
nsenuhsi
nsenushi
nsenusih
nsensiuh
nsensihu
nsensuih
nsensuhi
nsenshui
nsenshiu
nseshinu
nseshiun
nseshniu
nseshnui
nseshuni
nseshuin
nsesihnu
nsesihun
nsesinhu
nsesinuh
nsesiunh
nsesiuhn
nsesnihu
nsesniuh
nsesnhiu
nsesnhui
nsesnuhi
nsesnuih
nsesuinh
nsesuihn
nsesunih
nsesunhi
nsesuhni
nsesuhin
nhssuine
nhssuien
nhssunie
nhssunei
nhssueni
nhssuein
nhssiune
nhssiuen
nhssinue
nhssineu
nhssienu
nhssieun
nhssniue
nhssnieu
nhssnuie
nhssnuei
nhssneui
nhssneiu
nhsseinu
nhsseiun
nhsseniu
nhssenui
nhsseuni
nhsseuin
nhsusine
nhsusien
nhsusnie
nhsusnei
nhsuseni
nhsusein
nhsuisne
nhsuisen
nhsuinse
nhsuines
nhsuiens
nhsuiesn
nhsunise
nhsunies
nhsunsie
nhsunsei
nhsunesi
nhsuneis
nhsueins
nhsueisn
nhsuenis
nhsuensi
nhsuesni
nhsuesin
nhsiusne
nhsiusen
nhsiunse
nhsiunes
nhsiuens
nhsiuesn
nhsisune
nhsisuen
nhsisnue
nhsisneu
nhsisenu
nhsiseun
nhsinsue
nhsinseu
nhsinuse
nhsinues
nhsineus
nhsinesu
nhsiesnu
nhsiesun
nhsiensu
nhsienus
nhsieuns
nhsieusn
nhsnuise
nhsnuies
nhsnusie
nhsnusei
nhsnuesi
nhsnueis
nhsniuse
nhsniues
nhsnisue
nhsniseu
nhsniesu
nhsnieus
nhsnsiue
nhsnsieu
nhsnsuie
nhsnsuei
nhsnseui
nhsnseiu
nhsneisu
nhsneius
nhsnesiu
nhsnesui
nhsneusi
nhsneuis
nhseuins
nhseuisn
nhseunis
nhseunsi
nhseusni
nhseusin
nhseiuns
nhseiusn
nhseinus
nhseinsu
nhseisnu
nhseisun
nhsenius
nhsenisu
nhsenuis
nhsenusi
nhsensui
nhsensiu
nhsesinu
nhsesiun
nhsesniu
nhsesnui
nhsesuni
nhsesuin
nhssuine
nhssuien
nhssunie
nhssunei
nhssueni
nhssuein
nhssiune
nhssiuen
nhssinue
nhssineu
nhssienu
nhssieun
nhssniue
nhssnieu
nhssnuie
nhssnuei
nhssneui
nhssneiu
nhsseinu
nhsseiun
nhsseniu
nhssenui
nhsseuni
nhsseuin
nhsusine
nhsusien
nhsusnie
nhsusnei
nhsuseni
nhsusein
nhsuisne
nhsuisen
nhsuinse
nhsuines
nhsuiens
nhsuiesn
nhsunise
nhsunies
nhsunsie
nhsunsei
nhsunesi
nhsuneis
nhsueins
nhsueisn
nhsuenis
nhsuensi
nhsuesni
nhsuesin
nhsiusne
nhsiusen
nhsiunse
nhsiunes
nhsiuens
nhsiuesn
nhsisune
nhsisuen
nhsisnue
nhsisneu
nhsisenu
nhsiseun
nhsinsue
nhsinseu
nhsinuse
nhsinues
nhsineus
nhsinesu
nhsiesnu
nhsiesun
nhsiensu
nhsienus
nhsieuns
nhsieusn
nhsnuise
nhsnuies
nhsnusie
nhsnusei
nhsnuesi
nhsnueis
nhsniuse
nhsniues
nhsnisue
nhsniseu
nhsniesu
nhsnieus
nhsnsiue
nhsnsieu
nhsnsuie
nhsnsuei
nhsnseui
nhsnseiu
nhsneisu
nhsneius
nhsnesiu
nhsnesui
nhsneusi
nhsneuis
nhseuins
nhseuisn
nhseunis
nhseunsi
nhseusni
nhseusin
nhseiuns
nhseiusn
nhseinus
nhseinsu
nhseisnu
nhseisun
nhsenius
nhsenisu
nhsenuis
nhsenusi
nhsensui
nhsensiu
nhsesinu
nhsesiun
nhsesniu
nhsesnui
nhsesuni
nhsesuin
nhussine
nhussien
nhussnie
nhussnei
nhusseni
nhussein
nhusisne
nhusisen
nhusinse
nhusines
nhusiens
nhusiesn
nhusnise
nhusnies
nhusnsie
nhusnsei
nhusnesi
nhusneis
nhuseins
nhuseisn
nhusenis
nhusensi
nhusesni
nhusesin
nhussine
nhussien
nhussnie
nhussnei
nhusseni
nhussein
nhusisne
nhusisen
nhusinse
nhusines
nhusiens
nhusiesn
nhusnise
nhusnies
nhusnsie
nhusnsei
nhusnesi
nhusneis
nhuseins
nhuseisn
nhusenis
nhusensi
nhusesni
nhusesin
nhuissne
nhuissen
nhuisnse
nhuisnes
nhuisens
nhuisesn
nhuissne
nhuissen
nhuisnse
nhuisnes
nhuisens
nhuisesn
nhuinsse
nhuinses
nhuinsse
nhuinses
nhuiness
nhuiness
nhuiesns
nhuiessn
nhuienss
nhuienss
nhuiesns
nhuiessn
nhunsise
nhunsies
nhunssie
nhunssei
nhunsesi
nhunseis
nhunisse
nhunises
nhunisse
nhunises
nhuniess
nhuniess
nhunsise
nhunsies
nhunssie
nhunssei
nhunsesi
nhunseis
nhuneiss
nhuneiss
nhunesis
nhunessi
nhunessi
nhunesis
nhuesins
nhuesisn
nhuesnis
nhuesnsi
nhuessni
nhuessin
nhueisns
nhueissn
nhueinss
nhueinss
nhueisns
nhueissn
nhueniss
nhueniss
nhuensis
nhuenssi
nhuenssi
nhuensis
nhuesins
nhuesisn
nhuesnis
nhuesnsi
nhuessni
nhuessin
nhisusne
nhisusen
nhisunse
nhisunes
nhisuens
nhisuesn
nhissune
nhissuen
nhissnue
nhissneu
nhissenu
nhisseun
nhisnsue
nhisnseu
nhisnuse
nhisnues
nhisneus
nhisnesu
nhisesnu
nhisesun
nhisensu
nhisenus
nhiseuns
nhiseusn
nhiussne
nhiussen
nhiusnse
nhiusnes
nhiusens
nhiusesn
nhiussne
nhiussen
nhiusnse
nhiusnes
nhiusens
nhiusesn
nhiunsse
nhiunses
nhiunsse
nhiunses
nhiuness
nhiuness
nhiuesns
nhiuessn
nhiuenss
nhiuenss
nhiuesns
nhiuessn
nhisusne
nhisusen
nhisunse
nhisunes
nhisuens
nhisuesn
nhissune
nhissuen
nhissnue
nhissneu
nhissenu
nhisseun
nhisnsue
nhisnseu
nhisnuse
nhisnues
nhisneus
nhisnesu
nhisesnu
nhisesun
nhisensu
nhisenus
nhiseuns
nhiseusn
nhinusse
nhinuses
nhinusse
nhinuses
nhinuess
nhinuess
nhinsuse
nhinsues
nhinssue
nhinsseu
nhinsesu
nhinseus
nhinssue
nhinsseu
nhinsuse
nhinsues
nhinseus
nhinsesu
nhinessu
nhinesus
nhinessu
nhinesus
nhineuss
nhineuss
nhieusns
nhieussn
nhieunss
nhieunss
nhieusns
nhieussn
nhiesuns
nhiesusn
nhiesnus
nhiesnsu
nhiessnu
nhiessun
nhiensus
nhienssu
nhienuss
nhienuss
nhiensus
nhienssu
nhiessnu
nhiessun
nhiesnsu
nhiesnus
nhiesuns
nhiesusn
nhnsuise
nhnsuies
nhnsusie
nhnsusei
nhnsuesi
nhnsueis
nhnsiuse
nhnsiues
nhnsisue
nhnsiseu
nhnsiesu
nhnsieus
nhnssiue
nhnssieu
nhnssuie
nhnssuei
nhnsseui
nhnsseiu
nhnseisu
nhnseius
nhnsesiu
nhnsesui
nhnseusi
nhnseuis
nhnusise
nhnusies
nhnussie
nhnussei
nhnusesi
nhnuseis
nhnuisse
nhnuises
nhnuisse
nhnuises
nhnuiess
nhnuiess
nhnusise
nhnusies
nhnussie
nhnussei
nhnusesi
nhnuseis
nhnueiss
nhnueiss
nhnuesis
nhnuessi
nhnuessi
nhnuesis
nhniusse
nhniuses
nhniusse
nhniuses
nhniuess
nhniuess
nhnisuse
nhnisues
nhnissue
nhnisseu
nhnisesu
nhniseus
nhnissue
nhnisseu
nhnisuse
nhnisues
nhniseus
nhnisesu
nhniessu
nhniesus
nhniessu
nhniesus
nhnieuss
nhnieuss
nhnsuise
nhnsuies
nhnsusie
nhnsusei
nhnsuesi
nhnsueis
nhnsiuse
nhnsiues
nhnsisue
nhnsiseu
nhnsiesu
nhnsieus
nhnssiue
nhnssieu
nhnssuie
nhnssuei
nhnsseui
nhnsseiu
nhnseisu
nhnseius
nhnsesiu
nhnsesui
nhnseusi
nhnseuis
nhneuiss
nhneuiss
nhneusis
nhneussi
nhneussi
nhneusis
nhneiuss
nhneiuss
nhneisus
nhneissu
nhneissu
nhneisus
nhnesius
nhnesisu
nhnesuis
nhnesusi
nhnessui
nhnessiu
nhnesisu
nhnesius
nhnessiu
nhnessui
nhnesusi
nhnesuis
nhesuins
nhesuisn
nhesunis
nhesunsi
nhesusni
nhesusin
nhesiuns
nhesiusn
nhesinus
nhesinsu
nhesisnu
nhesisun
nhesnius
nhesnisu
nhesnuis
nhesnusi
nhesnsui
nhesnsiu
nhessinu
nhessiun
nhessniu
nhessnui
nhessuni
nhessuin
nheusins
nheusisn
nheusnis
nheusnsi
nheussni
nheussin
nheuisns
nheuissn
nheuinss
nheuinss
nheuisns
nheuissn
nheuniss
nheuniss
nheunsis
nheunssi
nheunssi
nheunsis
nheusins
nheusisn
nheusnis
nheusnsi
nheussni
nheussin
nheiusns
nheiussn
nheiunss
nheiunss
nheiusns
nheiussn
nheisuns
nheisusn
nheisnus
nheisnsu
nheissnu
nheissun
nheinsus
nheinssu
nheinuss
nheinuss
nheinsus
nheinssu
nheissnu
nheissun
nheisnsu
nheisnus
nheisuns
nheisusn
nhenuiss
nhenuiss
nhenusis
nhenussi
nhenussi
nhenusis
nheniuss
nheniuss
nhenisus
nhenissu
nhenissu
nhenisus
nhensius
nhensisu
nhensuis
nhensusi
nhenssui
nhenssiu
nhensisu
nhensius
nhenssiu
nhenssui
nhensusi
nhensuis
nhesuins
nhesuisn
nhesunis
nhesunsi
nhesusni
nhesusin
nhesiuns
nhesiusn
nhesinus
nhesinsu
nhesisnu
nhesisun
nhesnius
nhesnisu
nhesnuis
nhesnusi
nhesnsui
nhesnsiu
nhessinu
nhessiun
nhessniu
nhessnui
nhessuni
nhessuin
nisshune
nisshuen
nisshnue
nisshneu
nisshenu
nissheun
nissuhne
nissuhen
nissunhe
nissuneh
nissuenh
nissuehn
nissnuhe
nissnueh
nissnhue
nissnheu
nissnehu
nissneuh
nisseunh
nisseuhn
nissenuh
nissenhu
nissehnu
nissehun
nishsune
nishsuen
nishsnue
nishsneu
nishsenu
nishseun
nishusne
nishusen
nishunse
nishunes
nishuens
nishuesn
nishnuse
nishnues
nishnsue
nishnseu
nishnesu
nishneus
nisheuns
nisheusn
nishenus
nishensu
nishesnu
nishesun
nisuhsne
nisuhsen
nisuhnse
nisuhnes
nisuhens
nisuhesn
nisushne
nisushen
nisusnhe
nisusneh
nisusenh
nisusehn
nisunshe
nisunseh
nisunhse
nisunhes
nisunehs
nisunesh
nisuesnh
nisueshn
nisuensh
nisuenhs
nisuehns
nisuehsn
nisnhuse
nisnhues
nisnhsue
nisnhseu
nisnhesu
nisnheus
nisnuhse
nisnuhes
nisnushe
nisnuseh
nisnuesh
nisnuehs
nisnsuhe
nisnsueh
nisnshue
nisnsheu
nisnsehu
nisnseuh
nisneush
nisneuhs
nisnesuh
nisneshu
nisnehsu
nisnehus
nisehuns
nisehusn
nisehnus
nisehnsu
nisehsnu
nisehsun
niseuhns
niseuhsn
niseunhs
niseunsh
niseusnh
niseushn
nisenuhs
nisenush
nisenhus
nisenhsu
nisenshu
nisensuh
nisesunh
nisesuhn
nisesnuh
nisesnhu
niseshnu
niseshun
nisshune
nisshuen
nisshnue
nisshneu
nisshenu
nissheun
nissuhne
nissuhen
nissunhe
nissuneh
nissuenh
nissuehn
nissnuhe
nissnueh
nissnhue
nissnheu
nissnehu
nissneuh
nisseunh
nisseuhn
nissenuh
nissenhu
nissehnu
nissehun
nishsune
nishsuen
nishsnue
nishsneu
nishsenu
nishseun
nishusne
nishusen
nishunse
nishunes
nishuens
nishuesn
nishnuse
nishnues
nishnsue
nishnseu
nishnesu
nishneus
nisheuns
nisheusn
nishenus
nishensu
nishesnu
nishesun
nisuhsne
nisuhsen
nisuhnse
nisuhnes
nisuhens
nisuhesn
nisushne
nisushen
nisusnhe
nisusneh
nisusenh
nisusehn
nisunshe
nisunseh
nisunhse
nisunhes
nisunehs
nisunesh
nisuesnh
nisueshn
nisuensh
nisuenhs
nisuehns
nisuehsn
nisnhuse
nisnhues
nisnhsue
nisnhseu
nisnhesu
nisnheus
nisnuhse
nisnuhes
nisnushe
nisnuseh
nisnuesh
nisnuehs
nisnsuhe
nisnsueh
nisnshue
nisnsheu
nisnsehu
nisnseuh
nisneush
nisneuhs
nisnesuh
nisneshu
nisnehsu
nisnehus
nisehuns
nisehusn
nisehnus
nisehnsu
nisehsnu
nisehsun
niseuhns
niseuhsn
niseunhs
niseunsh
niseusnh
niseushn
nisenuhs
nisenush
nisenhus
nisenhsu
nisenshu
nisensuh
nisesunh
nisesuhn
nisesnuh
nisesnhu
niseshnu
niseshun
nihssune
nihssuen
nihssnue
nihssneu
nihssenu
nihsseun
nihsusne
nihsusen
nihsunse
nihsunes
nihsuens
nihsuesn
nihsnuse
nihsnues
nihsnsue
nihsnseu
nihsnesu
nihsneus
nihseuns
nihseusn
nihsenus
nihsensu
nihsesnu
nihsesun
nihssune
nihssuen
nihssnue
nihssneu
nihssenu
nihsseun
nihsusne
nihsusen
nihsunse
nihsunes
nihsuens
nihsuesn
nihsnuse
nihsnues
nihsnsue
nihsnseu
nihsnesu
nihsneus
nihseuns
nihseusn
nihsenus
nihsensu
nihsesnu
nihsesun
nihussne
nihussen
nihusnse
nihusnes
nihusens
nihusesn
nihussne
nihussen
nihusnse
nihusnes
nihusens
nihusesn
nihunsse
nihunses
nihunsse
nihunses
nihuness
nihuness
nihuesns
nihuessn
nihuenss
nihuenss
nihuesns
nihuessn
nihnsuse
nihnsues
nihnssue
nihnsseu
nihnsesu
nihnseus
nihnusse
nihnuses
nihnusse
nihnuses
nihnuess
nihnuess
nihnsuse
nihnsues
nihnssue
nihnsseu
nihnsesu
nihnseus
nihneuss
nihneuss
nihnesus
nihnessu
nihnessu
nihnesus
nihesuns
nihesusn
nihesnus
nihesnsu
nihessnu
nihessun
niheusns
niheussn
niheunss
niheunss
niheusns
niheussn
nihenuss
nihenuss
nihensus
nihenssu
nihenssu
nihensus
nihesuns
nihesusn
nihesnus
nihesnsu
nihessnu
nihessun
niushsne
niushsen
niushnse
niushnes
niushens
niushesn
niusshne
niusshen
niussnhe
niussneh
niussenh
niussehn
niusnshe
niusnseh
niusnhse
niusnhes
niusnehs
niusnesh
niusesnh
niuseshn
niusensh
niusenhs
niusehns
niusehsn
niuhssne
niuhssen
niuhsnse
niuhsnes
niuhsens
niuhsesn
niuhssne
niuhssen
niuhsnse
niuhsnes
niuhsens
niuhsesn
niuhnsse
niuhnses
niuhnsse
niuhnses
niuhness
niuhness
niuhesns
niuhessn
niuhenss
niuhenss
niuhesns
niuhessn
niushsne
niushsen
niushnse
niushnes
niushens
niushesn
niusshne
niusshen
niussnhe
niussneh
niussenh
niussehn
niusnshe
niusnseh
niusnhse
niusnhes
niusnehs
niusnesh
niusesnh
niuseshn
niusensh
niusenhs
niusehns
niusehsn
niunhsse
niunhses
niunhsse
niunhses
niunhess
niunhess
niunshse
niunshes
niunsshe
niunsseh
niunsesh
niunsehs
niunsshe
niunsseh
niunshse
niunshes
niunsehs
niunsesh
niunessh
niuneshs
niunessh
niuneshs
niunehss
niunehss
niuehsns
niuehssn
niuehnss
niuehnss
niuehsns
niuehssn
niueshns
niueshsn
niuesnhs
niuesnsh
niuessnh
niuesshn
niuenshs
niuenssh
niuenhss
niuenhss
niuenshs
niuenssh
niuessnh
niuesshn
niuesnsh
niuesnhs
niueshns
niueshsn
ninshuse
ninshues
ninshsue
ninshseu
ninshesu
ninsheus
ninsuhse
ninsuhes
ninsushe
ninsuseh
ninsuesh
ninsuehs
ninssuhe
ninssueh
ninsshue
ninssheu
ninssehu
ninsseuh
ninseush
ninseuhs
ninsesuh
ninseshu
ninsehsu
ninsehus
ninhsuse
ninhsues
ninhssue
ninhsseu
ninhsesu
ninhseus
ninhusse
ninhuses
ninhusse
ninhuses
ninhuess
ninhuess
ninhsuse
ninhsues
ninhssue
ninhsseu
ninhsesu
ninhseus
ninheuss
ninheuss
ninhesus
ninhessu
ninhessu
ninhesus
ninuhsse
ninuhses
ninuhsse
ninuhses
ninuhess
ninuhess
ninushse
ninushes
ninusshe
ninusseh
ninusesh
ninusehs
ninusshe
ninusseh
ninushse
ninushes
ninusehs
ninusesh
ninuessh
ninueshs
ninuessh
ninueshs
ninuehss
ninuehss
ninshuse
ninshues
ninshsue
ninshseu
ninshesu
ninsheus
ninsuhse
ninsuhes
ninsushe
ninsuseh
ninsuesh
ninsuehs
ninssuhe
ninssueh
ninsshue
ninssheu
ninssehu
ninsseuh
ninseush
ninseuhs
ninsesuh
ninseshu
ninsehsu
ninsehus
ninehuss
ninehuss
ninehsus
ninehssu
ninehssu
ninehsus
nineuhss
nineuhss
nineushs
nineussh
nineussh
nineushs
ninesuhs
ninesush
nineshus
nineshsu
ninesshu
ninessuh
ninesush
ninesuhs
ninessuh
ninesshu
nineshsu
nineshus
nieshuns
nieshusn
nieshnus
nieshnsu
nieshsnu
nieshsun
niesuhns
niesuhsn
niesunhs
niesunsh
niesusnh
niesushn
niesnuhs
niesnush
niesnhus
niesnhsu
niesnshu
niesnsuh
niessunh
niessuhn
niessnuh
niessnhu
niesshnu
niesshun
niehsuns
niehsusn
niehsnus
niehsnsu
niehssnu
niehssun
niehusns
niehussn
niehunss
niehunss
niehusns
niehussn
niehnuss
niehnuss
niehnsus
niehnssu
niehnssu
niehnsus
niehsuns
niehsusn
niehsnus
niehsnsu
niehssnu
niehssun
nieuhsns
nieuhssn
nieuhnss
nieuhnss
nieuhsns
nieuhssn
nieushns
nieushsn
nieusnhs
nieusnsh
nieussnh
nieusshn
nieunshs
nieunssh
nieunhss
nieunhss
nieunshs
nieunssh
nieussnh
nieusshn
nieusnsh
nieusnhs
nieushns
nieushsn
nienhuss
nienhuss
nienhsus
nienhssu
nienhssu
nienhsus
nienuhss
nienuhss
nienushs
nienussh
nienussh
nienushs
niensuhs
niensush
nienshus
nienshsu
niensshu
nienssuh
niensush
niensuhs
nienssuh
niensshu
nienshsu
nienshus
nieshuns
nieshusn
nieshnus
nieshnsu
nieshsnu
nieshsun
niesuhns
niesuhsn
niesunhs
niesunsh
niesusnh
niesushn
niesnuhs
niesnush
niesnhus
niesnhsu
niesnshu
niesnsuh
niessunh
niessuhn
niessnuh
niessnhu
niesshnu
niesshun
nnsshiue
nnsshieu
nnsshuie
nnsshuei
nnssheui
nnssheiu
nnssihue
nnssiheu
nnssiuhe
nnssiueh
nnssieuh
nnssiehu
nnssuihe
nnssuieh
nnssuhie
nnssuhei
nnssuehi
nnssueih
nnsseiuh
nnsseihu
nnsseuih
nnsseuhi
nnssehui
nnssehiu
nnshsiue
nnshsieu
nnshsuie
nnshsuei
nnshseui
nnshseiu
nnshisue
nnshiseu
nnshiuse
nnshiues
nnshieus
nnshiesu
nnshuise
nnshuies
nnshusie
nnshusei
nnshuesi
nnshueis
nnsheius
nnsheisu
nnsheuis
nnsheusi
nnshesui
nnshesiu
nnsihsue
nnsihseu
nnsihuse
nnsihues
nnsiheus
nnsihesu
nnsishue
nnsisheu
nnsisuhe
nnsisueh
nnsiseuh
nnsisehu
nnsiushe
nnsiuseh
nnsiuhse
nnsiuhes
nnsiuehs
nnsiuesh
nnsiesuh
nnsieshu
nnsieush
nnsieuhs
nnsiehus
nnsiehsu
nnsuhise
nnsuhies
nnsuhsie
nnsuhsei
nnsuhesi
nnsuheis
nnsuihse
nnsuihes
nnsuishe
nnsuiseh
nnsuiesh
nnsuiehs
nnsusihe
nnsusieh
nnsushie
nnsushei
nnsusehi
nnsuseih
nnsueish
nnsueihs
nnsuesih
nnsueshi
nnsuehsi
nnsuehis
nnsehius
nnsehisu
nnsehuis
nnsehusi
nnsehsui
nnsehsiu
nnseihus
nnseihsu
nnseiuhs
nnseiush
nnseisuh
nnseishu
nnseuihs
nnseuish
nnseuhis
nnseuhsi
nnseushi
nnseusih
nnsesiuh
nnsesihu
nnsesuih
nnsesuhi
nnseshui
nnseshiu
nnsshiue
nnsshieu
nnsshuie
nnsshuei
nnssheui
nnssheiu
nnssihue
nnssiheu
nnssiuhe
nnssiueh
nnssieuh
nnssiehu
nnssuihe
nnssuieh
nnssuhie
nnssuhei
nnssuehi
nnssueih
nnsseiuh
nnsseihu
nnsseuih
nnsseuhi
nnssehui
nnssehiu
nnshsiue
nnshsieu
nnshsuie
nnshsuei
nnshseui
nnshseiu
nnshisue
nnshiseu
nnshiuse
nnshiues
nnshieus
nnshiesu
nnshuise
nnshuies
nnshusie
nnshusei
nnshuesi
nnshueis
nnsheius
nnsheisu
nnsheuis
nnsheusi
nnshesui
nnshesiu
nnsihsue
nnsihseu
nnsihuse
nnsihues
nnsiheus
nnsihesu
nnsishue
nnsisheu
nnsisuhe
nnsisueh
nnsiseuh
nnsisehu
nnsiushe
nnsiuseh
nnsiuhse
nnsiuhes
nnsiuehs
nnsiuesh
nnsiesuh
nnsieshu
nnsieush
nnsieuhs
nnsiehus
nnsiehsu
nnsuhise
nnsuhies
nnsuhsie
nnsuhsei
nnsuhesi
nnsuheis
nnsuihse
nnsuihes
nnsuishe
nnsuiseh
nnsuiesh
nnsuiehs
nnsusihe
nnsusieh
nnsushie
nnsushei
nnsusehi
nnsuseih
nnsueish
nnsueihs
nnsuesih
nnsueshi
nnsuehsi
nnsuehis
nnsehius
nnsehisu
nnsehuis
nnsehusi
nnsehsui
nnsehsiu
nnseihus
nnseihsu
nnseiuhs
nnseiush
nnseisuh
nnseishu
nnseuihs
nnseuish
nnseuhis
nnseuhsi
nnseushi
nnseusih
nnsesiuh
nnsesihu
nnsesuih
nnsesuhi
nnseshui
nnseshiu
nnhssiue
nnhssieu
nnhssuie
nnhssuei
nnhsseui
nnhsseiu
nnhsisue
nnhsiseu
nnhsiuse
nnhsiues
nnhsieus
nnhsiesu
nnhsuise
nnhsuies
nnhsusie
nnhsusei
nnhsuesi
nnhsueis
nnhseius
nnhseisu
nnhseuis
nnhseusi
nnhsesui
nnhsesiu
nnhssiue
nnhssieu
nnhssuie
nnhssuei
nnhsseui
nnhsseiu
nnhsisue
nnhsiseu
nnhsiuse
nnhsiues
nnhsieus
nnhsiesu
nnhsuise
nnhsuies
nnhsusie
nnhsusei
nnhsuesi
nnhsueis
nnhseius
nnhseisu
nnhseuis
nnhseusi
nnhsesui
nnhsesiu
nnhissue
nnhisseu
nnhisuse
nnhisues
nnhiseus
nnhisesu
nnhissue
nnhisseu
nnhisuse
nnhisues
nnhiseus
nnhisesu
nnhiusse
nnhiuses
nnhiusse
nnhiuses
nnhiuess
nnhiuess
nnhiesus
nnhiessu
nnhieuss
nnhieuss
nnhiesus
nnhiessu
nnhusise
nnhusies
nnhussie
nnhussei
nnhusesi
nnhuseis
nnhuisse
nnhuises
nnhuisse
nnhuises
nnhuiess
nnhuiess
nnhusise
nnhusies
nnhussie
nnhussei
nnhusesi
nnhuseis
nnhueiss
nnhueiss
nnhuesis
nnhuessi
nnhuessi
nnhuesis
nnhesius
nnhesisu
nnhesuis
nnhesusi
nnhessui
nnhessiu
nnheisus
nnheissu
nnheiuss
nnheiuss
nnheisus
nnheissu
nnheuiss
nnheuiss
nnheusis
nnheussi
nnheussi
nnheusis
nnhesius
nnhesisu
nnhesuis
nnhesusi
nnhessui
nnhessiu
nnishsue
nnishseu
nnishuse
nnishues
nnisheus
nnishesu
nnisshue
nnissheu
nnissuhe
nnissueh
nnisseuh
nnissehu
nnisushe
nnisuseh
nnisuhse
nnisuhes
nnisuehs
nnisuesh
nnisesuh
nniseshu
nniseush
nniseuhs
nnisehus
nnisehsu
nnihssue
nnihsseu
nnihsuse
nnihsues
nnihseus
nnihsesu
nnihssue
nnihsseu
nnihsuse
nnihsues
nnihseus
nnihsesu
nnihusse
nnihuses
nnihusse
nnihuses
nnihuess
nnihuess
nnihesus
nnihessu
nniheuss
nniheuss
nnihesus
nnihessu
nnishsue
nnishseu
nnishuse
nnishues
nnisheus
nnishesu
nnisshue
nnissheu
nnissuhe
nnissueh
nnisseuh
nnissehu
nnisushe
nnisuseh
nnisuhse
nnisuhes
nnisuehs
nnisuesh
nnisesuh
nniseshu
nniseush
nniseuhs
nnisehus
nnisehsu
nniuhsse
nniuhses
nniuhsse
nniuhses
nniuhess
nniuhess
nniushse
nniushes
nniusshe
nniusseh
nniusesh
nniusehs
nniusshe
nniusseh
nniushse
nniushes
nniusehs
nniusesh
nniuessh
nniueshs
nniuessh
nniueshs
nniuehss
nniuehss
nniehsus
nniehssu
nniehuss
nniehuss
nniehsus
nniehssu
nnieshus
nnieshsu
nniesuhs
nniesush
nniessuh
nniesshu
nnieushs
nnieussh
nnieuhss
nnieuhss
nnieushs
nnieussh
nniessuh
nniesshu
nniesush
nniesuhs
nnieshus
nnieshsu
nnushise
nnushies
nnushsie
nnushsei
nnushesi
nnusheis
nnusihse
nnusihes
nnusishe
nnusiseh
nnusiesh
nnusiehs
nnussihe
nnussieh
nnusshie
nnusshei
nnussehi
nnusseih
nnuseish
nnuseihs
nnusesih
nnuseshi
nnusehsi
nnusehis
nnuhsise
nnuhsies
nnuhssie
nnuhssei
nnuhsesi
nnuhseis
nnuhisse
nnuhises
nnuhisse
nnuhises
nnuhiess
nnuhiess
nnuhsise
nnuhsies
nnuhssie
nnuhssei
nnuhsesi
nnuhseis
nnuheiss
nnuheiss
nnuhesis
nnuhessi
nnuhessi
nnuhesis
nnuihsse
nnuihses
nnuihsse
nnuihses
nnuihess
nnuihess
nnuishse
nnuishes
nnuisshe
nnuisseh
nnuisesh
nnuisehs
nnuisshe
nnuisseh
nnuishse
nnuishes
nnuisehs
nnuisesh
nnuiessh
nnuieshs
nnuiessh
nnuieshs
nnuiehss
nnuiehss
nnushise
nnushies
nnushsie
nnushsei
nnushesi
nnusheis
nnusihse
nnusihes
nnusishe
nnusiseh
nnusiesh
nnusiehs
nnussihe
nnussieh
nnusshie
nnusshei
nnussehi
nnusseih
nnuseish
nnuseihs
nnusesih
nnuseshi
nnusehsi
nnusehis
nnuehiss
nnuehiss
nnuehsis
nnuehssi
nnuehssi
nnuehsis
nnueihss
nnueihss
nnueishs
nnueissh
nnueissh
nnueishs
nnuesihs
nnuesish
nnueshis
nnueshsi
nnuesshi
nnuessih
nnuesish
nnuesihs
nnuessih
nnuesshi
nnueshsi
nnueshis
nneshius
nneshisu
nneshuis
nneshusi
nneshsui
nneshsiu
nnesihus
nnesihsu
nnesiuhs
nnesiush
nnesisuh
nnesishu
nnesuihs
nnesuish
nnesuhis
nnesuhsi
nnesushi
nnesusih
nnessiuh
nnessihu
nnessuih
nnessuhi
nnesshui
nnesshiu
nnehsius
nnehsisu
nnehsuis
nnehsusi
nnehssui
nnehssiu
nnehisus
nnehissu
nnehiuss
nnehiuss
nnehisus
nnehissu
nnehuiss
nnehuiss
nnehusis
nnehussi
nnehussi
nnehusis
nnehsius
nnehsisu
nnehsuis
nnehsusi
nnehssui
nnehssiu
nneihsus
nneihssu
nneihuss
nneihuss
nneihsus
nneihssu
nneishus
nneishsu
nneisuhs
nneisush
nneissuh
nneisshu
nneiushs
nneiussh
nneiuhss
nneiuhss
nneiushs
nneiussh
nneissuh
nneisshu
nneisush
nneisuhs
nneishus
nneishsu
nneuhiss
nneuhiss
nneuhsis
nneuhssi
nneuhssi
nneuhsis
nneuihss
nneuihss
nneuishs
nneuissh
nneuissh
nneuishs
nneusihs
nneusish
nneushis
nneushsi
nneusshi
nneussih
nneusish
nneusihs
nneussih
nneusshi
nneushsi
nneushis
nneshius
nneshisu
nneshuis
nneshusi
nneshsui
nneshsiu
nnesihus
nnesihsu
nnesiuhs
nnesiush
nnesisuh
nnesishu
nnesuihs
nnesuish
nnesuhis
nnesuhsi
nnesushi
nnesusih
nnessiuh
nnessihu
nnessuih
nnessuhi
nnesshui
nnesshiu
nesshinu
nesshiun
nesshniu
nesshnui
nesshuni
nesshuin
nessihnu
nessihun
nessinhu
nessinuh
nessiunh
nessiuhn
nessnihu
nessniuh
nessnhiu
nessnhui
nessnuhi
nessnuih
nessuinh
nessuihn
nessunih
nessunhi
nessuhni
nessuhin
neshsinu
neshsiun
neshsniu
neshsnui
neshsuni
neshsuin
neshisnu
neshisun
neshinsu
neshinus
neshiuns
neshiusn
neshnisu
neshnius
neshnsiu
neshnsui
neshnusi
neshnuis
neshuins
neshuisn
neshunis
neshunsi
neshusni
neshusin
nesihsnu
nesihsun
nesihnsu
nesihnus
nesihuns
nesihusn
nesishnu
nesishun
nesisnhu
nesisnuh
nesisunh
nesisuhn
nesinshu
nesinsuh
nesinhsu
nesinhus
nesinuhs
nesinush
nesiusnh
nesiushn
nesiunsh
nesiunhs
nesiuhns
nesiuhsn
nesnhisu
nesnhius
nesnhsiu
nesnhsui
nesnhusi
nesnhuis
nesnihsu
nesnihus
nesnishu
nesnisuh
nesniush
nesniuhs
nesnsihu
nesnsiuh
nesnshiu
nesnshui
nesnsuhi
nesnsuih
nesnuish
nesnuihs
nesnusih
nesnushi
nesnuhsi
nesnuhis
nesuhins
nesuhisn
nesuhnis
nesuhnsi
nesuhsni
nesuhsin
nesuihns
nesuihsn
nesuinhs
nesuinsh
nesuisnh
nesuishn
nesunihs
nesunish
nesunhis
nesunhsi
nesunshi
nesunsih
nesusinh
nesusihn
nesusnih
nesusnhi
nesushni
nesushin
nesshinu
nesshiun
nesshniu
nesshnui
nesshuni
nesshuin
nessihnu
nessihun
nessinhu
nessinuh
nessiunh
nessiuhn
nessnihu
nessniuh
nessnhiu
nessnhui
nessnuhi
nessnuih
nessuinh
nessuihn
nessunih
nessunhi
nessuhni
nessuhin
neshsinu
neshsiun
neshsniu
neshsnui
neshsuni
neshsuin
neshisnu
neshisun
neshinsu
neshinus
neshiuns
neshiusn
neshnisu
neshnius
neshnsiu
neshnsui
neshnusi
neshnuis
neshuins
neshuisn
neshunis
neshunsi
neshusni
neshusin
nesihsnu
nesihsun
nesihnsu
nesihnus
nesihuns
nesihusn
nesishnu
nesishun
nesisnhu
nesisnuh
nesisunh
nesisuhn
nesinshu
nesinsuh
nesinhsu
nesinhus
nesinuhs
nesinush
nesiusnh
nesiushn
nesiunsh
nesiunhs
nesiuhns
nesiuhsn
nesnhisu
nesnhius
nesnhsiu
nesnhsui
nesnhusi
nesnhuis
nesnihsu
nesnihus
nesnishu
nesnisuh
nesniush
nesniuhs
nesnsihu
nesnsiuh
nesnshiu
nesnshui
nesnsuhi
nesnsuih
nesnuish
nesnuihs
nesnusih
nesnushi
nesnuhsi
nesnuhis
nesuhins
nesuhisn
nesuhnis
nesuhnsi
nesuhsni
nesuhsin
nesuihns
nesuihsn
nesuinhs
nesuinsh
nesuisnh
nesuishn
nesunihs
nesunish
nesunhis
nesunhsi
nesunshi
nesunsih
nesusinh
nesusihn
nesusnih
nesusnhi
nesushni
nesushin
nehssinu
nehssiun
nehssniu
nehssnui
nehssuni
nehssuin
nehsisnu
nehsisun
nehsinsu
nehsinus
nehsiuns
nehsiusn
nehsnisu
nehsnius
nehsnsiu
nehsnsui
nehsnusi
nehsnuis
nehsuins
nehsuisn
nehsunis
nehsunsi
nehsusni
nehsusin
nehssinu
nehssiun
nehssniu
nehssnui
nehssuni
nehssuin
nehsisnu
nehsisun
nehsinsu
nehsinus
nehsiuns
nehsiusn
nehsnisu
nehsnius
nehsnsiu
nehsnsui
nehsnusi
nehsnuis
nehsuins
nehsuisn
nehsunis
nehsunsi
nehsusni
nehsusin
nehissnu
nehissun
nehisnsu
nehisnus
nehisuns
nehisusn
nehissnu
nehissun
nehisnsu
nehisnus
nehisuns
nehisusn
nehinssu
nehinsus
nehinssu
nehinsus
nehinuss
nehinuss
nehiusns
nehiussn
nehiunss
nehiunss
nehiusns
nehiussn
nehnsisu
nehnsius
nehnssiu
nehnssui
nehnsusi
nehnsuis
nehnissu
nehnisus
nehnissu
nehnisus
nehniuss
nehniuss
nehnsisu
nehnsius
nehnssiu
nehnssui
nehnsusi
nehnsuis
nehnuiss
nehnuiss
nehnusis
nehnussi
nehnussi
nehnusis
nehusins
nehusisn
nehusnis
nehusnsi
nehussni
nehussin
nehuisns
nehuissn
nehuinss
nehuinss
nehuisns
nehuissn
nehuniss
nehuniss
nehunsis
nehunssi
nehunssi
nehunsis
nehusins
nehusisn
nehusnis
nehusnsi
nehussni
nehussin
neishsnu
neishsun
neishnsu
neishnus
neishuns
neishusn
neisshnu
neisshun
neissnhu
neissnuh
neissunh
neissuhn
neisnshu
neisnsuh
neisnhsu
neisnhus
neisnuhs
neisnush
neisusnh
neisushn
neisunsh
neisunhs
neisuhns
neisuhsn
neihssnu
neihssun
neihsnsu
neihsnus
neihsuns
neihsusn
neihssnu
neihssun
neihsnsu
neihsnus
neihsuns
neihsusn
neihnssu
neihnsus
neihnssu
neihnsus
neihnuss
neihnuss
neihusns
neihussn
neihunss
neihunss
neihusns
neihussn
neishsnu
neishsun
neishnsu
neishnus
neishuns
neishusn
neisshnu
neisshun
neissnhu
neissnuh
neissunh
neissuhn
neisnshu
neisnsuh
neisnhsu
neisnhus
neisnuhs
neisnush
neisusnh
neisushn
neisunsh
neisunhs
neisuhns
neisuhsn
neinhssu
neinhsus
neinhssu
neinhsus
neinhuss
neinhuss
neinshsu
neinshus
neinsshu
neinssuh
neinsush
neinsuhs
neinsshu
neinssuh
neinshsu
neinshus
neinsuhs
neinsush
neinussh
neinushs
neinussh
neinushs
neinuhss
neinuhss
neiuhsns
neiuhssn
neiuhnss
neiuhnss
neiuhsns
neiuhssn
neiushns
neiushsn
neiusnhs
neiusnsh
neiussnh
neiusshn
neiunshs
neiunssh
neiunhss
neiunhss
neiunshs
neiunssh
neiussnh
neiusshn
neiusnsh
neiusnhs
neiushns
neiushsn
nenshisu
nenshius
nenshsiu
nenshsui
nenshusi
nenshuis
nensihsu
nensihus
nensishu
nensisuh
nensiush
nensiuhs
nenssihu
nenssiuh
nensshiu
nensshui
nenssuhi
nenssuih
nensuish
nensuihs
nensusih
nensushi
nensuhsi
nensuhis
nenhsisu
nenhsius
nenhssiu
nenhssui
nenhsusi
nenhsuis
nenhissu
nenhisus
nenhissu
nenhisus
nenhiuss
nenhiuss
nenhsisu
nenhsius
nenhssiu
nenhssui
nenhsusi
nenhsuis
nenhuiss
nenhuiss
nenhusis
nenhussi
nenhussi
nenhusis
nenihssu
nenihsus
nenihssu
nenihsus
nenihuss
nenihuss
nenishsu
nenishus
nenisshu
nenissuh
nenisush
nenisuhs
nenisshu
nenissuh
nenishsu
nenishus
nenisuhs
nenisush
neniussh
neniushs
neniussh
neniushs
neniuhss
neniuhss
nenshisu
nenshius
nenshsiu
nenshsui
nenshusi
nenshuis
nensihsu
nensihus
nensishu
nensisuh
nensiush
nensiuhs
nenssihu
nenssiuh
nensshiu
nensshui
nenssuhi
nenssuih
nensuish
nensuihs
nensusih
nensushi
nensuhsi
nensuhis
nenuhiss
nenuhiss
nenuhsis
nenuhssi
nenuhssi
nenuhsis
nenuihss
nenuihss
nenuishs
nenuissh
nenuissh
nenuishs
nenusihs
nenusish
nenushis
nenushsi
nenusshi
nenussih
nenusish
nenusihs
nenussih
nenusshi
nenushsi
nenushis
neushins
neushisn
neushnis
neushnsi
neushsni
neushsin
neusihns
neusihsn
neusinhs
neusinsh
neusisnh
neusishn
neusnihs
neusnish
neusnhis
neusnhsi
neusnshi
neusnsih
neussinh
neussihn
neussnih
neussnhi
neusshni
neusshin
neuhsins
neuhsisn
neuhsnis
neuhsnsi
neuhssni
neuhssin
neuhisns
neuhissn
neuhinss
neuhinss
neuhisns
neuhissn
neuhniss
neuhniss
neuhnsis
neuhnssi
neuhnssi
neuhnsis
neuhsins
neuhsisn
neuhsnis
neuhsnsi
neuhssni
neuhssin
neuihsns
neuihssn
neuihnss
neuihnss
neuihsns
neuihssn
neuishns
neuishsn
neuisnhs
neuisnsh
neuissnh
neuisshn
neuinshs
neuinssh
neuinhss
neuinhss
neuinshs
neuinssh
neuissnh
neuisshn
neuisnsh
neuisnhs
neuishns
neuishsn
neunhiss
neunhiss
neunhsis
neunhssi
neunhssi
neunhsis
neunihss
neunihss
neunishs
neunissh
neunissh
neunishs
neunsihs
neunsish
neunshis
neunshsi
neunsshi
neunssih
neunsish
neunsihs
neunssih
neunsshi
neunshsi
neunshis
neushins
neushisn
neushnis
neushnsi
neushsni
neushsin
neusihns
neusihsn
neusinhs
neusinsh
neusisnh
neusishn
neusnihs
neusnish
neusnhis
neusnhsi
neusnshi
neusnsih
neussinh
neussihn
neussnih
neussnhi
neusshni
neusshin
sunshine
sunshien
sunshnie
sunshnei
sunsheni
sunshein
sunsihne
sunsihen
sunsinhe
sunsineh
sunsienh
sunsiehn
sunsnihe
sunsnieh
sunsnhie
sunsnhei
sunsnehi
sunsneih
sunseinh
sunseihn
sunsenih
sunsenhi
sunsehni
sunsehin
sunhsine
sunhsien
sunhsnie
sunhsnei
sunhseni
sunhsein
sunhisne
sunhisen
sunhinse
sunhines
sunhiens
sunhiesn
sunhnise
sunhnies
sunhnsie
sunhnsei
sunhnesi
sunhneis
sunheins
sunheisn
sunhenis
sunhensi
sunhesni
sunhesin
sunihsne
sunihsen
sunihnse
sunihnes
sunihens
sunihesn
sunishne
sunishen
sunisnhe
sunisneh
sunisenh
sunisehn
suninshe
suninseh
suninhse
suninhes
suninehs
suninesh
suniesnh
sunieshn
suniensh
sunienhs
suniehns
suniehsn
sunnhise
sunnhies
sunnhsie
sunnhsei
sunnhesi
sunnheis
sunnihse
sunnihes
sunnishe
sunniseh
sunniesh
sunniehs
sunnsihe
sunnsieh
sunnshie
sunnshei
sunnsehi
sunnseih
sunneish
sunneihs
sunnesih
sunneshi
sunnehsi
sunnehis
sunehins
sunehisn
sunehnis
sunehnsi
sunehsni
sunehsin
suneihns
suneihsn
suneinhs
suneinsh
suneisnh
suneishn
sunenihs
sunenish
sunenhis
sunenhsi
sunenshi
sunensih
sunesinh
sunesihn
sunesnih
sunesnhi
suneshni
suneshin
susnhine
susnhien
susnhnie
susnhnei
susnheni
susnhein
susnihne
susnihen
susninhe
susnineh
susnienh
susniehn
susnnihe
susnnieh
susnnhie
susnnhei
susnnehi
susnneih
susneinh
susneihn
susnenih
susnenhi
susnehni
susnehin
sushnine
sushnien
sushnnie
sushnnei
sushneni
sushnein
sushinne
sushinen
sushinne
sushinen
sushienn
sushienn
sushnine
sushnien
sushnnie
sushnnei
sushneni
sushnein
susheinn
susheinn
sushenin
sushenni
sushenni
sushenin
susihnne
susihnen
susihnne
susihnen
susihenn
susihenn
susinhne
susinhen
susinnhe
susinneh
susinenh
susinehn
susinnhe
susinneh
susinhne
susinhen
susinehn
susinenh
susiennh
susienhn
susiennh
susienhn
susiehnn
susiehnn
susnhine
susnhien
susnhnie
susnhnei
susnheni
susnhein
susnihne
susnihen
susninhe
susnineh
susnienh
susniehn
susnnihe
susnnieh
susnnhie
susnnhei
susnnehi
susnneih
susneinh
susneihn
susnenih
susnenhi
susnehni
susnehin
susehinn
susehinn
susehnin
susehnni
susehnni
susehnin
suseihnn
suseihnn
suseinhn
suseinnh
suseinnh
suseinhn
susenihn
suseninh
susenhin
susenhni
susennhi
susennih
suseninh
susenihn
susennih
susennhi
susenhni
susenhin
suhsnine
suhsnien
suhsnnie
suhsnnei
suhsneni
suhsnein
suhsinne
suhsinen
suhsinne
suhsinen
suhsienn
suhsienn
suhsnine
suhsnien
suhsnnie
suhsnnei
suhsneni
suhsnein
suhseinn
suhseinn
suhsenin
suhsenni
suhsenni
suhsenin
suhnsine
suhnsien
suhnsnie
suhnsnei
suhnseni
suhnsein
suhnisne
suhnisen
suhninse
suhnines
suhniens
suhniesn
suhnnise
suhnnies
suhnnsie
suhnnsei
suhnnesi
suhnneis
suhneins
suhneisn
suhnenis
suhnensi
suhnesni
suhnesin
suhinsne
suhinsen
suhinnse
suhinnes
suhinens
suhinesn
suhisnne
suhisnen
suhisnne
suhisnen
suhisenn
suhisenn
suhinsne
suhinsen
suhinnse
suhinnes
suhinens
suhinesn
suhiesnn
suhiesnn
suhiensn
suhienns
suhienns
suhiensn
suhnnise
suhnnies
suhnnsie
suhnnsei
suhnnesi
suhnneis
suhninse
suhnines
suhnisne
suhnisen
suhniesn
suhniens
suhnsine
suhnsien
suhnsnie
suhnsnei
suhnseni
suhnsein
suhneisn
suhneins
suhnesin
suhnesni
suhnensi
suhnenis
suhenins
suhenisn
suhennis
suhennsi
suhensni
suhensin
suheinns
suheinsn
suheinns
suheinsn
suheisnn
suheisnn
suhenins
suhenisn
suhennis
suhennsi
suhensni
suhensin
suhesinn
suhesinn
suhesnin
suhesnni
suhesnni
suhesnin
suishnne
suishnen
suishnne
suishnen
suishenn
suishenn
suisnhne
suisnhen
suisnnhe
suisnneh
suisnenh
suisnehn
suisnnhe
suisnneh
suisnhne
suisnhen
suisnehn
suisnenh
suisennh
suisenhn
suisennh
suisenhn
suisehnn
suisehnn
suihsnne
suihsnen
suihsnne
suihsnen
suihsenn
suihsenn
suihnsne
suihnsen
suihnnse
suihnnes
suihnens
suihnesn
suihnnse
suihnnes
suihnsne
suihnsen
suihnesn
suihnens
suihenns
suihensn
suihenns
suihensn
suihesnn
suihesnn
suinhsne
suinhsen
suinhnse
suinhnes
suinhens
suinhesn
suinshne
suinshen
suinsnhe
suinsneh
suinsenh
suinsehn
suinnshe
suinnseh
suinnhse
suinnhes
suinnehs
suinnesh
suinesnh
suineshn
suinensh
suinenhs
suinehns
suinehsn
suinhnse
suinhnes
suinhsne
suinhsen
suinhesn
suinhens
suinnhse
suinnhes
suinnshe
suinnseh
suinnesh
suinnehs
suinsnhe
suinsneh
suinshne
suinshen
suinsehn
suinsenh
suinensh
suinenhs
suinesnh
suineshn
suinehsn
suinehns
suiehnns
suiehnsn
suiehnns
suiehnsn
suiehsnn
suiehsnn
suienhns
suienhsn
suiennhs
suiennsh
suiensnh
suienshn
suiennhs
suiennsh
suienhns
suienhsn
suienshn
suiensnh
suiesnnh
suiesnhn
suiesnnh
suiesnhn
suieshnn
suieshnn
sunshine
sunshien
sunshnie
sunshnei
sunsheni
sunshein
sunsihne
sunsihen
sunsinhe
sunsineh
sunsienh
sunsiehn
sunsnihe
sunsnieh
sunsnhie
sunsnhei
sunsnehi
sunsneih
sunseinh
sunseihn
sunsenih
sunsenhi
sunsehni
sunsehin
sunhsine
sunhsien
sunhsnie
sunhsnei
sunhseni
sunhsein
sunhisne
sunhisen
sunhinse
sunhines
sunhiens
sunhiesn
sunhnise
sunhnies
sunhnsie
sunhnsei
sunhnesi
sunhneis
sunheins
sunheisn
sunhenis
sunhensi
sunhesni
sunhesin
sunihsne
sunihsen
sunihnse
sunihnes
sunihens
sunihesn
sunishne
sunishen
sunisnhe
sunisneh
sunisenh
sunisehn
suninshe
suninseh
suninhse
suninhes
suninehs
suninesh
suniesnh
sunieshn
suniensh
sunienhs
suniehns
suniehsn
sunnhise
sunnhies
sunnhsie
sunnhsei
sunnhesi
sunnheis
sunnihse
sunnihes
sunnishe
sunniseh
sunniesh
sunniehs
sunnsihe
sunnsieh
sunnshie
sunnshei
sunnsehi
sunnseih
sunneish
sunneihs
sunnesih
sunneshi
sunnehsi
sunnehis
sunehins
sunehisn
sunehnis
sunehnsi
sunehsni
sunehsin
suneihns
suneihsn
suneinhs
suneinsh
suneisnh
suneishn
sunenihs
sunenish
sunenhis
sunenhsi
sunenshi
sunensih
sunesinh
sunesihn
sunesnih
sunesnhi
suneshni
suneshin
sueshinn
sueshinn
sueshnin
sueshnni
sueshnni
sueshnin
suesihnn
suesihnn
suesinhn
suesinnh
suesinnh
suesinhn
suesnihn
suesninh
suesnhin
suesnhni
suesnnhi
suesnnih
suesninh
suesnihn
suesnnih
suesnnhi
suesnhni
suesnhin
suehsinn
suehsinn
suehsnin
suehsnni
suehsnni
suehsnin
suehisnn
suehisnn
suehinsn
suehinns
suehinns
suehinsn
suehnisn
suehnins
suehnsin
suehnsni
suehnnsi
suehnnis
suehnins
suehnisn
suehnnis
suehnnsi
suehnsni
suehnsin
sueihsnn
sueihsnn
sueihnsn
sueihnns
sueihnns
sueihnsn
sueishnn
sueishnn
sueisnhn
sueisnnh
sueisnnh
sueisnhn
sueinshn
sueinsnh
sueinhsn
sueinhns
sueinnhs
sueinnsh
sueinsnh
sueinshn
sueinnsh
sueinnhs
sueinhns
sueinhsn
suenhisn
suenhins
suenhsin
suenhsni
suenhnsi
suenhnis
suenihsn
suenihns
suenishn
suenisnh
sueninsh
sueninhs
suensihn
suensinh
suenshin
suenshni
suensnhi
suensnih
suennish
suennihs
suennsih
suennshi
suennhsi
suennhis
suenhins
suenhisn
suenhnis
suenhnsi
suenhsni
suenhsin
suenihns
suenihsn
sueninhs
sueninsh
suenisnh
suenishn
suennihs
suennish
suennhis
suennhsi
suennshi
suennsih
suensinh
suensihn
suensnih
suensnhi
suenshni
suenshin
snushine
snushien
snushnie
snushnei
snusheni
snushein
snusihne
snusihen
snusinhe
snusineh
snusienh
snusiehn
snusnihe
snusnieh
snusnhie
snusnhei
snusnehi
snusneih
snuseinh
snuseihn
snusenih
snusenhi
snusehni
snusehin
snuhsine
snuhsien
snuhsnie
snuhsnei
snuhseni
snuhsein
snuhisne
snuhisen
snuhinse
snuhines
snuhiens
snuhiesn
snuhnise
snuhnies
snuhnsie
snuhnsei
snuhnesi
snuhneis
snuheins
snuheisn
snuhenis
snuhensi
snuhesni
snuhesin
snuihsne
snuihsen
snuihnse
snuihnes
snuihens
snuihesn
snuishne
snuishen
snuisnhe
snuisneh
snuisenh
snuisehn
snuinshe
snuinseh
snuinhse
snuinhes
snuinehs
snuinesh
snuiesnh
snuieshn
snuiensh
snuienhs
snuiehns
snuiehsn
snunhise
snunhies
snunhsie
snunhsei
snunhesi
snunheis
snunihse
snunihes
snunishe
snuniseh
snuniesh
snuniehs
snunsihe
snunsieh
snunshie
snunshei
snunsehi
snunseih
snuneish
snuneihs
snunesih
snuneshi
snunehsi
snunehis
snuehins
snuehisn
snuehnis
snuehnsi
snuehsni
snuehsin
snueihns
snueihsn
snueinhs
snueinsh
snueisnh
snueishn
snuenihs
snuenish
snuenhis
snuenhsi
snuenshi
snuensih
snuesinh
snuesihn
snuesnih
snuesnhi
snueshni
snueshin
snsuhine
snsuhien
snsuhnie
snsuhnei
snsuheni
snsuhein
snsuihne
snsuihen
snsuinhe
snsuineh
snsuienh
snsuiehn
snsunihe
snsunieh
snsunhie
snsunhei
snsunehi
snsuneih
snsueinh
snsueihn
snsuenih
snsuenhi
snsuehni
snsuehin
snshuine
snshuien
snshunie
snshunei
snshueni
snshuein
snshiune
snshiuen
snshinue
snshineu
snshienu
snshieun
snshniue
snshnieu
snshnuie
snshnuei
snshneui
snshneiu
snsheinu
snsheiun
snsheniu
snshenui
snsheuni
snsheuin
snsihune
snsihuen
snsihnue
snsihneu
snsihenu
snsiheun
snsiuhne
snsiuhen
snsiunhe
snsiuneh
snsiuenh
snsiuehn
snsinuhe
snsinueh
snsinhue
snsinheu
snsinehu
snsineuh
snsieunh
snsieuhn
snsienuh
snsienhu
snsiehnu
snsiehun
snsnhiue
snsnhieu
snsnhuie
snsnhuei
snsnheui
snsnheiu
snsnihue
snsniheu
snsniuhe
snsniueh
snsnieuh
snsniehu
snsnuihe
snsnuieh
snsnuhie
snsnuhei
snsnuehi
snsnueih
snsneiuh
snsneihu
snsneuih
snsneuhi
snsnehui
snsnehiu
snsehinu
snsehiun
snsehniu
snsehnui
snsehuni
snsehuin
snseihnu
snseihun
snseinhu
snseinuh
snseiunh
snseiuhn
snsenihu
snseniuh
snsenhiu
snsenhui
snsenuhi
snsenuih
snseuinh
snseuihn
snseunih
snseunhi
snseuhni
snseuhin
snhsuine
snhsuien
snhsunie
snhsunei
snhsueni
snhsuein
snhsiune
snhsiuen
snhsinue
snhsineu
snhsienu
snhsieun
snhsniue
snhsnieu
snhsnuie
snhsnuei
snhsneui
snhsneiu
snhseinu
snhseiun
snhseniu
snhsenui
snhseuni
snhseuin
snhusine
snhusien
snhusnie
snhusnei
snhuseni
snhusein
snhuisne
snhuisen
snhuinse
snhuines
snhuiens
snhuiesn
snhunise
snhunies
snhunsie
snhunsei
snhunesi
snhuneis
snhueins
snhueisn
snhuenis
snhuensi
snhuesni
snhuesin
snhiusne
snhiusen
snhiunse
snhiunes
snhiuens
snhiuesn
snhisune
snhisuen
snhisnue
snhisneu
snhisenu
snhiseun
snhinsue
snhinseu
snhinuse
snhinues
snhineus
snhinesu
snhiesnu
snhiesun
snhiensu
snhienus
snhieuns
snhieusn
snhnuise
snhnuies
snhnusie
snhnusei
snhnuesi
snhnueis
snhniuse
snhniues
snhnisue
snhniseu
snhniesu
snhnieus
snhnsiue
snhnsieu
snhnsuie
snhnsuei
snhnseui
snhnseiu
snhneisu
snhneius
snhnesiu
snhnesui
snhneusi
snhneuis
snheuins
snheuisn
snheunis
snheunsi
snheusni
snheusin
snheiuns
snheiusn
snheinus
snheinsu
snheisnu
snheisun
snhenius
snhenisu
snhenuis
snhenusi
snhensui
snhensiu
snhesinu
snhesiun
snhesniu
snhesnui
snhesuni
snhesuin
snishune
snishuen
snishnue
snishneu
snishenu
snisheun
snisuhne
snisuhen
snisunhe
snisuneh
snisuenh
snisuehn
snisnuhe
snisnueh
snisnhue
snisnheu
snisnehu
snisneuh
sniseunh
sniseuhn
snisenuh
snisenhu
snisehnu
snisehun
snihsune
snihsuen
snihsnue
snihsneu
snihsenu
snihseun
snihusne
snihusen
snihunse
snihunes
snihuens
snihuesn
snihnuse
snihnues
snihnsue
snihnseu
snihnesu
snihneus
sniheuns
sniheusn
snihenus
snihensu
snihesnu
snihesun
sniuhsne
sniuhsen
sniuhnse
sniuhnes
sniuhens
sniuhesn
sniushne
sniushen
sniusnhe
sniusneh
sniusenh
sniusehn
sniunshe
sniunseh
sniunhse
sniunhes
sniunehs
sniunesh
sniuesnh
sniueshn
sniuensh
sniuenhs
sniuehns
sniuehsn
sninhuse
sninhues
sninhsue
sninhseu
sninhesu
sninheus
sninuhse
sninuhes
sninushe
sninuseh
sninuesh
sninuehs
sninsuhe
sninsueh
sninshue
sninsheu
sninsehu
sninseuh
snineush
snineuhs
sninesuh
snineshu
sninehsu
sninehus
sniehuns
sniehusn
sniehnus
sniehnsu
sniehsnu
sniehsun
snieuhns
snieuhsn
snieunhs
snieunsh
snieusnh
snieushn
snienuhs
snienush
snienhus
snienhsu
snienshu
sniensuh
sniesunh
sniesuhn
sniesnuh
sniesnhu
snieshnu
snieshun
snnshiue
snnshieu
snnshuie
snnshuei
snnsheui
snnsheiu
snnsihue
snnsiheu
snnsiuhe
snnsiueh
snnsieuh
snnsiehu
snnsuihe
snnsuieh
snnsuhie
snnsuhei
snnsuehi
snnsueih
snnseiuh
snnseihu
snnseuih
snnseuhi
snnsehui
snnsehiu
snnhsiue
snnhsieu
snnhsuie
snnhsuei
snnhseui
snnhseiu
snnhisue
snnhiseu
snnhiuse
snnhiues
snnhieus
snnhiesu
snnhuise
snnhuies
snnhusie
snnhusei
snnhuesi
snnhueis
snnheius
snnheisu
snnheuis
snnheusi
snnhesui
snnhesiu
snnihsue
snnihseu
snnihuse
snnihues
snniheus
snnihesu
snnishue
snnisheu
snnisuhe
snnisueh
snniseuh
snnisehu
snniushe
snniuseh
snniuhse
snniuhes
snniuehs
snniuesh
snniesuh
snnieshu
snnieush
snnieuhs
snniehus
snniehsu
snnuhise
snnuhies
snnuhsie
snnuhsei
snnuhesi
snnuheis
snnuihse
snnuihes
snnuishe
snnuiseh
snnuiesh
snnuiehs
snnusihe
snnusieh
snnushie
snnushei
snnusehi
snnuseih
snnueish
snnueihs
snnuesih
snnueshi
snnuehsi
snnuehis
snnehius
snnehisu
snnehuis
snnehusi
snnehsui
snnehsiu
snneihus
snneihsu
snneiuhs
snneiush
snneisuh
snneishu
snneuihs
snneuish
snneuhis
snneuhsi
snneushi
snneusih
snnesiuh
snnesihu
snnesuih
snnesuhi
snneshui
snneshiu
sneshinu
sneshiun
sneshniu
sneshnui
sneshuni
sneshuin
snesihnu
snesihun
snesinhu
snesinuh
snesiunh
snesiuhn
snesnihu
snesniuh
snesnhiu
snesnhui
snesnuhi
snesnuih
snesuinh
snesuihn
snesunih
snesunhi
snesuhni
snesuhin
snehsinu
snehsiun
snehsniu
snehsnui
snehsuni
snehsuin
snehisnu
snehisun
snehinsu
snehinus
snehiuns
snehiusn
snehnisu
snehnius
snehnsiu
snehnsui
snehnusi
snehnuis
snehuins
snehuisn
snehunis
snehunsi
snehusni
snehusin
sneihsnu
sneihsun
sneihnsu
sneihnus
sneihuns
sneihusn
sneishnu
sneishun
sneisnhu
sneisnuh
sneisunh
sneisuhn
sneinshu
sneinsuh
sneinhsu
sneinhus
sneinuhs
sneinush
sneiusnh
sneiushn
sneiunsh
sneiunhs
sneiuhns
sneiuhsn
snenhisu
snenhius
snenhsiu
snenhsui
snenhusi
snenhuis
snenihsu
snenihus
snenishu
snenisuh
sneniush
sneniuhs
snensihu
snensiuh
snenshiu
snenshui
snensuhi
snensuih
snenuish
snenuihs
snenusih
snenushi
snenuhsi
snenuhis
sneuhins
sneuhisn
sneuhnis
sneuhnsi
sneuhsni
sneuhsin
sneuihns
sneuihsn
sneuinhs
sneuinsh
sneuisnh
sneuishn
sneunihs
sneunish
sneunhis
sneunhsi
sneunshi
sneunsih
sneusinh
sneusihn
sneusnih
sneusnhi
sneushni
sneushin
ssnuhine
ssnuhien
ssnuhnie
ssnuhnei
ssnuheni
ssnuhein
ssnuihne
ssnuihen
ssnuinhe
ssnuineh
ssnuienh
ssnuiehn
ssnunihe
ssnunieh
ssnunhie
ssnunhei
ssnunehi
ssnuneih
ssnueinh
ssnueihn
ssnuenih
ssnuenhi
ssnuehni
ssnuehin
ssnhuine
ssnhuien
ssnhunie
ssnhunei
ssnhueni
ssnhuein
ssnhiune
ssnhiuen
ssnhinue
ssnhineu
ssnhienu
ssnhieun
ssnhniue
ssnhnieu
ssnhnuie
ssnhnuei
ssnhneui
ssnhneiu
ssnheinu
ssnheiun
ssnheniu
ssnhenui
ssnheuni
ssnheuin
ssnihune
ssnihuen
ssnihnue
ssnihneu
ssnihenu
ssniheun
ssniuhne
ssniuhen
ssniunhe
ssniuneh
ssniuenh
ssniuehn
ssninuhe
ssninueh
ssninhue
ssninheu
ssninehu
ssnineuh
ssnieunh
ssnieuhn
ssnienuh
ssnienhu
ssniehnu
ssniehun
ssnnhiue
ssnnhieu
ssnnhuie
ssnnhuei
ssnnheui
ssnnheiu
ssnnihue
ssnniheu
ssnniuhe
ssnniueh
ssnnieuh
ssnniehu
ssnnuihe
ssnnuieh
ssnnuhie
ssnnuhei
ssnnuehi
ssnnueih
ssnneiuh
ssnneihu
ssnneuih
ssnneuhi
ssnnehui
ssnnehiu
ssnehinu
ssnehiun
ssnehniu
ssnehnui
ssnehuni
ssnehuin
ssneihnu
ssneihun
ssneinhu
ssneinuh
ssneiunh
ssneiuhn
ssnenihu
ssneniuh
ssnenhiu
ssnenhui
ssnenuhi
ssnenuih
ssneuinh
ssneuihn
ssneunih
ssneunhi
ssneuhni
ssneuhin
ssunhine
ssunhien
ssunhnie
ssunhnei
ssunheni
ssunhein
ssunihne
ssunihen
ssuninhe
ssunineh
ssunienh
ssuniehn
ssunnihe
ssunnieh
ssunnhie
ssunnhei
ssunnehi
ssunneih
ssuneinh
ssuneihn
ssunenih
ssunenhi
ssunehni
ssunehin
ssuhnine
ssuhnien
ssuhnnie
ssuhnnei
ssuhneni
ssuhnein
ssuhinne
ssuhinen
ssuhinne
ssuhinen
ssuhienn
ssuhienn
ssuhnine
ssuhnien
ssuhnnie
ssuhnnei
ssuhneni
ssuhnein
ssuheinn
ssuheinn
ssuhenin
ssuhenni
ssuhenni
ssuhenin
ssuihnne
ssuihnen
ssuihnne
ssuihnen
ssuihenn
ssuihenn
ssuinhne
ssuinhen
ssuinnhe
ssuinneh
ssuinenh
ssuinehn
ssuinnhe
ssuinneh
ssuinhne
ssuinhen
ssuinehn
ssuinenh
ssuiennh
ssuienhn
ssuiennh
ssuienhn
ssuiehnn
ssuiehnn
ssunhine
ssunhien
ssunhnie
ssunhnei
ssunheni
ssunhein
ssunihne
ssunihen
ssuninhe
ssunineh
ssunienh
ssuniehn
ssunnihe
ssunnieh
ssunnhie
ssunnhei
ssunnehi
ssunneih
ssuneinh
ssuneihn
ssunenih
ssunenhi
ssunehni
ssunehin
ssuehinn
ssuehinn
ssuehnin
ssuehnni
ssuehnni
ssuehnin
ssueihnn
ssueihnn
ssueinhn
ssueinnh
ssueinnh
ssueinhn
ssuenihn
ssueninh
ssuenhin
ssuenhni
ssuennhi
ssuennih
ssueninh
ssuenihn
ssuennih
ssuennhi
ssuenhni
ssuenhin
sshunine
sshunien
sshunnie
sshunnei
sshuneni
sshunein
sshuinne
sshuinen
sshuinne
sshuinen
sshuienn
sshuienn
sshunine
sshunien
sshunnie
sshunnei
sshuneni
sshunein
sshueinn
sshueinn
sshuenin
sshuenni
sshuenni
sshuenin
sshnuine
sshnuien
sshnunie
sshnunei
sshnueni
sshnuein
sshniune
sshniuen
sshninue
sshnineu
sshnienu
sshnieun
sshnniue
sshnnieu
sshnnuie
sshnnuei
sshnneui
sshnneiu
sshneinu
sshneiun
sshneniu
sshnenui
sshneuni
sshneuin
sshinune
sshinuen
sshinnue
sshinneu
sshinenu
sshineun
sshiunne
sshiunen
sshiunne
sshiunen
sshiuenn
sshiuenn
sshinune
sshinuen
sshinnue
sshinneu
sshinenu
sshineun
sshieunn
sshieunn
sshienun
sshiennu
sshiennu
sshienun
sshnniue
sshnnieu
sshnnuie
sshnnuei
sshnneui
sshnneiu
sshninue
sshnineu
sshniune
sshniuen
sshnieun
sshnienu
sshnuine
sshnuien
sshnunie
sshnunei
sshnueni
sshnuein
sshneiun
sshneinu
sshneuin
sshneuni
sshnenui
sshneniu
ssheninu
ssheniun
sshenniu
sshennui
sshenuni
sshenuin
ssheinnu
ssheinun
ssheinnu
ssheinun
ssheiunn
ssheiunn
ssheninu
ssheniun
sshenniu
sshennui
sshenuni
sshenuin
ssheuinn
ssheuinn
ssheunin
ssheunni
ssheunni
ssheunin
ssiuhnne
ssiuhnen
ssiuhnne
ssiuhnen
ssiuhenn
ssiuhenn
ssiunhne
ssiunhen
ssiunnhe
ssiunneh
ssiunenh
ssiunehn
ssiunnhe
ssiunneh
ssiunhne
ssiunhen
ssiunehn
ssiunenh
ssiuennh
ssiuenhn
ssiuennh
ssiuenhn
ssiuehnn
ssiuehnn
ssihunne
ssihunen
ssihunne
ssihunen
ssihuenn
ssihuenn
ssihnune
ssihnuen
ssihnnue
ssihnneu
ssihnenu
ssihneun
ssihnnue
ssihnneu
ssihnune
ssihnuen
ssihneun
ssihnenu
ssihennu
ssihenun
ssihennu
ssihenun
ssiheunn
ssiheunn
ssinhune
ssinhuen
ssinhnue
ssinhneu
ssinhenu
ssinheun
ssinuhne
ssinuhen
ssinunhe
ssinuneh
ssinuenh
ssinuehn
ssinnuhe
ssinnueh
ssinnhue
ssinnheu
ssinnehu
ssinneuh
ssineunh
ssineuhn
ssinenuh
ssinenhu
ssinehnu
ssinehun
ssinhnue
ssinhneu
ssinhune
ssinhuen
ssinheun
ssinhenu
ssinnhue
ssinnheu
ssinnuhe
ssinnueh
ssinneuh
ssinnehu
ssinunhe
ssinuneh
ssinuhne
ssinuhen
ssinuehn
ssinuenh
ssinenuh
ssinenhu
ssineunh
ssineuhn
ssinehun
ssinehnu
ssiehnnu
ssiehnun
ssiehnnu
ssiehnun
ssiehunn
ssiehunn
ssienhnu
ssienhun
ssiennhu
ssiennuh
ssienunh
ssienuhn
ssiennhu
ssiennuh
ssienhnu
ssienhun
ssienuhn
ssienunh
ssieunnh
ssieunhn
ssieunnh
ssieunhn
ssieuhnn
ssieuhnn
ssnuhine
ssnuhien
ssnuhnie
ssnuhnei
ssnuheni
ssnuhein
ssnuihne
ssnuihen
ssnuinhe
ssnuineh
ssnuienh
ssnuiehn
ssnunihe
ssnunieh
ssnunhie
ssnunhei
ssnunehi
ssnuneih
ssnueinh
ssnueihn
ssnuenih
ssnuenhi
ssnuehni
ssnuehin
ssnhuine
ssnhuien
ssnhunie
ssnhunei
ssnhueni
ssnhuein
ssnhiune
ssnhiuen
ssnhinue
ssnhineu
ssnhienu
ssnhieun
ssnhniue
ssnhnieu
ssnhnuie
ssnhnuei
ssnhneui
ssnhneiu
ssnheinu
ssnheiun
ssnheniu
ssnhenui
ssnheuni
ssnheuin
ssnihune
ssnihuen
ssnihnue
ssnihneu
ssnihenu
ssniheun
ssniuhne
ssniuhen
ssniunhe
ssniuneh
ssniuenh
ssniuehn
ssninuhe
ssninueh
ssninhue
ssninheu
ssninehu
ssnineuh
ssnieunh
ssnieuhn
ssnienuh
ssnienhu
ssniehnu
ssniehun
ssnnhiue
ssnnhieu
ssnnhuie
ssnnhuei
ssnnheui
ssnnheiu
ssnnihue
ssnniheu
ssnniuhe
ssnniueh
ssnnieuh
ssnniehu
ssnnuihe
ssnnuieh
ssnnuhie
ssnnuhei
ssnnuehi
ssnnueih
ssnneiuh
ssnneihu
ssnneuih
ssnneuhi
ssnnehui
ssnnehiu
ssnehinu
ssnehiun
ssnehniu
ssnehnui
ssnehuni
ssnehuin
ssneihnu
ssneihun
ssneinhu
ssneinuh
ssneiunh
ssneiuhn
ssnenihu
ssneniuh
ssnenhiu
ssnenhui
ssnenuhi
ssnenuih
ssneuinh
ssneuihn
ssneunih
ssneunhi
ssneuhni
ssneuhin
sseuhinn
sseuhinn
sseuhnin
sseuhnni
sseuhnni
sseuhnin
sseuihnn
sseuihnn
sseuinhn
sseuinnh
sseuinnh
sseuinhn
sseunihn
sseuninh
sseunhin
sseunhni
sseunnhi
sseunnih
sseuninh
sseunihn
sseunnih
sseunnhi
sseunhni
sseunhin
ssehuinn
ssehuinn
ssehunin
ssehunni
ssehunni
ssehunin
ssehiunn
ssehiunn
ssehinun
ssehinnu
ssehinnu
ssehinun
ssehniun
ssehninu
ssehnuin
ssehnuni
ssehnnui
ssehnniu
ssehninu
ssehniun
ssehnniu
ssehnnui
ssehnuni
ssehnuin
sseihunn
sseihunn
sseihnun
sseihnnu
sseihnnu
sseihnun
sseiuhnn
sseiuhnn
sseiunhn
sseiunnh
sseiunnh
sseiunhn
sseinuhn
sseinunh
sseinhun
sseinhnu
sseinnhu
sseinnuh
sseinunh
sseinuhn
sseinnuh
sseinnhu
sseinhnu
sseinhun
ssenhiun
ssenhinu
ssenhuin
ssenhuni
ssenhnui
ssenhniu
ssenihun
ssenihnu
sseniuhn
sseniunh
sseninuh
sseninhu
ssenuihn
ssenuinh
ssenuhin
ssenuhni
ssenunhi
ssenunih
ssenniuh
ssennihu
ssennuih
ssennuhi
ssennhui
ssennhiu
ssenhinu
ssenhiun
ssenhniu
ssenhnui
ssenhuni
ssenhuin
ssenihnu
ssenihun
sseninhu
sseninuh
sseniunh
sseniuhn
ssennihu
ssenniuh
ssennhiu
ssennhui
ssennuhi
ssennuih
ssenuinh
ssenuihn
ssenunih
ssenunhi
ssenuhni
ssenuhin
shnsuine
shnsuien
shnsunie
shnsunei
shnsueni
shnsuein
shnsiune
shnsiuen
shnsinue
shnsineu
shnsienu
shnsieun
shnsniue
shnsnieu
shnsnuie
shnsnuei
shnsneui
shnsneiu
shnseinu
shnseiun
shnseniu
shnsenui
shnseuni
shnseuin
shnusine
shnusien
shnusnie
shnusnei
shnuseni
shnusein
shnuisne
shnuisen
shnuinse
shnuines
shnuiens
shnuiesn
shnunise
shnunies
shnunsie
shnunsei
shnunesi
shnuneis
shnueins
shnueisn
shnuenis
shnuensi
shnuesni
shnuesin
shniusne
shniusen
shniunse
shniunes
shniuens
shniuesn
shnisune
shnisuen
shnisnue
shnisneu
shnisenu
shniseun
shninsue
shninseu
shninuse
shninues
shnineus
shninesu
shniesnu
shniesun
shniensu
shnienus
shnieuns
shnieusn
shnnuise
shnnuies
shnnusie
shnnusei
shnnuesi
shnnueis
shnniuse
shnniues
shnnisue
shnniseu
shnniesu
shnnieus
shnnsiue
shnnsieu
shnnsuie
shnnsuei
shnnseui
shnnseiu
shnneisu
shnneius
shnnesiu
shnnesui
shnneusi
shnneuis
shneuins
shneuisn
shneunis
shneunsi
shneusni
shneusin
shneiuns
shneiusn
shneinus
shneinsu
shneisnu
shneisun
shnenius
shnenisu
shnenuis
shnenusi
shnensui
shnensiu
shnesinu
shnesiun
shnesniu
shnesnui
shnesuni
shnesuin
shsnuine
shsnuien
shsnunie
shsnunei
shsnueni
shsnuein
shsniune
shsniuen
shsninue
shsnineu
shsnienu
shsnieun
shsnniue
shsnnieu
shsnnuie
shsnnuei
shsnneui
shsnneiu
shsneinu
shsneiun
shsneniu
shsnenui
shsneuni
shsneuin
shsunine
shsunien
shsunnie
shsunnei
shsuneni
shsunein
shsuinne
shsuinen
shsuinne
shsuinen
shsuienn
shsuienn
shsunine
shsunien
shsunnie
shsunnei
shsuneni
shsunein
shsueinn
shsueinn
shsuenin
shsuenni
shsuenni
shsuenin
shsiunne
shsiunen
shsiunne
shsiunen
shsiuenn
shsiuenn
shsinune
shsinuen
shsinnue
shsinneu
shsinenu
shsineun
shsinnue
shsinneu
shsinune
shsinuen
shsineun
shsinenu
shsiennu
shsienun
shsiennu
shsienun
shsieunn
shsieunn
shsnuine
shsnuien
shsnunie
shsnunei
shsnueni
shsnuein
shsniune
shsniuen
shsninue
shsnineu
shsnienu
shsnieun
shsnniue
shsnnieu
shsnnuie
shsnnuei
shsnneui
shsnneiu
shsneinu
shsneiun
shsneniu
shsnenui
shsneuni
shsneuin
shseuinn
shseuinn
shseunin
shseunni
shseunni
shseunin
shseiunn
shseiunn
shseinun
shseinnu
shseinnu
shseinun
shseniun
shseninu
shsenuin
shsenuni
shsennui
shsenniu
shseninu
shseniun
shsenniu
shsennui
shsenuni
shsenuin
shusnine
shusnien
shusnnie
shusnnei
shusneni
shusnein
shusinne
shusinen
shusinne
shusinen
shusienn
shusienn
shusnine
shusnien
shusnnie
shusnnei
shusneni
shusnein
shuseinn
shuseinn
shusenin
shusenni
shusenni
shusenin
shunsine
shunsien
shunsnie
shunsnei
shunseni
shunsein
shunisne
shunisen
shuninse
shunines
shuniens
shuniesn
shunnise
shunnies
shunnsie
shunnsei
shunnesi
shunneis
shuneins
shuneisn
shunenis
shunensi
shunesni
shunesin
shuinsne
shuinsen
shuinnse
shuinnes
shuinens
shuinesn
shuisnne
shuisnen
shuisnne
shuisnen
shuisenn
shuisenn
shuinsne
shuinsen
shuinnse
shuinnes
shuinens
shuinesn
shuiesnn
shuiesnn
shuiensn
shuienns
shuienns
shuiensn
shunnise
shunnies
shunnsie
shunnsei
shunnesi
shunneis
shuninse
shunines
shunisne
shunisen
shuniesn
shuniens
shunsine
shunsien
shunsnie
shunsnei
shunseni
shunsein
shuneisn
shuneins
shunesin
shunesni
shunensi
shunenis
shuenins
shuenisn
shuennis
shuennsi
shuensni
shuensin
shueinns
shueinsn
shueinns
shueinsn
shueisnn
shueisnn
shuenins
shuenisn
shuennis
shuennsi
shuensni
shuensin
shuesinn
shuesinn
shuesnin
shuesnni
shuesnni
shuesnin
shisunne
shisunen
shisunne
shisunen
shisuenn
shisuenn
shisnune
shisnuen
shisnnue
shisnneu
shisnenu
shisneun
shisnnue
shisnneu
shisnune
shisnuen
shisneun
shisnenu
shisennu
shisenun
shisennu
shisenun
shiseunn
shiseunn
shiusnne
shiusnen
shiusnne
shiusnen
shiusenn
shiusenn
shiunsne
shiunsen
shiunnse
shiunnes
shiunens
shiunesn
shiunnse
shiunnes
shiunsne
shiunsen
shiunesn
shiunens
shiuenns
shiuensn
shiuenns
shiuensn
shiuesnn
shiuesnn
shinusne
shinusen
shinunse
shinunes
shinuens
shinuesn
shinsune
shinsuen
shinsnue
shinsneu
shinsenu
shinseun
shinnsue
shinnseu
shinnuse
shinnues
shinneus
shinnesu
shinesnu
shinesun
shinensu
shinenus
shineuns
shineusn
shinunse
shinunes
shinusne
shinusen
shinuesn
shinuens
shinnuse
shinnues
shinnsue
shinnseu
shinnesu
shinneus
shinsnue
shinsneu
shinsune
shinsuen
shinseun
shinsenu
shinensu
shinenus
shinesnu
shinesun
shineusn
shineuns
shieunns
shieunsn
shieunns
shieunsn
shieusnn
shieusnn
shienuns
shienusn
shiennus
shiennsu
shiensnu
shiensun
shiennus
shiennsu
shienuns
shienusn
shiensun
shiensnu
shiesnnu
shiesnun
shiesnnu
shiesnun
shiesunn
shiesunn
shnsuine
shnsuien
shnsunie
shnsunei
shnsueni
shnsuein
shnsiune
shnsiuen
shnsinue
shnsineu
shnsienu
shnsieun
shnsniue
shnsnieu
shnsnuie
shnsnuei
shnsneui
shnsneiu
shnseinu
shnseiun
shnseniu
shnsenui
shnseuni
shnseuin
shnusine
shnusien
shnusnie
shnusnei
shnuseni
shnusein
shnuisne
shnuisen
shnuinse
shnuines
shnuiens
shnuiesn
shnunise
shnunies
shnunsie
shnunsei
shnunesi
shnuneis
shnueins
shnueisn
shnuenis
shnuensi
shnuesni
shnuesin
shniusne
shniusen
shniunse
shniunes
shniuens
shniuesn
shnisune
shnisuen
shnisnue
shnisneu
shnisenu
shniseun
shninsue
shninseu
shninuse
shninues
shnineus
shninesu
shniesnu
shniesun
shniensu
shnienus
shnieuns
shnieusn
shnnuise
shnnuies
shnnusie
shnnusei
shnnuesi
shnnueis
shnniuse
shnniues
shnnisue
shnniseu
shnniesu
shnnieus
shnnsiue
shnnsieu
shnnsuie
shnnsuei
shnnseui
shnnseiu
shnneisu
shnneius
shnnesiu
shnnesui
shnneusi
shnneuis
shneuins
shneuisn
shneunis
shneunsi
shneusni
shneusin
shneiuns
shneiusn
shneinus
shneinsu
shneisnu
shneisun
shnenius
shnenisu
shnenuis
shnenusi
shnensui
shnensiu
shnesinu
shnesiun
shnesniu
shnesnui
shnesuni
shnesuin
shesuinn
shesuinn
shesunin
shesunni
shesunni
shesunin
shesiunn
shesiunn
shesinun
shesinnu
shesinnu
shesinun
shesniun
shesninu
shesnuin
shesnuni
shesnnui
shesnniu
shesninu
shesniun
shesnniu
shesnnui
shesnuni
shesnuin
sheusinn
sheusinn
sheusnin
sheusnni
sheusnni
sheusnin
sheuisnn
sheuisnn
sheuinsn
sheuinns
sheuinns
sheuinsn
sheunisn
sheunins
sheunsin
sheunsni
sheunnsi
sheunnis
sheunins
sheunisn
sheunnis
sheunnsi
sheunsni
sheunsin
sheiusnn
sheiusnn
sheiunsn
sheiunns
sheiunns
sheiunsn
sheisunn
sheisunn
sheisnun
sheisnnu
sheisnnu
sheisnun
sheinsun
sheinsnu
sheinusn
sheinuns
sheinnus
sheinnsu
sheinsnu
sheinsun
sheinnsu
sheinnus
sheinuns
sheinusn
shenuisn
shenuins
shenusin
shenusni
shenunsi
shenunis
sheniusn
sheniuns
shenisun
shenisnu
sheninsu
sheninus
shensiun
shensinu
shensuin
shensuni
shensnui
shensniu
shennisu
shennius
shennsiu
shennsui
shennusi
shennuis
shenuins
shenuisn
shenunis
shenunsi
shenusni
shenusin
sheniuns
sheniusn
sheninus
sheninsu
shenisnu
shenisun
shennius
shennisu
shennuis
shennusi
shennsui
shennsiu
shensinu
shensiun
shensniu
shensnui
shensuni
shensuin
sinshune
sinshuen
sinshnue
sinshneu
sinshenu
sinsheun
sinsuhne
sinsuhen
sinsunhe
sinsuneh
sinsuenh
sinsuehn
sinsnuhe
sinsnueh
sinsnhue
sinsnheu
sinsnehu
sinsneuh
sinseunh
sinseuhn
sinsenuh
sinsenhu
sinsehnu
sinsehun
sinhsune
sinhsuen
sinhsnue
sinhsneu
sinhsenu
sinhseun
sinhusne
sinhusen
sinhunse
sinhunes
sinhuens
sinhuesn
sinhnuse
sinhnues
sinhnsue
sinhnseu
sinhnesu
sinhneus
sinheuns
sinheusn
sinhenus
sinhensu
sinhesnu
sinhesun
sinuhsne
sinuhsen
sinuhnse
sinuhnes
sinuhens
sinuhesn
sinushne
sinushen
sinusnhe
sinusneh
sinusenh
sinusehn
sinunshe
sinunseh
sinunhse
sinunhes
sinunehs
sinunesh
sinuesnh
sinueshn
sinuensh
sinuenhs
sinuehns
sinuehsn
sinnhuse
sinnhues
sinnhsue
sinnhseu
sinnhesu
sinnheus
sinnuhse
sinnuhes
sinnushe
sinnuseh
sinnuesh
sinnuehs
sinnsuhe
sinnsueh
sinnshue
sinnsheu
sinnsehu
sinnseuh
sinneush
sinneuhs
sinnesuh
sinneshu
sinnehsu
sinnehus
sinehuns
sinehusn
sinehnus
sinehnsu
sinehsnu
sinehsun
sineuhns
sineuhsn
sineunhs
sineunsh
sineusnh
sineushn
sinenuhs
sinenush
sinenhus
sinenhsu
sinenshu
sinensuh
sinesunh
sinesuhn
sinesnuh
sinesnhu
sineshnu
sineshun
sisnhune
sisnhuen
sisnhnue
sisnhneu
sisnhenu
sisnheun
sisnuhne
sisnuhen
sisnunhe
sisnuneh
sisnuenh
sisnuehn
sisnnuhe
sisnnueh
sisnnhue
sisnnheu
sisnnehu
sisnneuh
sisneunh
sisneuhn
sisnenuh
sisnenhu
sisnehnu
sisnehun
sishnune
sishnuen
sishnnue
sishnneu
sishnenu
sishneun
sishunne
sishunen
sishunne
sishunen
sishuenn
sishuenn
sishnune
sishnuen
sishnnue
sishnneu
sishnenu
sishneun
sisheunn
sisheunn
sishenun
sishennu
sishennu
sishenun
sisuhnne
sisuhnen
sisuhnne
sisuhnen
sisuhenn
sisuhenn
sisunhne
sisunhen
sisunnhe
sisunneh
sisunenh
sisunehn
sisunnhe
sisunneh
sisunhne
sisunhen
sisunehn
sisunenh
sisuennh
sisuenhn
sisuennh
sisuenhn
sisuehnn
sisuehnn
sisnhune
sisnhuen
sisnhnue
sisnhneu
sisnhenu
sisnheun
sisnuhne
sisnuhen
sisnunhe
sisnuneh
sisnuenh
sisnuehn
sisnnuhe
sisnnueh
sisnnhue
sisnnheu
sisnnehu
sisnneuh
sisneunh
sisneuhn
sisnenuh
sisnenhu
sisnehnu
sisnehun
sisehunn
sisehunn
sisehnun
sisehnnu
sisehnnu
sisehnun
siseuhnn
siseuhnn
siseunhn
siseunnh
siseunnh
siseunhn
sisenuhn
sisenunh
sisenhun
sisenhnu
sisennhu
sisennuh
sisenunh
sisenuhn
sisennuh
sisennhu
sisenhnu
sisenhun
sihsnune
sihsnuen
sihsnnue
sihsnneu
sihsnenu
sihsneun
sihsunne
sihsunen
sihsunne
sihsunen
sihsuenn
sihsuenn
sihsnune
sihsnuen
sihsnnue
sihsnneu
sihsnenu
sihsneun
sihseunn
sihseunn
sihsenun
sihsennu
sihsennu
sihsenun
sihnsune
sihnsuen
sihnsnue
sihnsneu
sihnsenu
sihnseun
sihnusne
sihnusen
sihnunse
sihnunes
sihnuens
sihnuesn
sihnnuse
sihnnues
sihnnsue
sihnnseu
sihnnesu
sihnneus
sihneuns
sihneusn
sihnenus
sihnensu
sihnesnu
sihnesun
sihunsne
sihunsen
sihunnse
sihunnes
sihunens
sihunesn
sihusnne
sihusnen
sihusnne
sihusnen
sihusenn
sihusenn
sihunsne
sihunsen
sihunnse
sihunnes
sihunens
sihunesn
sihuesnn
sihuesnn
sihuensn
sihuenns
sihuenns
sihuensn
sihnnuse
sihnnues
sihnnsue
sihnnseu
sihnnesu
sihnneus
sihnunse
sihnunes
sihnusne
sihnusen
sihnuesn
sihnuens
sihnsune
sihnsuen
sihnsnue
sihnsneu
sihnsenu
sihnseun
sihneusn
sihneuns
sihnesun
sihnesnu
sihnensu
sihnenus
sihenuns
sihenusn
sihennus
sihennsu
sihensnu
sihensun
siheunns
siheunsn
siheunns
siheunsn
siheusnn
siheusnn
sihenuns
sihenusn
sihennus
sihennsu
sihensnu
sihensun
sihesunn
sihesunn
sihesnun
sihesnnu
sihesnnu
sihesnun
siushnne
siushnen
siushnne
siushnen
siushenn
siushenn
siusnhne
siusnhen
siusnnhe
siusnneh
siusnenh
siusnehn
siusnnhe
siusnneh
siusnhne
siusnhen
siusnehn
siusnenh
siusennh
siusenhn
siusennh
siusenhn
siusehnn
siusehnn
siuhsnne
siuhsnen
siuhsnne
siuhsnen
siuhsenn
siuhsenn
siuhnsne
siuhnsen
siuhnnse
siuhnnes
siuhnens
siuhnesn
siuhnnse
siuhnnes
siuhnsne
siuhnsen
siuhnesn
siuhnens
siuhenns
siuhensn
siuhenns
siuhensn
siuhesnn
siuhesnn
siunhsne
siunhsen
siunhnse
siunhnes
siunhens
siunhesn
siunshne
siunshen
siunsnhe
siunsneh
siunsenh
siunsehn
siunnshe
siunnseh
siunnhse
siunnhes
siunnehs
siunnesh
siunesnh
siuneshn
siunensh
siunenhs
siunehns
siunehsn
siunhnse
siunhnes
siunhsne
siunhsen
siunhesn
siunhens
siunnhse
siunnhes
siunnshe
siunnseh
siunnesh
siunnehs
siunsnhe
siunsneh
siunshne
siunshen
siunsehn
siunsenh
siunensh
siunenhs
siunesnh
siuneshn
siunehsn
siunehns
siuehnns
siuehnsn
siuehnns
siuehnsn
siuehsnn
siuehsnn
siuenhns
siuenhsn
siuennhs
siuennsh
siuensnh
siuenshn
siuennhs
siuennsh
siuenhns
siuenhsn
siuenshn
siuensnh
siuesnnh
siuesnhn
siuesnnh
siuesnhn
siueshnn
siueshnn
sinshune
sinshuen
sinshnue
sinshneu
sinshenu
sinsheun
sinsuhne
sinsuhen
sinsunhe
sinsuneh
sinsuenh
sinsuehn
sinsnuhe
sinsnueh
sinsnhue
sinsnheu
sinsnehu
sinsneuh
sinseunh
sinseuhn
sinsenuh
sinsenhu
sinsehnu
sinsehun
sinhsune
sinhsuen
sinhsnue
sinhsneu
sinhsenu
sinhseun
sinhusne
sinhusen
sinhunse
sinhunes
sinhuens
sinhuesn
sinhnuse
sinhnues
sinhnsue
sinhnseu
sinhnesu
sinhneus
sinheuns
sinheusn
sinhenus
sinhensu
sinhesnu
sinhesun
sinuhsne
sinuhsen
sinuhnse
sinuhnes
sinuhens
sinuhesn
sinushne
sinushen
sinusnhe
sinusneh
sinusenh
sinusehn
sinunshe
sinunseh
sinunhse
sinunhes
sinunehs
sinunesh
sinuesnh
sinueshn
sinuensh
sinuenhs
sinuehns
sinuehsn
sinnhuse
sinnhues
sinnhsue
sinnhseu
sinnhesu
sinnheus
sinnuhse
sinnuhes
sinnushe
sinnuseh
sinnuesh
sinnuehs
sinnsuhe
sinnsueh
sinnshue
sinnsheu
sinnsehu
sinnseuh
sinneush
sinneuhs
sinnesuh
sinneshu
sinnehsu
sinnehus
sinehuns
sinehusn
sinehnus
sinehnsu
sinehsnu
sinehsun
sineuhns
sineuhsn
sineunhs
sineunsh
sineusnh
sineushn
sinenuhs
sinenush
sinenhus
sinenhsu
sinenshu
sinensuh
sinesunh
sinesuhn
sinesnuh
sinesnhu
sineshnu
sineshun
sieshunn
sieshunn
sieshnun
sieshnnu
sieshnnu
sieshnun
siesuhnn
siesuhnn
siesunhn
siesunnh
siesunnh
siesunhn
siesnuhn
siesnunh
siesnhun
siesnhnu
siesnnhu
siesnnuh
siesnunh
siesnuhn
siesnnuh
siesnnhu
siesnhnu
siesnhun
siehsunn
siehsunn
siehsnun
siehsnnu
siehsnnu
siehsnun
siehusnn
siehusnn
siehunsn
siehunns
siehunns
siehunsn
siehnusn
siehnuns
siehnsun
siehnsnu
siehnnsu
siehnnus
siehnuns
siehnusn
siehnnus
siehnnsu
siehnsnu
siehnsun
sieuhsnn
sieuhsnn
sieuhnsn
sieuhnns
sieuhnns
sieuhnsn
sieushnn
sieushnn
sieusnhn
sieusnnh
sieusnnh
sieusnhn
sieunshn
sieunsnh
sieunhsn
sieunhns
sieunnhs
sieunnsh
sieunsnh
sieunshn
sieunnsh
sieunnhs
sieunhns
sieunhsn
sienhusn
sienhuns
sienhsun
sienhsnu
sienhnsu
sienhnus
sienuhsn
sienuhns
sienushn
sienusnh
sienunsh
sienunhs
siensuhn
siensunh
sienshun
sienshnu
siensnhu
siensnuh
siennush
siennuhs
siennsuh
siennshu
siennhsu
siennhus
sienhuns
sienhusn
sienhnus
sienhnsu
sienhsnu
sienhsun
sienuhns
sienuhsn
sienunhs
sienunsh
sienusnh
sienushn
siennuhs
siennush
siennhus
siennhsu
siennshu
siennsuh
siensunh
siensuhn
siensnuh
siensnhu
sienshnu
sienshun
snnshiue
snnshieu
snnshuie
snnshuei
snnsheui
snnsheiu
snnsihue
snnsiheu
snnsiuhe
snnsiueh
snnsieuh
snnsiehu
snnsuihe
snnsuieh
snnsuhie
snnsuhei
snnsuehi
snnsueih
snnseiuh
snnseihu
snnseuih
snnseuhi
snnsehui
snnsehiu
snnhsiue
snnhsieu
snnhsuie
snnhsuei
snnhseui
snnhseiu
snnhisue
snnhiseu
snnhiuse
snnhiues
snnhieus
snnhiesu
snnhuise
snnhuies
snnhusie
snnhusei
snnhuesi
snnhueis
snnheius
snnheisu
snnheuis
snnheusi
snnhesui
snnhesiu
snnihsue
snnihseu
snnihuse
snnihues
snniheus
snnihesu
snnishue
snnisheu
snnisuhe
snnisueh
snniseuh
snnisehu
snniushe
snniuseh
snniuhse
snniuhes
snniuehs
snniuesh
snniesuh
snnieshu
snnieush
snnieuhs
snniehus
snniehsu
snnuhise
snnuhies
snnuhsie
snnuhsei
snnuhesi
snnuheis
snnuihse
snnuihes
snnuishe
snnuiseh
snnuiesh
snnuiehs
snnusihe
snnusieh
snnushie
snnushei
snnusehi
snnuseih
snnueish
snnueihs
snnuesih
snnueshi
snnuehsi
snnuehis
snnehius
snnehisu
snnehuis
snnehusi
snnehsui
snnehsiu
snneihus
snneihsu
snneiuhs
snneiush
snneisuh
snneishu
snneuihs
snneuish
snneuhis
snneuhsi
snneushi
snneusih
snnesiuh
snnesihu
snnesuih
snnesuhi
snneshui
snneshiu
snsnhiue
snsnhieu
snsnhuie
snsnhuei
snsnheui
snsnheiu
snsnihue
snsniheu
snsniuhe
snsniueh
snsnieuh
snsniehu
snsnuihe
snsnuieh
snsnuhie
snsnuhei
snsnuehi
snsnueih
snsneiuh
snsneihu
snsneuih
snsneuhi
snsnehui
snsnehiu
snshniue
snshnieu
snshnuie
snshnuei
snshneui
snshneiu
snshinue
snshineu
snshiune
snshiuen
snshieun
snshienu
snshuine
snshuien
snshunie
snshunei
snshueni
snshuein
snsheiun
snsheinu
snsheuin
snsheuni
snshenui
snsheniu
snsihnue
snsihneu
snsihune
snsihuen
snsiheun
snsihenu
snsinhue
snsinheu
snsinuhe
snsinueh
snsineuh
snsinehu
snsiunhe
snsiuneh
snsiuhne
snsiuhen
snsiuehn
snsiuenh
snsienuh
snsienhu
snsieunh
snsieuhn
snsiehun
snsiehnu
snsuhine
snsuhien
snsuhnie
snsuhnei
snsuheni
snsuhein
snsuihne
snsuihen
snsuinhe
snsuineh
snsuienh
snsuiehn
snsunihe
snsunieh
snsunhie
snsunhei
snsunehi
snsuneih
snsueinh
snsueihn
snsuenih
snsuenhi
snsuehni
snsuehin
snsehiun
snsehinu
snsehuin
snsehuni
snsehnui
snsehniu
snseihun
snseihnu
snseiuhn
snseiunh
snseinuh
snseinhu
snseuihn
snseuinh
snseuhin
snseuhni
snseunhi
snseunih
snseniuh
snsenihu
snsenuih
snsenuhi
snsenhui
snsenhiu
snhsniue
snhsnieu
snhsnuie
snhsnuei
snhsneui
snhsneiu
snhsinue
snhsineu
snhsiune
snhsiuen
snhsieun
snhsienu
snhsuine
snhsuien
snhsunie
snhsunei
snhsueni
snhsuein
snhseiun
snhseinu
snhseuin
snhseuni
snhsenui
snhseniu
snhnsiue
snhnsieu
snhnsuie
snhnsuei
snhnseui
snhnseiu
snhnisue
snhniseu
snhniuse
snhniues
snhnieus
snhniesu
snhnuise
snhnuies
snhnusie
snhnusei
snhnuesi
snhnueis
snhneius
snhneisu
snhneuis
snhneusi
snhnesui
snhnesiu
snhinsue
snhinseu
snhinuse
snhinues
snhineus
snhinesu
snhisnue
snhisneu
snhisune
snhisuen
snhiseun
snhisenu
snhiusne
snhiusen
snhiunse
snhiunes
snhiuens
snhiuesn
snhiesun
snhiesnu
snhieusn
snhieuns
snhienus
snhiensu
snhunise
snhunies
snhunsie
snhunsei
snhunesi
snhuneis
snhuinse
snhuines
snhuisne
snhuisen
snhuiesn
snhuiens
snhusine
snhusien
snhusnie
snhusnei
snhuseni
snhusein
snhueisn
snhueins
snhuesin
snhuesni
snhuensi
snhuenis
snhenius
snhenisu
snhenuis
snhenusi
snhensui
snhensiu
snheinus
snheinsu
snheiuns
snheiusn
snheisun
snheisnu
snheuins
snheuisn
snheunis
snheunsi
snheusni
snheusin
snhesiun
snhesinu
snhesuin
snhesuni
snhesnui
snhesniu
snishnue
snishneu
snishune
snishuen
snisheun
snishenu
snisnhue
snisnheu
snisnuhe
snisnueh
snisneuh
snisnehu
snisunhe
snisuneh
snisuhne
snisuhen
snisuehn
snisuenh
snisenuh
snisenhu
sniseunh
sniseuhn
snisehun
snisehnu
snihsnue
snihsneu
snihsune
snihsuen
snihseun
snihsenu
snihnsue
snihnseu
snihnuse
snihnues
snihneus
snihnesu
snihunse
snihunes
snihusne
snihusen
snihuesn
snihuens
snihenus
snihensu
sniheuns
sniheusn
snihesun
snihesnu
sninhsue
sninhseu
sninhuse
sninhues
sninheus
sninhesu
sninshue
sninsheu
sninsuhe
sninsueh
sninseuh
sninsehu
sninushe
sninuseh
sninuhse
sninuhes
sninuehs
sninuesh
sninesuh
snineshu
snineush
snineuhs
sninehus
sninehsu
sniuhnse
sniuhnes
sniuhsne
sniuhsen
sniuhesn
sniuhens
sniunhse
sniunhes
sniunshe
sniunseh
sniunesh
sniunehs
sniusnhe
sniusneh
sniushne
sniushen
sniusehn
sniusenh
sniuensh
sniuenhs
sniuesnh
sniueshn
sniuehsn
sniuehns
sniehnus
sniehnsu
sniehuns
sniehusn
sniehsun
sniehsnu
snienhus
snienhsu
snienuhs
snienush
sniensuh
snienshu
snieunhs
snieunsh
snieuhns
snieuhsn
snieushn
snieusnh
sniesnuh
sniesnhu
sniesunh
sniesuhn
snieshun
snieshnu
snushine
snushien
snushnie
snushnei
snusheni
snushein
snusihne
snusihen
snusinhe
snusineh
snusienh
snusiehn
snusnihe
snusnieh
snusnhie
snusnhei
snusnehi
snusneih
snuseinh
snuseihn
snusenih
snusenhi
snusehni
snusehin
snuhsine
snuhsien
snuhsnie
snuhsnei
snuhseni
snuhsein
snuhisne
snuhisen
snuhinse
snuhines
snuhiens
snuhiesn
snuhnise
snuhnies
snuhnsie
snuhnsei
snuhnesi
snuhneis
snuheins
snuheisn
snuhenis
snuhensi
snuhesni
snuhesin
snuihsne
snuihsen
snuihnse
snuihnes
snuihens
snuihesn
snuishne
snuishen
snuisnhe
snuisneh
snuisenh
snuisehn
snuinshe
snuinseh
snuinhse
snuinhes
snuinehs
snuinesh
snuiesnh
snuieshn
snuiensh
snuienhs
snuiehns
snuiehsn
snunhise
snunhies
snunhsie
snunhsei
snunhesi
snunheis
snunihse
snunihes
snunishe
snuniseh
snuniesh
snuniehs
snunsihe
snunsieh
snunshie
snunshei
snunsehi
snunseih
snuneish
snuneihs
snunesih
snuneshi
snunehsi
snunehis
snuehins
snuehisn
snuehnis
snuehnsi
snuehsni
snuehsin
snueihns
snueihsn
snueinhs
snueinsh
snueisnh
snueishn
snuenihs
snuenish
snuenhis
snuenhsi
snuenshi
snuensih
snuesinh
snuesihn
snuesnih
snuesnhi
snueshni
snueshin
sneshiun
sneshinu
sneshuin
sneshuni
sneshnui
sneshniu
snesihun
snesihnu
snesiuhn
snesiunh
snesinuh
snesinhu
snesuihn
snesuinh
snesuhin
snesuhni
snesunhi
snesunih
snesniuh
snesnihu
snesnuih
snesnuhi
snesnhui
snesnhiu
snehsiun
snehsinu
snehsuin
snehsuni
snehsnui
snehsniu
snehisun
snehisnu
snehiusn
snehiuns
snehinus
snehinsu
snehuisn
snehuins
snehusin
snehusni
snehunsi
snehunis
snehnius
snehnisu
snehnuis
snehnusi
snehnsui
snehnsiu
sneihsun
sneihsnu
sneihusn
sneihuns
sneihnus
sneihnsu
sneishun
sneishnu
sneisuhn
sneisunh
sneisnuh
sneisnhu
sneiushn
sneiusnh
sneiuhsn
sneiuhns
sneiunhs
sneiunsh
sneinsuh
sneinshu
sneinush
sneinuhs
sneinhus
sneinhsu
sneuhisn
sneuhins
sneuhsin
sneuhsni
sneuhnsi
sneuhnis
sneuihsn
sneuihns
sneuishn
sneuisnh
sneuinsh
sneuinhs
sneusihn
sneusinh
sneushin
sneushni
sneusnhi
sneusnih
sneunish
sneunihs
sneunsih
sneunshi
sneunhsi
sneunhis
snenhius
snenhisu
snenhuis
snenhusi
snenhsui
snenhsiu
snenihus
snenihsu
sneniuhs
sneniush
snenisuh
snenishu
snenuihs
snenuish
snenuhis
snenuhsi
snenushi
snenusih
snensiuh
snensihu
snensuih
snensuhi
snenshui
snenshiu
senshinu
senshiun
senshniu
senshnui
senshuni
senshuin
sensihnu
sensihun
sensinhu
sensinuh
sensiunh
sensiuhn
sensnihu
sensniuh
sensnhiu
sensnhui
sensnuhi
sensnuih
sensuinh
sensuihn
sensunih
sensunhi
sensuhni
sensuhin
senhsinu
senhsiun
senhsniu
senhsnui
senhsuni
senhsuin
senhisnu
senhisun
senhinsu
senhinus
senhiuns
senhiusn
senhnisu
senhnius
senhnsiu
senhnsui
senhnusi
senhnuis
senhuins
senhuisn
senhunis
senhunsi
senhusni
senhusin
senihsnu
senihsun
senihnsu
senihnus
senihuns
senihusn
senishnu
senishun
senisnhu
senisnuh
senisunh
senisuhn
seninshu
seninsuh
seninhsu
seninhus
seninuhs
seninush
seniusnh
seniushn
seniunsh
seniunhs
seniuhns
seniuhsn
sennhisu
sennhius
sennhsiu
sennhsui
sennhusi
sennhuis
sennihsu
sennihus
sennishu
sennisuh
senniush
senniuhs
sennsihu
sennsiuh
sennshiu
sennshui
sennsuhi
sennsuih
sennuish
sennuihs
sennusih
sennushi
sennuhsi
sennuhis
senuhins
senuhisn
senuhnis
senuhnsi
senuhsni
senuhsin
senuihns
senuihsn
senuinhs
senuinsh
senuisnh
senuishn
senunihs
senunish
senunhis
senunhsi
senunshi
senunsih
senusinh
senusihn
senusnih
senusnhi
senushni
senushin
sesnhinu
sesnhiun
sesnhniu
sesnhnui
sesnhuni
sesnhuin
sesnihnu
sesnihun
sesninhu
sesninuh
sesniunh
sesniuhn
sesnnihu
sesnniuh
sesnnhiu
sesnnhui
sesnnuhi
sesnnuih
sesnuinh
sesnuihn
sesnunih
sesnunhi
sesnuhni
sesnuhin
seshninu
seshniun
seshnniu
seshnnui
seshnuni
seshnuin
seshinnu
seshinun
seshinnu
seshinun
seshiunn
seshiunn
seshninu
seshniun
seshnniu
seshnnui
seshnuni
seshnuin
seshuinn
seshuinn
seshunin
seshunni
seshunni
seshunin
sesihnnu
sesihnun
sesihnnu
sesihnun
sesihunn
sesihunn
sesinhnu
sesinhun
sesinnhu
sesinnuh
sesinunh
sesinuhn
sesinnhu
sesinnuh
sesinhnu
sesinhun
sesinuhn
sesinunh
sesiunnh
sesiunhn
sesiunnh
sesiunhn
sesiuhnn
sesiuhnn
sesnhinu
sesnhiun
sesnhniu
sesnhnui
sesnhuni
sesnhuin
sesnihnu
sesnihun
sesninhu
sesninuh
sesniunh
sesniuhn
sesnnihu
sesnniuh
sesnnhiu
sesnnhui
sesnnuhi
sesnnuih
sesnuinh
sesnuihn
sesnunih
sesnunhi
sesnuhni
sesnuhin
sesuhinn
sesuhinn
sesuhnin
sesuhnni
sesuhnni
sesuhnin
sesuihnn
sesuihnn
sesuinhn
sesuinnh
sesuinnh
sesuinhn
sesunihn
sesuninh
sesunhin
sesunhni
sesunnhi
sesunnih
sesuninh
sesunihn
sesunnih
sesunnhi
sesunhni
sesunhin
sehsninu
sehsniun
sehsnniu
sehsnnui
sehsnuni
sehsnuin
sehsinnu
sehsinun
sehsinnu
sehsinun
sehsiunn
sehsiunn
sehsninu
sehsniun
sehsnniu
sehsnnui
sehsnuni
sehsnuin
sehsuinn
sehsuinn
sehsunin
sehsunni
sehsunni
sehsunin
sehnsinu
sehnsiun
sehnsniu
sehnsnui
sehnsuni
sehnsuin
sehnisnu
sehnisun
sehninsu
sehninus
sehniuns
sehniusn
sehnnisu
sehnnius
sehnnsiu
sehnnsui
sehnnusi
sehnnuis
sehnuins
sehnuisn
sehnunis
sehnunsi
sehnusni
sehnusin
sehinsnu
sehinsun
sehinnsu
sehinnus
sehinuns
sehinusn
sehisnnu
sehisnun
sehisnnu
sehisnun
sehisunn
sehisunn
sehinsnu
sehinsun
sehinnsu
sehinnus
sehinuns
sehinusn
sehiusnn
sehiusnn
sehiunsn
sehiunns
sehiunns
sehiunsn
sehnnisu
sehnnius
sehnnsiu
sehnnsui
sehnnusi
sehnnuis
sehninsu
sehninus
sehnisnu
sehnisun
sehniusn
sehniuns
sehnsinu
sehnsiun
sehnsniu
sehnsnui
sehnsuni
sehnsuin
sehnuisn
sehnuins
sehnusin
sehnusni
sehnunsi
sehnunis
sehunins
sehunisn
sehunnis
sehunnsi
sehunsni
sehunsin
sehuinns
sehuinsn
sehuinns
sehuinsn
sehuisnn
sehuisnn
sehunins
sehunisn
sehunnis
sehunnsi
sehunsni
sehunsin
sehusinn
sehusinn
sehusnin
sehusnni
sehusnni
sehusnin
seishnnu
seishnun
seishnnu
seishnun
seishunn
seishunn
seisnhnu
seisnhun
seisnnhu
seisnnuh
seisnunh
seisnuhn
seisnnhu
seisnnuh
seisnhnu
seisnhun
seisnuhn
seisnunh
seisunnh
seisunhn
seisunnh
seisunhn
seisuhnn
seisuhnn
seihsnnu
seihsnun
seihsnnu
seihsnun
seihsunn
seihsunn
seihnsnu
seihnsun
seihnnsu
seihnnus
seihnuns
seihnusn
seihnnsu
seihnnus
seihnsnu
seihnsun
seihnusn
seihnuns
seihunns
seihunsn
seihunns
seihunsn
seihusnn
seihusnn
seinhsnu
seinhsun
seinhnsu
seinhnus
seinhuns
seinhusn
seinshnu
seinshun
seinsnhu
seinsnuh
seinsunh
seinsuhn
seinnshu
seinnsuh
seinnhsu
seinnhus
seinnuhs
seinnush
seinusnh
seinushn
seinunsh
seinunhs
seinuhns
seinuhsn
seinhnsu
seinhnus
seinhsnu
seinhsun
seinhusn
seinhuns
seinnhsu
seinnhus
seinnshu
seinnsuh
seinnush
seinnuhs
seinsnhu
seinsnuh
seinshnu
seinshun
seinsuhn
seinsunh
seinunsh
seinunhs
seinusnh
seinushn
seinuhsn
seinuhns
seiuhnns
seiuhnsn
seiuhnns
seiuhnsn
seiuhsnn
seiuhsnn
seiunhns
seiunhsn
seiunnhs
seiunnsh
seiunsnh
seiunshn
seiunnhs
seiunnsh
seiunhns
seiunhsn
seiunshn
seiunsnh
seiusnnh
seiusnhn
seiusnnh
seiusnhn
seiushnn
seiushnn
senshinu
senshiun
senshniu
senshnui
senshuni
senshuin
sensihnu
sensihun
sensinhu
sensinuh
sensiunh
sensiuhn
sensnihu
sensniuh
sensnhiu
sensnhui
sensnuhi
sensnuih
sensuinh
sensuihn
sensunih
sensunhi
sensuhni
sensuhin
senhsinu
senhsiun
senhsniu
senhsnui
senhsuni
senhsuin
senhisnu
senhisun
senhinsu
senhinus
senhiuns
senhiusn
senhnisu
senhnius
senhnsiu
senhnsui
senhnusi
senhnuis
senhuins
senhuisn
senhunis
senhunsi
senhusni
senhusin
senihsnu
senihsun
senihnsu
senihnus
senihuns
senihusn
senishnu
senishun
senisnhu
senisnuh
senisunh
senisuhn
seninshu
seninsuh
seninhsu
seninhus
seninuhs
seninush
seniusnh
seniushn
seniunsh
seniunhs
seniuhns
seniuhsn
sennhisu
sennhius
sennhsiu
sennhsui
sennhusi
sennhuis
sennihsu
sennihus
sennishu
sennisuh
senniush
senniuhs
sennsihu
sennsiuh
sennshiu
sennshui
sennsuhi
sennsuih
sennuish
sennuihs
sennusih
sennushi
sennuhsi
sennuhis
senuhins
senuhisn
senuhnis
senuhnsi
senuhsni
senuhsin
senuihns
senuihsn
senuinhs
senuinsh
senuisnh
senuishn
senunihs
senunish
senunhis
senunhsi
senunshi
senunsih
senusinh
senusihn
senusnih
senusnhi
senushni
senushin
seushinn
seushinn
seushnin
seushnni
seushnni
seushnin
seusihnn
seusihnn
seusinhn
seusinnh
seusinnh
seusinhn
seusnihn
seusninh
seusnhin
seusnhni
seusnnhi
seusnnih
seusninh
seusnihn
seusnnih
seusnnhi
seusnhni
seusnhin
seuhsinn
seuhsinn
seuhsnin
seuhsnni
seuhsnni
seuhsnin
seuhisnn
seuhisnn
seuhinsn
seuhinns
seuhinns
seuhinsn
seuhnisn
seuhnins
seuhnsin
seuhnsni
seuhnnsi
seuhnnis
seuhnins
seuhnisn
seuhnnis
seuhnnsi
seuhnsni
seuhnsin
seuihsnn
seuihsnn
seuihnsn
seuihnns
seuihnns
seuihnsn
seuishnn
seuishnn
seuisnhn
seuisnnh
seuisnnh
seuisnhn
seuinshn
seuinsnh
seuinhsn
seuinhns
seuinnhs
seuinnsh
seuinsnh
seuinshn
seuinnsh
seuinnhs
seuinhns
seuinhsn
seunhisn
seunhins
seunhsin
seunhsni
seunhnsi
seunhnis
seunihsn
seunihns
seunishn
seunisnh
seuninsh
seuninhs
seunsihn
seunsinh
seunshin
seunshni
seunsnhi
seunsnih
seunnish
seunnihs
seunnsih
seunnshi
seunnhsi
seunnhis
seunhins
seunhisn
seunhnis
seunhnsi
seunhsni
seunhsin
seunihns
seunihsn
seuninhs
seuninsh
seunisnh
seunishn
seunnihs
seunnish
seunnhis
seunnhsi
seunnshi
seunnsih
seunsinh
seunsihn
seunsnih
seunsnhi
seunshni
seunshin
hunssine
hunssien
hunssnie
hunssnei
hunsseni
hunssein
hunsisne
hunsisen
hunsinse
hunsines
hunsiens
hunsiesn
hunsnise
hunsnies
hunsnsie
hunsnsei
hunsnesi
hunsneis
hunseins
hunseisn
hunsenis
hunsensi
hunsesni
hunsesin
hunssine
hunssien
hunssnie
hunssnei
hunsseni
hunssein
hunsisne
hunsisen
hunsinse
hunsines
hunsiens
hunsiesn
hunsnise
hunsnies
hunsnsie
hunsnsei
hunsnesi
hunsneis
hunseins
hunseisn
hunsenis
hunsensi
hunsesni
hunsesin
hunissne
hunissen
hunisnse
hunisnes
hunisens
hunisesn
hunissne
hunissen
hunisnse
hunisnes
hunisens
hunisesn
huninsse
huninses
huninsse
huninses
huniness
huniness
huniesns
huniessn
hunienss
hunienss
huniesns
huniessn
hunnsise
hunnsies
hunnssie
hunnssei
hunnsesi
hunnseis
hunnisse
hunnises
hunnisse
hunnises
hunniess
hunniess
hunnsise
hunnsies
hunnssie
hunnssei
hunnsesi
hunnseis
hunneiss
hunneiss
hunnesis
hunnessi
hunnessi
hunnesis
hunesins
hunesisn
hunesnis
hunesnsi
hunessni
hunessin
huneisns
huneissn
huneinss
huneinss
huneisns
huneissn
huneniss
huneniss
hunensis
hunenssi
hunenssi
hunensis
hunesins
hunesisn
hunesnis
hunesnsi
hunessni
hunessin
husnsine
husnsien
husnsnie
husnsnei
husnseni
husnsein
husnisne
husnisen
husninse
husnines
husniens
husniesn
husnnise
husnnies
husnnsie
husnnsei
husnnesi
husnneis
husneins
husneisn
husnenis
husnensi
husnesni
husnesin
hussnine
hussnien
hussnnie
hussnnei
hussneni
hussnein
hussinne
hussinen
hussinne
hussinen
hussienn
hussienn
hussnine
hussnien
hussnnie
hussnnei
hussneni
hussnein
husseinn
husseinn
hussenin
hussenni
hussenni
hussenin
husisnne
husisnen
husisnne
husisnen
husisenn
husisenn
husinsne
husinsen
husinnse
husinnes
husinens
husinesn
husinnse
husinnes
husinsne
husinsen
husinesn
husinens
husienns
husiensn
husienns
husiensn
husiesnn
husiesnn
husnsine
husnsien
husnsnie
husnsnei
husnseni
husnsein
husnisne
husnisen
husninse
husnines
husniens
husniesn
husnnise
husnnies
husnnsie
husnnsei
husnnesi
husnneis
husneins
husneisn
husnenis
husnensi
husnesni
husnesin
husesinn
husesinn
husesnin
husesnni
husesnni
husesnin
huseisnn
huseisnn
huseinsn
huseinns
huseinns
huseinsn
husenisn
husenins
husensin
husensni
husennsi
husennis
husenins
husenisn
husennis
husennsi
husensni
husensin
hussnine
hussnien
hussnnie
hussnnei
hussneni
hussnein
hussinne
hussinen
hussinne
hussinen
hussienn
hussienn
hussnine
hussnien
hussnnie
hussnnei
hussneni
hussnein
husseinn
husseinn
hussenin
hussenni
hussenni
hussenin
husnsine
husnsien
husnsnie
husnsnei
husnseni
husnsein
husnisne
husnisen
husninse
husnines
husniens
husniesn
husnnise
husnnies
husnnsie
husnnsei
husnnesi
husnneis
husneins
husneisn
husnenis
husnensi
husnesni
husnesin
husinsne
husinsen
husinnse
husinnes
husinens
husinesn
husisnne
husisnen
husisnne
husisnen
husisenn
husisenn
husinsne
husinsen
husinnse
husinnes
husinens
husinesn
husiesnn
husiesnn
husiensn
husienns
husienns
husiensn
husnnise
husnnies
husnnsie
husnnsei
husnnesi
husnneis
husninse
husnines
husnisne
husnisen
husniesn
husniens
husnsine
husnsien
husnsnie
husnsnei
husnseni
husnsein
husneisn
husneins
husnesin
husnesni
husnensi
husnenis
husenins
husenisn
husennis
husennsi
husensni
husensin
huseinns
huseinsn
huseinns
huseinsn
huseisnn
huseisnn
husenins
husenisn
husennis
husennsi
husensni
husensin
husesinn
husesinn
husesnin
husesnni
husesnni
husesnin
huissnne
huissnen
huissnne
huissnen
huissenn
huissenn
huisnsne
huisnsen
huisnnse
huisnnes
huisnens
huisnesn
huisnnse
huisnnes
huisnsne
huisnsen
huisnesn
huisnens
huisenns
huisensn
huisenns
huisensn
huisesnn
huisesnn
huissnne
huissnen
huissnne
huissnen
huissenn
huissenn
huisnsne
huisnsen
huisnnse
huisnnes
huisnens
huisnesn
huisnnse
huisnnes
huisnsne
huisnsen
huisnesn
huisnens
huisenns
huisensn
huisenns
huisensn
huisesnn
huisesnn
huinssne
huinssen
huinsnse
huinsnes
huinsens
huinsesn
huinssne
huinssen
huinsnse
huinsnes
huinsens
huinsesn
huinnsse
huinnses
huinnsse
huinnses
huinness
huinness
huinesns
huinessn
huinenss
huinenss
huinesns
huinessn
huinsnse
huinsnes
huinssne
huinssen
huinsesn
huinsens
huinnsse
huinnses
huinnsse
huinnses
huinness
huinness
huinsnse
huinsnes
huinssne
huinssen
huinsesn
huinsens
huinenss
huinenss
huinesns
huinessn
huinessn
huinesns
huiesnns
huiesnsn
huiesnns
huiesnsn
huiessnn
huiessnn
huiensns
huienssn
huiennss
huiennss
huiensns
huienssn
huiennss
huiennss
huiensns
huienssn
huienssn
huiensns
huiesnns
huiesnsn
huiesnns
huiesnsn
huiessnn
huiessnn
hunssine
hunssien
hunssnie
hunssnei
hunsseni
hunssein
hunsisne
hunsisen
hunsinse
hunsines
hunsiens
hunsiesn
hunsnise
hunsnies
hunsnsie
hunsnsei
hunsnesi
hunsneis
hunseins
hunseisn
hunsenis
hunsensi
hunsesni
hunsesin
hunssine
hunssien
hunssnie
hunssnei
hunsseni
hunssein
hunsisne
hunsisen
hunsinse
hunsines
hunsiens
hunsiesn
hunsnise
hunsnies
hunsnsie
hunsnsei
hunsnesi
hunsneis
hunseins
hunseisn
hunsenis
hunsensi
hunsesni
hunsesin
hunissne
hunissen
hunisnse
hunisnes
hunisens
hunisesn
hunissne
hunissen
hunisnse
hunisnes
hunisens
hunisesn
huninsse
huninses
huninsse
huninses
huniness
huniness
huniesns
huniessn
hunienss
hunienss
huniesns
huniessn
hunnsise
hunnsies
hunnssie
hunnssei
hunnsesi
hunnseis
hunnisse
hunnises
hunnisse
hunnises
hunniess
hunniess
hunnsise
hunnsies
hunnssie
hunnssei
hunnsesi
hunnseis
hunneiss
hunneiss
hunnesis
hunnessi
hunnessi
hunnesis
hunesins
hunesisn
hunesnis
hunesnsi
hunessni
hunessin
huneisns
huneissn
huneinss
huneinss
huneisns
huneissn
huneniss
huneniss
hunensis
hunenssi
hunenssi
hunensis
hunesins
hunesisn
hunesnis
hunesnsi
hunessni
hunessin
huessinn
huessinn
huessnin
huessnni
huessnni
huessnin
huesisnn
huesisnn
huesinsn
huesinns
huesinns
huesinsn
huesnisn
huesnins
huesnsin
huesnsni
huesnnsi
huesnnis
huesnins
huesnisn
huesnnis
huesnnsi
huesnsni
huesnsin
huessinn
huessinn
huessnin
huessnni
huessnni
huessnin
huesisnn
huesisnn
huesinsn
huesinns
huesinns
huesinsn
huesnisn
huesnins
huesnsin
huesnsni
huesnnsi
huesnnis
huesnins
huesnisn
huesnnis
huesnnsi
huesnsni
huesnsin
hueissnn
hueissnn
hueisnsn
hueisnns
hueisnns
hueisnsn
hueissnn
hueissnn
hueisnsn
hueisnns
hueisnns
hueisnsn
hueinssn
hueinsns
hueinssn
hueinsns
hueinnss
hueinnss
hueinsns
hueinssn
hueinnss
hueinnss
hueinsns
hueinssn
huensisn
huensins
huenssin
huenssni
huensnsi
huensnis
huenissn
huenisns
huenissn
huenisns
hueninss
hueninss
huensisn
huensins
huenssin
huenssni
huensnsi
huensnis
huenniss
huenniss
huennsis
huennssi
huennssi
huennsis
huensins
huensisn
huensnis
huensnsi
huenssni
huenssin
huenisns
huenissn
hueninss
hueninss
huenisns
huenissn
huenniss
huenniss
huennsis
huennssi
huennssi
huennsis
huensins
huensisn
huensnis
huensnsi
huenssni
huenssin
hnussine
hnussien
hnussnie
hnussnei
hnusseni
hnussein
hnusisne
hnusisen
hnusinse
hnusines
hnusiens
hnusiesn
hnusnise
hnusnies
hnusnsie
hnusnsei
hnusnesi
hnusneis
hnuseins
hnuseisn
hnusenis
hnusensi
hnusesni
hnusesin
hnussine
hnussien
hnussnie
hnussnei
hnusseni
hnussein
hnusisne
hnusisen
hnusinse
hnusines
hnusiens
hnusiesn
hnusnise
hnusnies
hnusnsie
hnusnsei
hnusnesi
hnusneis
hnuseins
hnuseisn
hnusenis
hnusensi
hnusesni
hnusesin
hnuissne
hnuissen
hnuisnse
hnuisnes
hnuisens
hnuisesn
hnuissne
hnuissen
hnuisnse
hnuisnes
hnuisens
hnuisesn
hnuinsse
hnuinses
hnuinsse
hnuinses
hnuiness
hnuiness
hnuiesns
hnuiessn
hnuienss
hnuienss
hnuiesns
hnuiessn
hnunsise
hnunsies
hnunssie
hnunssei
hnunsesi
hnunseis
hnunisse
hnunises
hnunisse
hnunises
hnuniess
hnuniess
hnunsise
hnunsies
hnunssie
hnunssei
hnunsesi
hnunseis
hnuneiss
hnuneiss
hnunesis
hnunessi
hnunessi
hnunesis
hnuesins
hnuesisn
hnuesnis
hnuesnsi
hnuessni
hnuessin
hnueisns
hnueissn
hnueinss
hnueinss
hnueisns
hnueissn
hnueniss
hnueniss
hnuensis
hnuenssi
hnuenssi
hnuensis
hnuesins
hnuesisn
hnuesnis
hnuesnsi
hnuessni
hnuessin
hnsusine
hnsusien
hnsusnie
hnsusnei
hnsuseni
hnsusein
hnsuisne
hnsuisen
hnsuinse
hnsuines
hnsuiens
hnsuiesn
hnsunise
hnsunies
hnsunsie
hnsunsei
hnsunesi
hnsuneis
hnsueins
hnsueisn
hnsuenis
hnsuensi
hnsuesni
hnsuesin
hnssuine
hnssuien
hnssunie
hnssunei
hnssueni
hnssuein
hnssiune
hnssiuen
hnssinue
hnssineu
hnssienu
hnssieun
hnssniue
hnssnieu
hnssnuie
hnssnuei
hnssneui
hnssneiu
hnsseinu
hnsseiun
hnsseniu
hnssenui
hnsseuni
hnsseuin
hnsisune
hnsisuen
hnsisnue
hnsisneu
hnsisenu
hnsiseun
hnsiusne
hnsiusen
hnsiunse
hnsiunes
hnsiuens
hnsiuesn
hnsinuse
hnsinues
hnsinsue
hnsinseu
hnsinesu
hnsineus
hnsieuns
hnsieusn
hnsienus
hnsiensu
hnsiesnu
hnsiesun
hnsnsiue
hnsnsieu
hnsnsuie
hnsnsuei
hnsnseui
hnsnseiu
hnsnisue
hnsniseu
hnsniuse
hnsniues
hnsnieus
hnsniesu
hnsnuise
hnsnuies
hnsnusie
hnsnusei
hnsnuesi
hnsnueis
hnsneius
hnsneisu
hnsneuis
hnsneusi
hnsnesui
hnsnesiu
hnsesinu
hnsesiun
hnsesniu
hnsesnui
hnsesuni
hnsesuin
hnseisnu
hnseisun
hnseinsu
hnseinus
hnseiuns
hnseiusn
hnsenisu
hnsenius
hnsensiu
hnsensui
hnsenusi
hnsenuis
hnseuins
hnseuisn
hnseunis
hnseunsi
hnseusni
hnseusin
hnssuine
hnssuien
hnssunie
hnssunei
hnssueni
hnssuein
hnssiune
hnssiuen
hnssinue
hnssineu
hnssienu
hnssieun
hnssniue
hnssnieu
hnssnuie
hnssnuei
hnssneui
hnssneiu
hnsseinu
hnsseiun
hnsseniu
hnssenui
hnsseuni
hnsseuin
hnsusine
hnsusien
hnsusnie
hnsusnei
hnsuseni
hnsusein
hnsuisne
hnsuisen
hnsuinse
hnsuines
hnsuiens
hnsuiesn
hnsunise
hnsunies
hnsunsie
hnsunsei
hnsunesi
hnsuneis
hnsueins
hnsueisn
hnsuenis
hnsuensi
hnsuesni
hnsuesin
hnsiusne
hnsiusen
hnsiunse
hnsiunes
hnsiuens
hnsiuesn
hnsisune
hnsisuen
hnsisnue
hnsisneu
hnsisenu
hnsiseun
hnsinsue
hnsinseu
hnsinuse
hnsinues
hnsineus
hnsinesu
hnsiesnu
hnsiesun
hnsiensu
hnsienus
hnsieuns
hnsieusn
hnsnuise
hnsnuies
hnsnusie
hnsnusei
hnsnuesi
hnsnueis
hnsniuse
hnsniues
hnsnisue
hnsniseu
hnsniesu
hnsnieus
hnsnsiue
hnsnsieu
hnsnsuie
hnsnsuei
hnsnseui
hnsnseiu
hnsneisu
hnsneius
hnsnesiu
hnsnesui
hnsneusi
hnsneuis
hnseuins
hnseuisn
hnseunis
hnseunsi
hnseusni
hnseusin
hnseiuns
hnseiusn
hnseinus
hnseinsu
hnseisnu
hnseisun
hnsenius
hnsenisu
hnsenuis
hnsenusi
hnsensui
hnsensiu
hnsesinu
hnsesiun
hnsesniu
hnsesnui
hnsesuni
hnsesuin
hnissune
hnissuen
hnissnue
hnissneu
hnissenu
hnisseun
hnisusne
hnisusen
hnisunse
hnisunes
hnisuens
hnisuesn
hnisnuse
hnisnues
hnisnsue
hnisnseu
hnisnesu
hnisneus
hniseuns
hniseusn
hnisenus
hnisensu
hnisesnu
hnisesun
hnissune
hnissuen
hnissnue
hnissneu
hnissenu
hnisseun
hnisusne
hnisusen
hnisunse
hnisunes
hnisuens
hnisuesn
hnisnuse
hnisnues
hnisnsue
hnisnseu
hnisnesu
hnisneus
hniseuns
hniseusn
hnisenus
hnisensu
hnisesnu
hnisesun
hniussne
hniussen
hniusnse
hniusnes
hniusens
hniusesn
hniussne
hniussen
hniusnse
hniusnes
hniusens
hniusesn
hniunsse
hniunses
hniunsse
hniunses
hniuness
hniuness
hniuesns
hniuessn
hniuenss
hniuenss
hniuesns
hniuessn
hninsuse
hninsues
hninssue
hninsseu
hninsesu
hninseus
hninusse
hninuses
hninusse
hninuses
hninuess
hninuess
hninsuse
hninsues
hninssue
hninsseu
hninsesu
hninseus
hnineuss
hnineuss
hninesus
hninessu
hninessu
hninesus
hniesuns
hniesusn
hniesnus
hniesnsu
hniessnu
hniessun
hnieusns
hnieussn
hnieunss
hnieunss
hnieusns
hnieussn
hnienuss
hnienuss
hniensus
hnienssu
hnienssu
hniensus
hniesuns
hniesusn
hniesnus
hniesnsu
hniessnu
hniessun
hnnssiue
hnnssieu
hnnssuie
hnnssuei
hnnsseui
hnnsseiu
hnnsisue
hnnsiseu
hnnsiuse
hnnsiues
hnnsieus
hnnsiesu
hnnsuise
hnnsuies
hnnsusie
hnnsusei
hnnsuesi
hnnsueis
hnnseius
hnnseisu
hnnseuis
hnnseusi
hnnsesui
hnnsesiu
hnnssiue
hnnssieu
hnnssuie
hnnssuei
hnnsseui
hnnsseiu
hnnsisue
hnnsiseu
hnnsiuse
hnnsiues
hnnsieus
hnnsiesu
hnnsuise
hnnsuies
hnnsusie
hnnsusei
hnnsuesi
hnnsueis
hnnseius
hnnseisu
hnnseuis
hnnseusi
hnnsesui
hnnsesiu
hnnissue
hnnisseu
hnnisuse
hnnisues
hnniseus
hnnisesu
hnnissue
hnnisseu
hnnisuse
hnnisues
hnniseus
hnnisesu
hnniusse
hnniuses
hnniusse
hnniuses
hnniuess
hnniuess
hnniesus
hnniessu
hnnieuss
hnnieuss
hnniesus
hnniessu
hnnusise
hnnusies
hnnussie
hnnussei
hnnusesi
hnnuseis
hnnuisse
hnnuises
hnnuisse
hnnuises
hnnuiess
hnnuiess
hnnusise
hnnusies
hnnussie
hnnussei
hnnusesi
hnnuseis
hnnueiss
hnnueiss
hnnuesis
hnnuessi
hnnuessi
hnnuesis
hnnesius
hnnesisu
hnnesuis
hnnesusi
hnnessui
hnnessiu
hnneisus
hnneissu
hnneiuss
hnneiuss
hnneisus
hnneissu
hnneuiss
hnneuiss
hnneusis
hnneussi
hnneussi
hnneusis
hnnesius
hnnesisu
hnnesuis
hnnesusi
hnnessui
hnnessiu
hnessinu
hnessiun
hnessniu
hnessnui
hnessuni
hnessuin
hnesisnu
hnesisun
hnesinsu
hnesinus
hnesiuns
hnesiusn
hnesnisu
hnesnius
hnesnsiu
hnesnsui
hnesnusi
hnesnuis
hnesuins
hnesuisn
hnesunis
hnesunsi
hnesusni
hnesusin
hnessinu
hnessiun
hnessniu
hnessnui
hnessuni
hnessuin
hnesisnu
hnesisun
hnesinsu
hnesinus
hnesiuns
hnesiusn
hnesnisu
hnesnius
hnesnsiu
hnesnsui
hnesnusi
hnesnuis
hnesuins
hnesuisn
hnesunis
hnesunsi
hnesusni
hnesusin
hneissnu
hneissun
hneisnsu
hneisnus
hneisuns
hneisusn
hneissnu
hneissun
hneisnsu
hneisnus
hneisuns
hneisusn
hneinssu
hneinsus
hneinssu
hneinsus
hneinuss
hneinuss
hneiusns
hneiussn
hneiunss
hneiunss
hneiusns
hneiussn
hnensisu
hnensius
hnenssiu
hnenssui
hnensusi
hnensuis
hnenissu
hnenisus
hnenissu
hnenisus
hneniuss
hneniuss
hnensisu
hnensius
hnenssiu
hnenssui
hnensusi
hnensuis
hnenuiss
hnenuiss
hnenusis
hnenussi
hnenussi
hnenusis
hneusins
hneusisn
hneusnis
hneusnsi
hneussni
hneussin
hneuisns
hneuissn
hneuinss
hneuinss
hneuisns
hneuissn
hneuniss
hneuniss
hneunsis
hneunssi
hneunssi
hneunsis
hneusins
hneusisn
hneusnis
hneusnsi
hneussni
hneussin
hsnusine
hsnusien
hsnusnie
hsnusnei
hsnuseni
hsnusein
hsnuisne
hsnuisen
hsnuinse
hsnuines
hsnuiens
hsnuiesn
hsnunise
hsnunies
hsnunsie
hsnunsei
hsnunesi
hsnuneis
hsnueins
hsnueisn
hsnuenis
hsnuensi
hsnuesni
hsnuesin
hsnsuine
hsnsuien
hsnsunie
hsnsunei
hsnsueni
hsnsuein
hsnsiune
hsnsiuen
hsnsinue
hsnsineu
hsnsienu
hsnsieun
hsnsniue
hsnsnieu
hsnsnuie
hsnsnuei
hsnsneui
hsnsneiu
hsnseinu
hsnseiun
hsnseniu
hsnsenui
hsnseuni
hsnseuin
hsnisune
hsnisuen
hsnisnue
hsnisneu
hsnisenu
hsniseun
hsniusne
hsniusen
hsniunse
hsniunes
hsniuens
hsniuesn
hsninuse
hsninues
hsninsue
hsninseu
hsninesu
hsnineus
hsnieuns
hsnieusn
hsnienus
hsniensu
hsniesnu
hsniesun
hsnnsiue
hsnnsieu
hsnnsuie
hsnnsuei
hsnnseui
hsnnseiu
hsnnisue
hsnniseu
hsnniuse
hsnniues
hsnnieus
hsnniesu
hsnnuise
hsnnuies
hsnnusie
hsnnusei
hsnnuesi
hsnnueis
hsnneius
hsnneisu
hsnneuis
hsnneusi
hsnnesui
hsnnesiu
hsnesinu
hsnesiun
hsnesniu
hsnesnui
hsnesuni
hsnesuin
hsneisnu
hsneisun
hsneinsu
hsneinus
hsneiuns
hsneiusn
hsnenisu
hsnenius
hsnensiu
hsnensui
hsnenusi
hsnenuis
hsneuins
hsneuisn
hsneunis
hsneunsi
hsneusni
hsneusin
hsunsine
hsunsien
hsunsnie
hsunsnei
hsunseni
hsunsein
hsunisne
hsunisen
hsuninse
hsunines
hsuniens
hsuniesn
hsunnise
hsunnies
hsunnsie
hsunnsei
hsunnesi
hsunneis
hsuneins
hsuneisn
hsunenis
hsunensi
hsunesni
hsunesin
hsusnine
hsusnien
hsusnnie
hsusnnei
hsusneni
hsusnein
hsusinne
hsusinen
hsusinne
hsusinen
hsusienn
hsusienn
hsusnine
hsusnien
hsusnnie
hsusnnei
hsusneni
hsusnein
hsuseinn
hsuseinn
hsusenin
hsusenni
hsusenni
hsusenin
hsuisnne
hsuisnen
hsuisnne
hsuisnen
hsuisenn
hsuisenn
hsuinsne
hsuinsen
hsuinnse
hsuinnes
hsuinens
hsuinesn
hsuinnse
hsuinnes
hsuinsne
hsuinsen
hsuinesn
hsuinens
hsuienns
hsuiensn
hsuienns
hsuiensn
hsuiesnn
hsuiesnn
hsunsine
hsunsien
hsunsnie
hsunsnei
hsunseni
hsunsein
hsunisne
hsunisen
hsuninse
hsunines
hsuniens
hsuniesn
hsunnise
hsunnies
hsunnsie
hsunnsei
hsunnesi
hsunneis
hsuneins
hsuneisn
hsunenis
hsunensi
hsunesni
hsunesin
hsuesinn
hsuesinn
hsuesnin
hsuesnni
hsuesnni
hsuesnin
hsueisnn
hsueisnn
hsueinsn
hsueinns
hsueinns
hsueinsn
hsuenisn
hsuenins
hsuensin
hsuensni
hsuennsi
hsuennis
hsuenins
hsuenisn
hsuennis
hsuennsi
hsuensni
hsuensin
hssunine
hssunien
hssunnie
hssunnei
hssuneni
hssunein
hssuinne
hssuinen
hssuinne
hssuinen
hssuienn
hssuienn
hssunine
hssunien
hssunnie
hssunnei
hssuneni
hssunein
hssueinn
hssueinn
hssuenin
hssuenni
hssuenni
hssuenin
hssnuine
hssnuien
hssnunie
hssnunei
hssnueni
hssnuein
hssniune
hssniuen
hssninue
hssnineu
hssnienu
hssnieun
hssnniue
hssnnieu
hssnnuie
hssnnuei
hssnneui
hssnneiu
hssneinu
hssneiun
hssneniu
hssnenui
hssneuni
hssneuin
hssinune
hssinuen
hssinnue
hssinneu
hssinenu
hssineun
hssiunne
hssiunen
hssiunne
hssiunen
hssiuenn
hssiuenn
hssinune
hssinuen
hssinnue
hssinneu
hssinenu
hssineun
hssieunn
hssieunn
hssienun
hssiennu
hssiennu
hssienun
hssnniue
hssnnieu
hssnnuie
hssnnuei
hssnneui
hssnneiu
hssninue
hssnineu
hssniune
hssniuen
hssnieun
hssnienu
hssnuine
hssnuien
hssnunie
hssnunei
hssnueni
hssnuein
hssneiun
hssneinu
hssneuin
hssneuni
hssnenui
hssneniu
hsseninu
hsseniun
hssenniu
hssennui
hssenuni
hssenuin
hsseinnu
hsseinun
hsseinnu
hsseinun
hsseiunn
hsseiunn
hsseninu
hsseniun
hssenniu
hssennui
hssenuni
hssenuin
hsseuinn
hsseuinn
hsseunin
hsseunni
hsseunni
hsseunin
hsiusnne
hsiusnen
hsiusnne
hsiusnen
hsiusenn
hsiusenn
hsiunsne
hsiunsen
hsiunnse
hsiunnes
hsiunens
hsiunesn
hsiunnse
hsiunnes
hsiunsne
hsiunsen
hsiunesn
hsiunens
hsiuenns
hsiuensn
hsiuenns
hsiuensn
hsiuesnn
hsiuesnn
hsisunne
hsisunen
hsisunne
hsisunen
hsisuenn
hsisuenn
hsisnune
hsisnuen
hsisnnue
hsisnneu
hsisnenu
hsisneun
hsisnnue
hsisnneu
hsisnune
hsisnuen
hsisneun
hsisnenu
hsisennu
hsisenun
hsisennu
hsisenun
hsiseunn
hsiseunn
hsinsune
hsinsuen
hsinsnue
hsinsneu
hsinsenu
hsinseun
hsinusne
hsinusen
hsinunse
hsinunes
hsinuens
hsinuesn
hsinnuse
hsinnues
hsinnsue
hsinnseu
hsinnesu
hsinneus
hsineuns
hsineusn
hsinenus
hsinensu
hsinesnu
hsinesun
hsinsnue
hsinsneu
hsinsune
hsinsuen
hsinseun
hsinsenu
hsinnsue
hsinnseu
hsinnuse
hsinnues
hsinneus
hsinnesu
hsinunse
hsinunes
hsinusne
hsinusen
hsinuesn
hsinuens
hsinenus
hsinensu
hsineuns
hsineusn
hsinesun
hsinesnu
hsiesnnu
hsiesnun
hsiesnnu
hsiesnun
hsiesunn
hsiesunn
hsiensnu
hsiensun
hsiennsu
hsiennus
hsienuns
hsienusn
hsiennsu
hsiennus
hsiensnu
hsiensun
hsienusn
hsienuns
hsieunns
hsieunsn
hsieunns
hsieunsn
hsieusnn
hsieusnn
hsnusine
hsnusien
hsnusnie
hsnusnei
hsnuseni
hsnusein
hsnuisne
hsnuisen
hsnuinse
hsnuines
hsnuiens
hsnuiesn
hsnunise
hsnunies
hsnunsie
hsnunsei
hsnunesi
hsnuneis
hsnueins
hsnueisn
hsnuenis
hsnuensi
hsnuesni
hsnuesin
hsnsuine
hsnsuien
hsnsunie
hsnsunei
hsnsueni
hsnsuein
hsnsiune
hsnsiuen
hsnsinue
hsnsineu
hsnsienu
hsnsieun
hsnsniue
hsnsnieu
hsnsnuie
hsnsnuei
hsnsneui
hsnsneiu
hsnseinu
hsnseiun
hsnseniu
hsnsenui
hsnseuni
hsnseuin
hsnisune
hsnisuen
hsnisnue
hsnisneu
hsnisenu
hsniseun
hsniusne
hsniusen
hsniunse
hsniunes
hsniuens
hsniuesn
hsninuse
hsninues
hsninsue
hsninseu
hsninesu
hsnineus
hsnieuns
hsnieusn
hsnienus
hsniensu
hsniesnu
hsniesun
hsnnsiue
hsnnsieu
hsnnsuie
hsnnsuei
hsnnseui
hsnnseiu
hsnnisue
hsnniseu
hsnniuse
hsnniues
hsnnieus
hsnniesu
hsnnuise
hsnnuies
hsnnusie
hsnnusei
hsnnuesi
hsnnueis
hsnneius
hsnneisu
hsnneuis
hsnneusi
hsnnesui
hsnnesiu
hsnesinu
hsnesiun
hsnesniu
hsnesnui
hsnesuni
hsnesuin
hsneisnu
hsneisun
hsneinsu
hsneinus
hsneiuns
hsneiusn
hsnenisu
hsnenius
hsnensiu
hsnensui
hsnenusi
hsnenuis
hsneuins
hsneuisn
hsneunis
hsneunsi
hsneusni
hsneusin
hseusinn
hseusinn
hseusnin
hseusnni
hseusnni
hseusnin
hseuisnn
hseuisnn
hseuinsn
hseuinns
hseuinns
hseuinsn
hseunisn
hseunins
hseunsin
hseunsni
hseunnsi
hseunnis
hseunins
hseunisn
hseunnis
hseunnsi
hseunsni
hseunsin
hsesuinn
hsesuinn
hsesunin
hsesunni
hsesunni
hsesunin
hsesiunn
hsesiunn
hsesinun
hsesinnu
hsesinnu
hsesinun
hsesniun
hsesninu
hsesnuin
hsesnuni
hsesnnui
hsesnniu
hsesninu
hsesniun
hsesnniu
hsesnnui
hsesnuni
hsesnuin
hseisunn
hseisunn
hseisnun
hseisnnu
hseisnnu
hseisnun
hseiusnn
hseiusnn
hseiunsn
hseiunns
hseiunns
hseiunsn
hseinusn
hseinuns
hseinsun
hseinsnu
hseinnsu
hseinnus
hseinuns
hseinusn
hseinnus
hseinnsu
hseinsnu
hseinsun
hsensiun
hsensinu
hsensuin
hsensuni
hsensnui
hsensniu
hsenisun
hsenisnu
hseniusn
hseniuns
hseninus
hseninsu
hsenuisn
hsenuins
hsenusin
hsenusni
hsenunsi
hsenunis
hsennius
hsennisu
hsennuis
hsennusi
hsennsui
hsennsiu
hsensinu
hsensiun
hsensniu
hsensnui
hsensuni
hsensuin
hsenisnu
hsenisun
hseninsu
hseninus
hseniuns
hseniusn
hsennisu
hsennius
hsennsiu
hsennsui
hsennusi
hsennuis
hsenuins
hsenuisn
hsenunis
hsenunsi
hsenusni
hsenusin
hsnsuine
hsnsuien
hsnsunie
hsnsunei
hsnsueni
hsnsuein
hsnsiune
hsnsiuen
hsnsinue
hsnsineu
hsnsienu
hsnsieun
hsnsniue
hsnsnieu
hsnsnuie
hsnsnuei
hsnsneui
hsnsneiu
hsnseinu
hsnseiun
hsnseniu
hsnsenui
hsnseuni
hsnseuin
hsnusine
hsnusien
hsnusnie
hsnusnei
hsnuseni
hsnusein
hsnuisne
hsnuisen
hsnuinse
hsnuines
hsnuiens
hsnuiesn
hsnunise
hsnunies
hsnunsie
hsnunsei
hsnunesi
hsnuneis
hsnueins
hsnueisn
hsnuenis
hsnuensi
hsnuesni
hsnuesin
hsniusne
hsniusen
hsniunse
hsniunes
hsniuens
hsniuesn
hsnisune
hsnisuen
hsnisnue
hsnisneu
hsnisenu
hsniseun
hsninsue
hsninseu
hsninuse
hsninues
hsnineus
hsninesu
hsniesnu
hsniesun
hsniensu
hsnienus
hsnieuns
hsnieusn
hsnnuise
hsnnuies
hsnnusie
hsnnusei
hsnnuesi
hsnnueis
hsnniuse
hsnniues
hsnnisue
hsnniseu
hsnniesu
hsnnieus
hsnnsiue
hsnnsieu
hsnnsuie
hsnnsuei
hsnnseui
hsnnseiu
hsnneisu
hsnneius
hsnnesiu
hsnnesui
hsnneusi
hsnneuis
hsneuins
hsneuisn
hsneunis
hsneunsi
hsneusni
hsneusin
hsneiuns
hsneiusn
hsneinus
hsneinsu
hsneisnu
hsneisun
hsnenius
hsnenisu
hsnenuis
hsnenusi
hsnensui
hsnensiu
hsnesinu
hsnesiun
hsnesniu
hsnesnui
hsnesuni
hsnesuin
hssnuine
hssnuien
hssnunie
hssnunei
hssnueni
hssnuein
hssniune
hssniuen
hssninue
hssnineu
hssnienu
hssnieun
hssnniue
hssnnieu
hssnnuie
hssnnuei
hssnneui
hssnneiu
hssneinu
hssneiun
hssneniu
hssnenui
hssneuni
hssneuin
hssunine
hssunien
hssunnie
hssunnei
hssuneni
hssunein
hssuinne
hssuinen
hssuinne
hssuinen
hssuienn
hssuienn
hssunine
hssunien
hssunnie
hssunnei
hssuneni
hssunein
hssueinn
hssueinn
hssuenin
hssuenni
hssuenni
hssuenin
hssiunne
hssiunen
hssiunne
hssiunen
hssiuenn
hssiuenn
hssinune
hssinuen
hssinnue
hssinneu
hssinenu
hssineun
hssinnue
hssinneu
hssinune
hssinuen
hssineun
hssinenu
hssiennu
hssienun
hssiennu
hssienun
hssieunn
hssieunn
hssnuine
hssnuien
hssnunie
hssnunei
hssnueni
hssnuein
hssniune
hssniuen
hssninue
hssnineu
hssnienu
hssnieun
hssnniue
hssnnieu
hssnnuie
hssnnuei
hssnneui
hssnneiu
hssneinu
hssneiun
hssneniu
hssnenui
hssneuni
hssneuin
hsseuinn
hsseuinn
hsseunin
hsseunni
hsseunni
hsseunin
hsseiunn
hsseiunn
hsseinun
hsseinnu
hsseinnu
hsseinun
hsseniun
hsseninu
hssenuin
hssenuni
hssennui
hssenniu
hsseninu
hsseniun
hssenniu
hssennui
hssenuni
hssenuin
hsusnine
hsusnien
hsusnnie
hsusnnei
hsusneni
hsusnein
hsusinne
hsusinen
hsusinne
hsusinen
hsusienn
hsusienn
hsusnine
hsusnien
hsusnnie
hsusnnei
hsusneni
hsusnein
hsuseinn
hsuseinn
hsusenin
hsusenni
hsusenni
hsusenin
hsunsine
hsunsien
hsunsnie
hsunsnei
hsunseni
hsunsein
hsunisne
hsunisen
hsuninse
hsunines
hsuniens
hsuniesn
hsunnise
hsunnies
hsunnsie
hsunnsei
hsunnesi
hsunneis
hsuneins
hsuneisn
hsunenis
hsunensi
hsunesni
hsunesin
hsuinsne
hsuinsen
hsuinnse
hsuinnes
hsuinens
hsuinesn
hsuisnne
hsuisnen
hsuisnne
hsuisnen
hsuisenn
hsuisenn
hsuinsne
hsuinsen
hsuinnse
hsuinnes
hsuinens
hsuinesn
hsuiesnn
hsuiesnn
hsuiensn
hsuienns
hsuienns
hsuiensn
hsunnise
hsunnies
hsunnsie
hsunnsei
hsunnesi
hsunneis
hsuninse
hsunines
hsunisne
hsunisen
hsuniesn
hsuniens
hsunsine
hsunsien
hsunsnie
hsunsnei
hsunseni
hsunsein
hsuneisn
hsuneins
hsunesin
hsunesni
hsunensi
hsunenis
hsuenins
hsuenisn
hsuennis
hsuennsi
hsuensni
hsuensin
hsueinns
hsueinsn
hsueinns
hsueinsn
hsueisnn
hsueisnn
hsuenins
hsuenisn
hsuennis
hsuennsi
hsuensni
hsuensin
hsuesinn
hsuesinn
hsuesnin
hsuesnni
hsuesnni
hsuesnin
hsisunne
hsisunen
hsisunne
hsisunen
hsisuenn
hsisuenn
hsisnune
hsisnuen
hsisnnue
hsisnneu
hsisnenu
hsisneun
hsisnnue
hsisnneu
hsisnune
hsisnuen
hsisneun
hsisnenu
hsisennu
hsisenun
hsisennu
hsisenun
hsiseunn
hsiseunn
hsiusnne
hsiusnen
hsiusnne
hsiusnen
hsiusenn
hsiusenn
hsiunsne
hsiunsen
hsiunnse
hsiunnes
hsiunens
hsiunesn
hsiunnse
hsiunnes
hsiunsne
hsiunsen
hsiunesn
hsiunens
hsiuenns
hsiuensn
hsiuenns
hsiuensn
hsiuesnn
hsiuesnn
hsinusne
hsinusen
hsinunse
hsinunes
hsinuens
hsinuesn
hsinsune
hsinsuen
hsinsnue
hsinsneu
hsinsenu
hsinseun
hsinnsue
hsinnseu
hsinnuse
hsinnues
hsinneus
hsinnesu
hsinesnu
hsinesun
hsinensu
hsinenus
hsineuns
hsineusn
hsinunse
hsinunes
hsinusne
hsinusen
hsinuesn
hsinuens
hsinnuse
hsinnues
hsinnsue
hsinnseu
hsinnesu
hsinneus
hsinsnue
hsinsneu
hsinsune
hsinsuen
hsinseun
hsinsenu
hsinensu
hsinenus
hsinesnu
hsinesun
hsineusn
hsineuns
hsieunns
hsieunsn
hsieunns
hsieunsn
hsieusnn
hsieusnn
hsienuns
hsienusn
hsiennus
hsiennsu
hsiensnu
hsiensun
hsiennus
hsiennsu
hsienuns
hsienusn
hsiensun
hsiensnu
hsiesnnu
hsiesnun
hsiesnnu
hsiesnun
hsiesunn
hsiesunn
hsnsuine
hsnsuien
hsnsunie
hsnsunei
hsnsueni
hsnsuein
hsnsiune
hsnsiuen
hsnsinue
hsnsineu
hsnsienu
hsnsieun
hsnsniue
hsnsnieu
hsnsnuie
hsnsnuei
hsnsneui
hsnsneiu
hsnseinu
hsnseiun
hsnseniu
hsnsenui
hsnseuni
hsnseuin
hsnusine
hsnusien
hsnusnie
hsnusnei
hsnuseni
hsnusein
hsnuisne
hsnuisen
hsnuinse
hsnuines
hsnuiens
hsnuiesn
hsnunise
hsnunies
hsnunsie
hsnunsei
hsnunesi
hsnuneis
hsnueins
hsnueisn
hsnuenis
hsnuensi
hsnuesni
hsnuesin
hsniusne
hsniusen
hsniunse
hsniunes
hsniuens
hsniuesn
hsnisune
hsnisuen
hsnisnue
hsnisneu
hsnisenu
hsniseun
hsninsue
hsninseu
hsninuse
hsninues
hsnineus
hsninesu
hsniesnu
hsniesun
hsniensu
hsnienus
hsnieuns
hsnieusn
hsnnuise
hsnnuies
hsnnusie
hsnnusei
hsnnuesi
hsnnueis
hsnniuse
hsnniues
hsnnisue
hsnniseu
hsnniesu
hsnnieus
hsnnsiue
hsnnsieu
hsnnsuie
hsnnsuei
hsnnseui
hsnnseiu
hsnneisu
hsnneius
hsnnesiu
hsnnesui
hsnneusi
hsnneuis
hsneuins
hsneuisn
hsneunis
hsneunsi
hsneusni
hsneusin
hsneiuns
hsneiusn
hsneinus
hsneinsu
hsneisnu
hsneisun
hsnenius
hsnenisu
hsnenuis
hsnenusi
hsnensui
hsnensiu
hsnesinu
hsnesiun
hsnesniu
hsnesnui
hsnesuni
hsnesuin
hsesuinn
hsesuinn
hsesunin
hsesunni
hsesunni
hsesunin
hsesiunn
hsesiunn
hsesinun
hsesinnu
hsesinnu
hsesinun
hsesniun
hsesninu
hsesnuin
hsesnuni
hsesnnui
hsesnniu
hsesninu
hsesniun
hsesnniu
hsesnnui
hsesnuni
hsesnuin
hseusinn
hseusinn
hseusnin
hseusnni
hseusnni
hseusnin
hseuisnn
hseuisnn
hseuinsn
hseuinns
hseuinns
hseuinsn
hseunisn
hseunins
hseunsin
hseunsni
hseunnsi
hseunnis
hseunins
hseunisn
hseunnis
hseunnsi
hseunsni
hseunsin
hseiusnn
hseiusnn
hseiunsn
hseiunns
hseiunns
hseiunsn
hseisunn
hseisunn
hseisnun
hseisnnu
hseisnnu
hseisnun
hseinsun
hseinsnu
hseinusn
hseinuns
hseinnus
hseinnsu
hseinsnu
hseinsun
hseinnsu
hseinnus
hseinuns
hseinusn
hsenuisn
hsenuins
hsenusin
hsenusni
hsenunsi
hsenunis
hseniusn
hseniuns
hsenisun
hsenisnu
hseninsu
hseninus
hsensiun
hsensinu
hsensuin
hsensuni
hsensnui
hsensniu
hsennisu
hsennius
hsennsiu
hsennsui
hsennusi
hsennuis
hsenuins
hsenuisn
hsenunis
hsenunsi
hsenusni
hsenusin
hseniuns
hseniusn
hseninus
hseninsu
hsenisnu
hsenisun
hsennius
hsennisu
hsennuis
hsennusi
hsennsui
hsennsiu
hsensinu
hsensiun
hsensniu
hsensnui
hsensuni
hsensuin
hinssune
hinssuen
hinssnue
hinssneu
hinssenu
hinsseun
hinsusne
hinsusen
hinsunse
hinsunes
hinsuens
hinsuesn
hinsnuse
hinsnues
hinsnsue
hinsnseu
hinsnesu
hinsneus
hinseuns
hinseusn
hinsenus
hinsensu
hinsesnu
hinsesun
hinssune
hinssuen
hinssnue
hinssneu
hinssenu
hinsseun
hinsusne
hinsusen
hinsunse
hinsunes
hinsuens
hinsuesn
hinsnuse
hinsnues
hinsnsue
hinsnseu
hinsnesu
hinsneus
hinseuns
hinseusn
hinsenus
hinsensu
hinsesnu
hinsesun
hinussne
hinussen
hinusnse
hinusnes
hinusens
hinusesn
hinussne
hinussen
hinusnse
hinusnes
hinusens
hinusesn
hinunsse
hinunses
hinunsse
hinunses
hinuness
hinuness
hinuesns
hinuessn
hinuenss
hinuenss
hinuesns
hinuessn
hinnsuse
hinnsues
hinnssue
hinnsseu
hinnsesu
hinnseus
hinnusse
hinnuses
hinnusse
hinnuses
hinnuess
hinnuess
hinnsuse
hinnsues
hinnssue
hinnsseu
hinnsesu
hinnseus
hinneuss
hinneuss
hinnesus
hinnessu
hinnessu
hinnesus
hinesuns
hinesusn
hinesnus
hinesnsu
hinessnu
hinessun
hineusns
hineussn
hineunss
hineunss
hineusns
hineussn
hinenuss
hinenuss
hinensus
hinenssu
hinenssu
hinensus
hinesuns
hinesusn
hinesnus
hinesnsu
hinessnu
hinessun
hisnsune
hisnsuen
hisnsnue
hisnsneu
hisnsenu
hisnseun
hisnusne
hisnusen
hisnunse
hisnunes
hisnuens
hisnuesn
hisnnuse
hisnnues
hisnnsue
hisnnseu
hisnnesu
hisnneus
hisneuns
hisneusn
hisnenus
hisnensu
hisnesnu
hisnesun
hissnune
hissnuen
hissnnue
hissnneu
hissnenu
hissneun
hissunne
hissunen
hissunne
hissunen
hissuenn
hissuenn
hissnune
hissnuen
hissnnue
hissnneu
hissnenu
hissneun
hisseunn
hisseunn
hissenun
hissennu
hissennu
hissenun
hisusnne
hisusnen
hisusnne
hisusnen
hisusenn
hisusenn
hisunsne
hisunsen
hisunnse
hisunnes
hisunens
hisunesn
hisunnse
hisunnes
hisunsne
hisunsen
hisunesn
hisunens
hisuenns
hisuensn
hisuenns
hisuensn
hisuesnn
hisuesnn
hisnsune
hisnsuen
hisnsnue
hisnsneu
hisnsenu
hisnseun
hisnusne
hisnusen
hisnunse
hisnunes
hisnuens
hisnuesn
hisnnuse
hisnnues
hisnnsue
hisnnseu
hisnnesu
hisnneus
hisneuns
hisneusn
hisnenus
hisnensu
hisnesnu
hisnesun
hisesunn
hisesunn
hisesnun
hisesnnu
hisesnnu
hisesnun
hiseusnn
hiseusnn
hiseunsn
hiseunns
hiseunns
hiseunsn
hisenusn
hisenuns
hisensun
hisensnu
hisennsu
hisennus
hisenuns
hisenusn
hisennus
hisennsu
hisensnu
hisensun
hissnune
hissnuen
hissnnue
hissnneu
hissnenu
hissneun
hissunne
hissunen
hissunne
hissunen
hissuenn
hissuenn
hissnune
hissnuen
hissnnue
hissnneu
hissnenu
hissneun
hisseunn
hisseunn
hissenun
hissennu
hissennu
hissenun
hisnsune
hisnsuen
hisnsnue
hisnsneu
hisnsenu
hisnseun
hisnusne
hisnusen
hisnunse
hisnunes
hisnuens
hisnuesn
hisnnuse
hisnnues
hisnnsue
hisnnseu
hisnnesu
hisnneus
hisneuns
hisneusn
hisnenus
hisnensu
hisnesnu
hisnesun
hisunsne
hisunsen
hisunnse
hisunnes
hisunens
hisunesn
hisusnne
hisusnen
hisusnne
hisusnen
hisusenn
hisusenn
hisunsne
hisunsen
hisunnse
hisunnes
hisunens
hisunesn
hisuesnn
hisuesnn
hisuensn
hisuenns
hisuenns
hisuensn
hisnnuse
hisnnues
hisnnsue
hisnnseu
hisnnesu
hisnneus
hisnunse
hisnunes
hisnusne
hisnusen
hisnuesn
hisnuens
hisnsune
hisnsuen
hisnsnue
hisnsneu
hisnsenu
hisnseun
hisneusn
hisneuns
hisnesun
hisnesnu
hisnensu
hisnenus
hisenuns
hisenusn
hisennus
hisennsu
hisensnu
hisensun
hiseunns
hiseunsn
hiseunns
hiseunsn
hiseusnn
hiseusnn
hisenuns
hisenusn
hisennus
hisennsu
hisensnu
hisensun
hisesunn
hisesunn
hisesnun
hisesnnu
hisesnnu
hisesnun
hiussnne
hiussnen
hiussnne
hiussnen
hiussenn
hiussenn
hiusnsne
hiusnsen
hiusnnse
hiusnnes
hiusnens
hiusnesn
hiusnnse
hiusnnes
hiusnsne
hiusnsen
hiusnesn
hiusnens
hiusenns
hiusensn
hiusenns
hiusensn
hiusesnn
hiusesnn
hiussnne
hiussnen
hiussnne
hiussnen
hiussenn
hiussenn
hiusnsne
hiusnsen
hiusnnse
hiusnnes
hiusnens
hiusnesn
hiusnnse
hiusnnes
hiusnsne
hiusnsen
hiusnesn
hiusnens
hiusenns
hiusensn
hiusenns
hiusensn
hiusesnn
hiusesnn
hiunssne
hiunssen
hiunsnse
hiunsnes
hiunsens
hiunsesn
hiunssne
hiunssen
hiunsnse
hiunsnes
hiunsens
hiunsesn
hiunnsse
hiunnses
hiunnsse
hiunnses
hiunness
hiunness
hiunesns
hiunessn
hiunenss
hiunenss
hiunesns
hiunessn
hiunsnse
hiunsnes
hiunssne
hiunssen
hiunsesn
hiunsens
hiunnsse
hiunnses
hiunnsse
hiunnses
hiunness
hiunness
hiunsnse
hiunsnes
hiunssne
hiunssen
hiunsesn
hiunsens
hiunenss
hiunenss
hiunesns
hiunessn
hiunessn
hiunesns
hiuesnns
hiuesnsn
hiuesnns
hiuesnsn
hiuessnn
hiuessnn
hiuensns
hiuenssn
hiuennss
hiuennss
hiuensns
hiuenssn
hiuennss
hiuennss
hiuensns
hiuenssn
hiuenssn
hiuensns
hiuesnns
hiuesnsn
hiuesnns
hiuesnsn
hiuessnn
hiuessnn
hinssune
hinssuen
hinssnue
hinssneu
hinssenu
hinsseun
hinsusne
hinsusen
hinsunse
hinsunes
hinsuens
hinsuesn
hinsnuse
hinsnues
hinsnsue
hinsnseu
hinsnesu
hinsneus
hinseuns
hinseusn
hinsenus
hinsensu
hinsesnu
hinsesun
hinssune
hinssuen
hinssnue
hinssneu
hinssenu
hinsseun
hinsusne
hinsusen
hinsunse
hinsunes
hinsuens
hinsuesn
hinsnuse
hinsnues
hinsnsue
hinsnseu
hinsnesu
hinsneus
hinseuns
hinseusn
hinsenus
hinsensu
hinsesnu
hinsesun
hinussne
hinussen
hinusnse
hinusnes
hinusens
hinusesn
hinussne
hinussen
hinusnse
hinusnes
hinusens
hinusesn
hinunsse
hinunses
hinunsse
hinunses
hinuness
hinuness
hinuesns
hinuessn
hinuenss
hinuenss
hinuesns
hinuessn
hinnsuse
hinnsues
hinnssue
hinnsseu
hinnsesu
hinnseus
hinnusse
hinnuses
hinnusse
hinnuses
hinnuess
hinnuess
hinnsuse
hinnsues
hinnssue
hinnsseu
hinnsesu
hinnseus
hinneuss
hinneuss
hinnesus
hinnessu
hinnessu
hinnesus
hinesuns
hinesusn
hinesnus
hinesnsu
hinessnu
hinessun
hineusns
hineussn
hineunss
hineunss
hineusns
hineussn
hinenuss
hinenuss
hinensus
hinenssu
hinenssu
hinensus
hinesuns
hinesusn
hinesnus
hinesnsu
hinessnu
hinessun
hiessunn
hiessunn
hiessnun
hiessnnu
hiessnnu
hiessnun
hiesusnn
hiesusnn
hiesunsn
hiesunns
hiesunns
hiesunsn
hiesnusn
hiesnuns
hiesnsun
hiesnsnu
hiesnnsu
hiesnnus
hiesnuns
hiesnusn
hiesnnus
hiesnnsu
hiesnsnu
hiesnsun
hiessunn
hiessunn
hiessnun
hiessnnu
hiessnnu
hiessnun
hiesusnn
hiesusnn
hiesunsn
hiesunns
hiesunns
hiesunsn
hiesnusn
hiesnuns
hiesnsun
hiesnsnu
hiesnnsu
hiesnnus
hiesnuns
hiesnusn
hiesnnus
hiesnnsu
hiesnsnu
hiesnsun
hieussnn
hieussnn
hieusnsn
hieusnns
hieusnns
hieusnsn
hieussnn
hieussnn
hieusnsn
hieusnns
hieusnns
hieusnsn
hieunssn
hieunsns
hieunssn
hieunsns
hieunnss
hieunnss
hieunsns
hieunssn
hieunnss
hieunnss
hieunsns
hieunssn
hiensusn
hiensuns
hienssun
hienssnu
hiensnsu
hiensnus
hienussn
hienusns
hienussn
hienusns
hienunss
hienunss
hiensusn
hiensuns
hienssun
hienssnu
hiensnsu
hiensnus
hiennuss
hiennuss
hiennsus
hiennssu
hiennssu
hiennsus
hiensuns
hiensusn
hiensnus
hiensnsu
hienssnu
hienssun
hienusns
hienussn
hienunss
hienunss
hienusns
hienussn
hiennuss
hiennuss
hiennsus
hiennssu
hiennssu
hiennsus
hiensuns
hiensusn
hiensnus
hiensnsu
hienssnu
hienssun
hnnssiue
hnnssieu
hnnssuie
hnnssuei
hnnsseui
hnnsseiu
hnnsisue
hnnsiseu
hnnsiuse
hnnsiues
hnnsieus
hnnsiesu
hnnsuise
hnnsuies
hnnsusie
hnnsusei
hnnsuesi
hnnsueis
hnnseius
hnnseisu
hnnseuis
hnnseusi
hnnsesui
hnnsesiu
hnnssiue
hnnssieu
hnnssuie
hnnssuei
hnnsseui
hnnsseiu
hnnsisue
hnnsiseu
hnnsiuse
hnnsiues
hnnsieus
hnnsiesu
hnnsuise
hnnsuies
hnnsusie
hnnsusei
hnnsuesi
hnnsueis
hnnseius
hnnseisu
hnnseuis
hnnseusi
hnnsesui
hnnsesiu
hnnissue
hnnisseu
hnnisuse
hnnisues
hnniseus
hnnisesu
hnnissue
hnnisseu
hnnisuse
hnnisues
hnniseus
hnnisesu
hnniusse
hnniuses
hnniusse
hnniuses
hnniuess
hnniuess
hnniesus
hnniessu
hnnieuss
hnnieuss
hnniesus
hnniessu
hnnusise
hnnusies
hnnussie
hnnussei
hnnusesi
hnnuseis
hnnuisse
hnnuises
hnnuisse
hnnuises
hnnuiess
hnnuiess
hnnusise
hnnusies
hnnussie
hnnussei
hnnusesi
hnnuseis
hnnueiss
hnnueiss
hnnuesis
hnnuessi
hnnuessi
hnnuesis
hnnesius
hnnesisu
hnnesuis
hnnesusi
hnnessui
hnnessiu
hnneisus
hnneissu
hnneiuss
hnneiuss
hnneisus
hnneissu
hnneuiss
hnneuiss
hnneusis
hnneussi
hnneussi
hnneusis
hnnesius
hnnesisu
hnnesuis
hnnesusi
hnnessui
hnnessiu
hnsnsiue
hnsnsieu
hnsnsuie
hnsnsuei
hnsnseui
hnsnseiu
hnsnisue
hnsniseu
hnsniuse
hnsniues
hnsnieus
hnsniesu
hnsnuise
hnsnuies
hnsnusie
hnsnusei
hnsnuesi
hnsnueis
hnsneius
hnsneisu
hnsneuis
hnsneusi
hnsnesui
hnsnesiu
hnssniue
hnssnieu
hnssnuie
hnssnuei
hnssneui
hnssneiu
hnssinue
hnssineu
hnssiune
hnssiuen
hnssieun
hnssienu
hnssuine
hnssuien
hnssunie
hnssunei
hnssueni
hnssuein
hnsseiun
hnsseinu
hnsseuin
hnsseuni
hnssenui
hnsseniu
hnsisnue
hnsisneu
hnsisune
hnsisuen
hnsiseun
hnsisenu
hnsinsue
hnsinseu
hnsinuse
hnsinues
hnsineus
hnsinesu
hnsiunse
hnsiunes
hnsiusne
hnsiusen
hnsiuesn
hnsiuens
hnsienus
hnsiensu
hnsieuns
hnsieusn
hnsiesun
hnsiesnu
hnsusine
hnsusien
hnsusnie
hnsusnei
hnsuseni
hnsusein
hnsuisne
hnsuisen
hnsuinse
hnsuines
hnsuiens
hnsuiesn
hnsunise
hnsunies
hnsunsie
hnsunsei
hnsunesi
hnsuneis
hnsueins
hnsueisn
hnsuenis
hnsuensi
hnsuesni
hnsuesin
hnsesiun
hnsesinu
hnsesuin
hnsesuni
hnsesnui
hnsesniu
hnseisun
hnseisnu
hnseiusn
hnseiuns
hnseinus
hnseinsu
hnseuisn
hnseuins
hnseusin
hnseusni
hnseunsi
hnseunis
hnsenius
hnsenisu
hnsenuis
hnsenusi
hnsensui
hnsensiu
hnssniue
hnssnieu
hnssnuie
hnssnuei
hnssneui
hnssneiu
hnssinue
hnssineu
hnssiune
hnssiuen
hnssieun
hnssienu
hnssuine
hnssuien
hnssunie
hnssunei
hnssueni
hnssuein
hnsseiun
hnsseinu
hnsseuin
hnsseuni
hnssenui
hnsseniu
hnsnsiue
hnsnsieu
hnsnsuie
hnsnsuei
hnsnseui
hnsnseiu
hnsnisue
hnsniseu
hnsniuse
hnsniues
hnsnieus
hnsniesu
hnsnuise
hnsnuies
hnsnusie
hnsnusei
hnsnuesi
hnsnueis
hnsneius
hnsneisu
hnsneuis
hnsneusi
hnsnesui
hnsnesiu
hnsinsue
hnsinseu
hnsinuse
hnsinues
hnsineus
hnsinesu
hnsisnue
hnsisneu
hnsisune
hnsisuen
hnsiseun
hnsisenu
hnsiusne
hnsiusen
hnsiunse
hnsiunes
hnsiuens
hnsiuesn
hnsiesun
hnsiesnu
hnsieusn
hnsieuns
hnsienus
hnsiensu
hnsunise
hnsunies
hnsunsie
hnsunsei
hnsunesi
hnsuneis
hnsuinse
hnsuines
hnsuisne
hnsuisen
hnsuiesn
hnsuiens
hnsusine
hnsusien
hnsusnie
hnsusnei
hnsuseni
hnsusein
hnsueisn
hnsueins
hnsuesin
hnsuesni
hnsuensi
hnsuenis
hnsenius
hnsenisu
hnsenuis
hnsenusi
hnsensui
hnsensiu
hnseinus
hnseinsu
hnseiuns
hnseiusn
hnseisun
hnseisnu
hnseuins
hnseuisn
hnseunis
hnseunsi
hnseusni
hnseusin
hnsesiun
hnsesinu
hnsesuin
hnsesuni
hnsesnui
hnsesniu
hnissnue
hnissneu
hnissune
hnissuen
hnisseun
hnissenu
hnisnsue
hnisnseu
hnisnuse
hnisnues
hnisneus
hnisnesu
hnisunse
hnisunes
hnisusne
hnisusen
hnisuesn
hnisuens
hnisenus
hnisensu
hniseuns
hniseusn
hnisesun
hnisesnu
hnissnue
hnissneu
hnissune
hnissuen
hnisseun
hnissenu
hnisnsue
hnisnseu
hnisnuse
hnisnues
hnisneus
hnisnesu
hnisunse
hnisunes
hnisusne
hnisusen
hnisuesn
hnisuens
hnisenus
hnisensu
hniseuns
hniseusn
hnisesun
hnisesnu
hninssue
hninsseu
hninsuse
hninsues
hninseus
hninsesu
hninssue
hninsseu
hninsuse
hninsues
hninseus
hninsesu
hninusse
hninuses
hninusse
hninuses
hninuess
hninuess
hninesus
hninessu
hnineuss
hnineuss
hninesus
hninessu
hniusnse
hniusnes
hniussne
hniussen
hniusesn
hniusens
hniunsse
hniunses
hniunsse
hniunses
hniuness
hniuness
hniusnse
hniusnes
hniussne
hniussen
hniusesn
hniusens
hniuenss
hniuenss
hniuesns
hniuessn
hniuessn
hniuesns
hniesnus
hniesnsu
hniesuns
hniesusn
hniessun
hniessnu
hniensus
hnienssu
hnienuss
hnienuss
hniensus
hnienssu
hnieunss
hnieunss
hnieusns
hnieussn
hnieussn
hnieusns
hniesnus
hniesnsu
hniesuns
hniesusn
hniessun
hniessnu
hnussine
hnussien
hnussnie
hnussnei
hnusseni
hnussein
hnusisne
hnusisen
hnusinse
hnusines
hnusiens
hnusiesn
hnusnise
hnusnies
hnusnsie
hnusnsei
hnusnesi
hnusneis
hnuseins
hnuseisn
hnusenis
hnusensi
hnusesni
hnusesin
hnussine
hnussien
hnussnie
hnussnei
hnusseni
hnussein
hnusisne
hnusisen
hnusinse
hnusines
hnusiens
hnusiesn
hnusnise
hnusnies
hnusnsie
hnusnsei
hnusnesi
hnusneis
hnuseins
hnuseisn
hnusenis
hnusensi
hnusesni
hnusesin
hnuissne
hnuissen
hnuisnse
hnuisnes
hnuisens
hnuisesn
hnuissne
hnuissen
hnuisnse
hnuisnes
hnuisens
hnuisesn
hnuinsse
hnuinses
hnuinsse
hnuinses
hnuiness
hnuiness
hnuiesns
hnuiessn
hnuienss
hnuienss
hnuiesns
hnuiessn
hnunsise
hnunsies
hnunssie
hnunssei
hnunsesi
hnunseis
hnunisse
hnunises
hnunisse
hnunises
hnuniess
hnuniess
hnunsise
hnunsies
hnunssie
hnunssei
hnunsesi
hnunseis
hnuneiss
hnuneiss
hnunesis
hnunessi
hnunessi
hnunesis
hnuesins
hnuesisn
hnuesnis
hnuesnsi
hnuessni
hnuessin
hnueisns
hnueissn
hnueinss
hnueinss
hnueisns
hnueissn
hnueniss
hnueniss
hnuensis
hnuenssi
hnuenssi
hnuensis
hnuesins
hnuesisn
hnuesnis
hnuesnsi
hnuessni
hnuessin
hnessiun
hnessinu
hnessuin
hnessuni
hnessnui
hnessniu
hnesisun
hnesisnu
hnesiusn
hnesiuns
hnesinus
hnesinsu
hnesuisn
hnesuins
hnesusin
hnesusni
hnesunsi
hnesunis
hnesnius
hnesnisu
hnesnuis
hnesnusi
hnesnsui
hnesnsiu
hnessiun
hnessinu
hnessuin
hnessuni
hnessnui
hnessniu
hnesisun
hnesisnu
hnesiusn
hnesiuns
hnesinus
hnesinsu
hnesuisn
hnesuins
hnesusin
hnesusni
hnesunsi
hnesunis
hnesnius
hnesnisu
hnesnuis
hnesnusi
hnesnsui
hnesnsiu
hneissun
hneissnu
hneisusn
hneisuns
hneisnus
hneisnsu
hneissun
hneissnu
hneisusn
hneisuns
hneisnus
hneisnsu
hneiussn
hneiusns
hneiussn
hneiusns
hneiunss
hneiunss
hneinsus
hneinssu
hneinuss
hneinuss
hneinsus
hneinssu
hneusisn
hneusins
hneussin
hneussni
hneusnsi
hneusnis
hneuissn
hneuisns
hneuissn
hneuisns
hneuinss
hneuinss
hneusisn
hneusins
hneussin
hneussni
hneusnsi
hneusnis
hneuniss
hneuniss
hneunsis
hneunssi
hneunssi
hneunsis
hnensius
hnensisu
hnensuis
hnensusi
hnenssui
hnenssiu
hnenisus
hnenissu
hneniuss
hneniuss
hnenisus
hnenissu
hnenuiss
hnenuiss
hnenusis
hnenussi
hnenussi
hnenusis
hnensius
hnensisu
hnensuis
hnensusi
hnenssui
hnenssiu
henssinu
henssiun
henssniu
henssnui
henssuni
henssuin
hensisnu
hensisun
hensinsu
hensinus
hensiuns
hensiusn
hensnisu
hensnius
hensnsiu
hensnsui
hensnusi
hensnuis
hensuins
hensuisn
hensunis
hensunsi
hensusni
hensusin
henssinu
henssiun
henssniu
henssnui
henssuni
henssuin
hensisnu
hensisun
hensinsu
hensinus
hensiuns
hensiusn
hensnisu
hensnius
hensnsiu
hensnsui
hensnusi
hensnuis
hensuins
hensuisn
hensunis
hensunsi
hensusni
hensusin
henissnu
henissun
henisnsu
henisnus
henisuns
henisusn
henissnu
henissun
henisnsu
henisnus
henisuns
henisusn
heninssu
heninsus
heninssu
heninsus
heninuss
heninuss
heniusns
heniussn
heniunss
heniunss
heniusns
heniussn
hennsisu
hennsius
hennssiu
hennssui
hennsusi
hennsuis
hennissu
hennisus
hennissu
hennisus
henniuss
henniuss
hennsisu
hennsius
hennssiu
hennssui
hennsusi
hennsuis
hennuiss
hennuiss
hennusis
hennussi
hennussi
hennusis
henusins
henusisn
henusnis
henusnsi
henussni
henussin
henuisns
henuissn
henuinss
henuinss
henuisns
henuissn
henuniss
henuniss
henunsis
henunssi
henunssi
henunsis
henusins
henusisn
henusnis
henusnsi
henussni
henussin
hesnsinu
hesnsiun
hesnsniu
hesnsnui
hesnsuni
hesnsuin
hesnisnu
hesnisun
hesninsu
hesninus
hesniuns
hesniusn
hesnnisu
hesnnius
hesnnsiu
hesnnsui
hesnnusi
hesnnuis
hesnuins
hesnuisn
hesnunis
hesnunsi
hesnusni
hesnusin
hessninu
hessniun
hessnniu
hessnnui
hessnuni
hessnuin
hessinnu
hessinun
hessinnu
hessinun
hessiunn
hessiunn
hessninu
hessniun
hessnniu
hessnnui
hessnuni
hessnuin
hessuinn
hessuinn
hessunin
hessunni
hessunni
hessunin
hesisnnu
hesisnun
hesisnnu
hesisnun
hesisunn
hesisunn
hesinsnu
hesinsun
hesinnsu
hesinnus
hesinuns
hesinusn
hesinnsu
hesinnus
hesinsnu
hesinsun
hesinusn
hesinuns
hesiunns
hesiunsn
hesiunns
hesiunsn
hesiusnn
hesiusnn
hesnsinu
hesnsiun
hesnsniu
hesnsnui
hesnsuni
hesnsuin
hesnisnu
hesnisun
hesninsu
hesninus
hesniuns
hesniusn
hesnnisu
hesnnius
hesnnsiu
hesnnsui
hesnnusi
hesnnuis
hesnuins
hesnuisn
hesnunis
hesnunsi
hesnusni
hesnusin
hesusinn
hesusinn
hesusnin
hesusnni
hesusnni
hesusnin
hesuisnn
hesuisnn
hesuinsn
hesuinns
hesuinns
hesuinsn
hesunisn
hesunins
hesunsin
hesunsni
hesunnsi
hesunnis
hesunins
hesunisn
hesunnis
hesunnsi
hesunsni
hesunsin
hessninu
hessniun
hessnniu
hessnnui
hessnuni
hessnuin
hessinnu
hessinun
hessinnu
hessinun
hessiunn
hessiunn
hessninu
hessniun
hessnniu
hessnnui
hessnuni
hessnuin
hessuinn
hessuinn
hessunin
hessunni
hessunni
hessunin
hesnsinu
hesnsiun
hesnsniu
hesnsnui
hesnsuni
hesnsuin
hesnisnu
hesnisun
hesninsu
hesninus
hesniuns
hesniusn
hesnnisu
hesnnius
hesnnsiu
hesnnsui
hesnnusi
hesnnuis
hesnuins
hesnuisn
hesnunis
hesnunsi
hesnusni
hesnusin
hesinsnu
hesinsun
hesinnsu
hesinnus
hesinuns
hesinusn
hesisnnu
hesisnun
hesisnnu
hesisnun
hesisunn
hesisunn
hesinsnu
hesinsun
hesinnsu
hesinnus
hesinuns
hesinusn
hesiusnn
hesiusnn
hesiunsn
hesiunns
hesiunns
hesiunsn
hesnnisu
hesnnius
hesnnsiu
hesnnsui
hesnnusi
hesnnuis
hesninsu
hesninus
hesnisnu
hesnisun
hesniusn
hesniuns
hesnsinu
hesnsiun
hesnsniu
hesnsnui
hesnsuni
hesnsuin
hesnuisn
hesnuins
hesnusin
hesnusni
hesnunsi
hesnunis
hesunins
hesunisn
hesunnis
hesunnsi
hesunsni
hesunsin
hesuinns
hesuinsn
hesuinns
hesuinsn
hesuisnn
hesuisnn
hesunins
hesunisn
hesunnis
hesunnsi
hesunsni
hesunsin
hesusinn
hesusinn
hesusnin
hesusnni
hesusnni
hesusnin
heissnnu
heissnun
heissnnu
heissnun
heissunn
heissunn
heisnsnu
heisnsun
heisnnsu
heisnnus
heisnuns
heisnusn
heisnnsu
heisnnus
heisnsnu
heisnsun
heisnusn
heisnuns
heisunns
heisunsn
heisunns
heisunsn
heisusnn
heisusnn
heissnnu
heissnun
heissnnu
heissnun
heissunn
heissunn
heisnsnu
heisnsun
heisnnsu
heisnnus
heisnuns
heisnusn
heisnnsu
heisnnus
heisnsnu
heisnsun
heisnusn
heisnuns
heisunns
heisunsn
heisunns
heisunsn
heisusnn
heisusnn
heinssnu
heinssun
heinsnsu
heinsnus
heinsuns
heinsusn
heinssnu
heinssun
heinsnsu
heinsnus
heinsuns
heinsusn
heinnssu
heinnsus
heinnssu
heinnsus
heinnuss
heinnuss
heinusns
heinussn
heinunss
heinunss
heinusns
heinussn
heinsnsu
heinsnus
heinssnu
heinssun
heinsusn
heinsuns
heinnssu
heinnsus
heinnssu
heinnsus
heinnuss
heinnuss
heinsnsu
heinsnus
heinssnu
heinssun
heinsusn
heinsuns
heinunss
heinunss
heinusns
heinussn
heinussn
heinusns
heiusnns
heiusnsn
heiusnns
heiusnsn
heiussnn
heiussnn
heiunsns
heiunssn
heiunnss
heiunnss
heiunsns
heiunssn
heiunnss
heiunnss
heiunsns
heiunssn
heiunssn
heiunsns
heiusnns
heiusnsn
heiusnns
heiusnsn
heiussnn
heiussnn
henssinu
henssiun
henssniu
henssnui
henssuni
henssuin
hensisnu
hensisun
hensinsu
hensinus
hensiuns
hensiusn
hensnisu
hensnius
hensnsiu
hensnsui
hensnusi
hensnuis
hensuins
hensuisn
hensunis
hensunsi
hensusni
hensusin
henssinu
henssiun
henssniu
henssnui
henssuni
henssuin
hensisnu
hensisun
hensinsu
hensinus
hensiuns
hensiusn
hensnisu
hensnius
hensnsiu
hensnsui
hensnusi
hensnuis
hensuins
hensuisn
hensunis
hensunsi
hensusni
hensusin
henissnu
henissun
henisnsu
henisnus
henisuns
henisusn
henissnu
henissun
henisnsu
henisnus
henisuns
henisusn
heninssu
heninsus
heninssu
heninsus
heninuss
heninuss
heniusns
heniussn
heniunss
heniunss
heniusns
heniussn
hennsisu
hennsius
hennssiu
hennssui
hennsusi
hennsuis
hennissu
hennisus
hennissu
hennisus
henniuss
henniuss
hennsisu
hennsius
hennssiu
hennssui
hennsusi
hennsuis
hennuiss
hennuiss
hennusis
hennussi
hennussi
hennusis
henusins
henusisn
henusnis
henusnsi
henussni
henussin
henuisns
henuissn
henuinss
henuinss
henuisns
henuissn
henuniss
henuniss
henunsis
henunssi
henunssi
henunsis
henusins
henusisn
henusnis
henusnsi
henussni
henussin
heussinn
heussinn
heussnin
heussnni
heussnni
heussnin
heusisnn
heusisnn
heusinsn
heusinns
heusinns
heusinsn
heusnisn
heusnins
heusnsin
heusnsni
heusnnsi
heusnnis
heusnins
heusnisn
heusnnis
heusnnsi
heusnsni
heusnsin
heussinn
heussinn
heussnin
heussnni
heussnni
heussnin
heusisnn
heusisnn
heusinsn
heusinns
heusinns
heusinsn
heusnisn
heusnins
heusnsin
heusnsni
heusnnsi
heusnnis
heusnins
heusnisn
heusnnis
heusnnsi
heusnsni
heusnsin
heuissnn
heuissnn
heuisnsn
heuisnns
heuisnns
heuisnsn
heuissnn
heuissnn
heuisnsn
heuisnns
heuisnns
heuisnsn
heuinssn
heuinsns
heuinssn
heuinsns
heuinnss
heuinnss
heuinsns
heuinssn
heuinnss
heuinnss
heuinsns
heuinssn
heunsisn
heunsins
heunssin
heunssni
heunsnsi
heunsnis
heunissn
heunisns
heunissn
heunisns
heuninss
heuninss
heunsisn
heunsins
heunssin
heunssni
heunsnsi
heunsnis
heunniss
heunniss
heunnsis
heunnssi
heunnssi
heunnsis
heunsins
heunsisn
heunsnis
heunsnsi
heunssni
heunssin
heunisns
heunissn
heuninss
heuninss
heunisns
heunissn
heunniss
heunniss
heunnsis
heunnssi
heunnssi
heunnsis
heunsins
heunsisn
heunsnis
heunsnsi
heunssni
heunssin
iunshsne
iunshsen
iunshnse
iunshnes
iunshens
iunshesn
iunsshne
iunsshen
iunssnhe
iunssneh
iunssenh
iunssehn
iunsnshe
iunsnseh
iunsnhse
iunsnhes
iunsnehs
iunsnesh
iunsesnh
iunseshn
iunsensh
iunsenhs
iunsehns
iunsehsn
iunhssne
iunhssen
iunhsnse
iunhsnes
iunhsens
iunhsesn
iunhssne
iunhssen
iunhsnse
iunhsnes
iunhsens
iunhsesn
iunhnsse
iunhnses
iunhnsse
iunhnses
iunhness
iunhness
iunhesns
iunhessn
iunhenss
iunhenss
iunhesns
iunhessn
iunshsne
iunshsen
iunshnse
iunshnes
iunshens
iunshesn
iunsshne
iunsshen
iunssnhe
iunssneh
iunssenh
iunssehn
iunsnshe
iunsnseh
iunsnhse
iunsnhes
iunsnehs
iunsnesh
iunsesnh
iunseshn
iunsensh
iunsenhs
iunsehns
iunsehsn
iunnhsse
iunnhses
iunnhsse
iunnhses
iunnhess
iunnhess
iunnshse
iunnshes
iunnsshe
iunnsseh
iunnsesh
iunnsehs
iunnsshe
iunnsseh
iunnshse
iunnshes
iunnsehs
iunnsesh
iunnessh
iunneshs
iunnessh
iunneshs
iunnehss
iunnehss
iunehsns
iunehssn
iunehnss
iunehnss
iunehsns
iunehssn
iuneshns
iuneshsn
iunesnhs
iunesnsh
iunessnh
iunesshn
iunenshs
iunenssh
iunenhss
iunenhss
iunenshs
iunenssh
iunessnh
iunesshn
iunesnsh
iunesnhs
iuneshns
iuneshsn
iusnhsne
iusnhsen
iusnhnse
iusnhnes
iusnhens
iusnhesn
iusnshne
iusnshen
iusnsnhe
iusnsneh
iusnsenh
iusnsehn
iusnnshe
iusnnseh
iusnnhse
iusnnhes
iusnnehs
iusnnesh
iusnesnh
iusneshn
iusnensh
iusnenhs
iusnehns
iusnehsn
iushnsne
iushnsen
iushnnse
iushnnes
iushnens
iushnesn
iushsnne
iushsnen
iushsnne
iushsnen
iushsenn
iushsenn
iushnsne
iushnsen
iushnnse
iushnnes
iushnens
iushnesn
iushesnn
iushesnn
iushensn
iushenns
iushenns
iushensn
iusshnne
iusshnen
iusshnne
iusshnen
iusshenn
iusshenn
iussnhne
iussnhen
iussnnhe
iussnneh
iussnenh
iussnehn
iussnnhe
iussnneh
iussnhne
iussnhen
iussnehn
iussnenh
iussennh
iussenhn
iussennh
iussenhn
iussehnn
iussehnn
iusnhsne
iusnhsen
iusnhnse
iusnhnes
iusnhens
iusnhesn
iusnshne
iusnshen
iusnsnhe
iusnsneh
iusnsenh
iusnsehn
iusnnshe
iusnnseh
iusnnhse
iusnnhes
iusnnehs
iusnnesh
iusnesnh
iusneshn
iusnensh
iusnenhs
iusnehns
iusnehsn
iusehsnn
iusehsnn
iusehnsn
iusehnns
iusehnns
iusehnsn
iuseshnn
iuseshnn
iusesnhn
iusesnnh
iusesnnh
iusesnhn
iusenshn
iusensnh
iusenhsn
iusenhns
iusennhs
iusennsh
iusensnh
iusenshn
iusennsh
iusennhs
iusenhns
iusenhsn
iuhsnsne
iuhsnsen
iuhsnnse
iuhsnnes
iuhsnens
iuhsnesn
iuhssnne
iuhssnen
iuhssnne
iuhssnen
iuhssenn
iuhssenn
iuhsnsne
iuhsnsen
iuhsnnse
iuhsnnes
iuhsnens
iuhsnesn
iuhsesnn
iuhsesnn
iuhsensn
iuhsenns
iuhsenns
iuhsensn
iuhnssne
iuhnssen
iuhnsnse
iuhnsnes
iuhnsens
iuhnsesn
iuhnssne
iuhnssen
iuhnsnse
iuhnsnes
iuhnsens
iuhnsesn
iuhnnsse
iuhnnses
iuhnnsse
iuhnnses
iuhnness
iuhnness
iuhnesns
iuhnessn
iuhnenss
iuhnenss
iuhnesns
iuhnessn
iuhsnsne
iuhsnsen
iuhsnnse
iuhsnnes
iuhsnens
iuhsnesn
iuhssnne
iuhssnen
iuhssnne
iuhssnen
iuhssenn
iuhssenn
iuhsnsne
iuhsnsen
iuhsnnse
iuhsnnes
iuhsnens
iuhsnesn
iuhsesnn
iuhsesnn
iuhsensn
iuhsenns
iuhsenns
iuhsensn
iuhnnsse
iuhnnses
iuhnnsse
iuhnnses
iuhnness
iuhnness
iuhnsnse
iuhnsnes
iuhnssne
iuhnssen
iuhnsesn
iuhnsens
iuhnssne
iuhnssen
iuhnsnse
iuhnsnes
iuhnsens
iuhnsesn
iuhnessn
iuhnesns
iuhnessn
iuhnesns
iuhnenss
iuhnenss
iuhensns
iuhenssn
iuhennss
iuhennss
iuhensns
iuhenssn
iuhesnns
iuhesnsn
iuhesnns
iuhesnsn
iuhessnn
iuhessnn
iuhensns
iuhenssn
iuhennss
iuhennss
iuhensns
iuhenssn
iuhessnn
iuhessnn
iuhesnsn
iuhesnns
iuhesnns
iuhesnsn
iusshnne
iusshnen
iusshnne
iusshnen
iusshenn
iusshenn
iussnhne
iussnhen
iussnnhe
iussnneh
iussnenh
iussnehn
iussnnhe
iussnneh
iussnhne
iussnhen
iussnehn
iussnenh
iussennh
iussenhn
iussennh
iussenhn
iussehnn
iussehnn
iushsnne
iushsnen
iushsnne
iushsnen
iushsenn
iushsenn
iushnsne
iushnsen
iushnnse
iushnnes
iushnens
iushnesn
iushnnse
iushnnes
iushnsne
iushnsen
iushnesn
iushnens
iushenns
iushensn
iushenns
iushensn
iushesnn
iushesnn
iusnhsne
iusnhsen
iusnhnse
iusnhnes
iusnhens
iusnhesn
iusnshne
iusnshen
iusnsnhe
iusnsneh
iusnsenh
iusnsehn
iusnnshe
iusnnseh
iusnnhse
iusnnhes
iusnnehs
iusnnesh
iusnesnh
iusneshn
iusnensh
iusnenhs
iusnehns
iusnehsn
iusnhnse
iusnhnes
iusnhsne
iusnhsen
iusnhesn
iusnhens
iusnnhse
iusnnhes
iusnnshe
iusnnseh
iusnnesh
iusnnehs
iusnsnhe
iusnsneh
iusnshne
iusnshen
iusnsehn
iusnsenh
iusnensh
iusnenhs
iusnesnh
iusneshn
iusnehsn
iusnehns
iusehnns
iusehnsn
iusehnns
iusehnsn
iusehsnn
iusehsnn
iusenhns
iusenhsn
iusennhs
iusennsh
iusensnh
iusenshn
iusennhs
iusennsh
iusenhns
iusenhsn
iusenshn
iusensnh
iusesnnh
iusesnhn
iusesnnh
iusesnhn
iuseshnn
iuseshnn
iunshsne
iunshsen
iunshnse
iunshnes
iunshens
iunshesn
iunsshne
iunsshen
iunssnhe
iunssneh
iunssenh
iunssehn
iunsnshe
iunsnseh
iunsnhse
iunsnhes
iunsnehs
iunsnesh
iunsesnh
iunseshn
iunsensh
iunsenhs
iunsehns
iunsehsn
iunhssne
iunhssen
iunhsnse
iunhsnes
iunhsens
iunhsesn
iunhssne
iunhssen
iunhsnse
iunhsnes
iunhsens
iunhsesn
iunhnsse
iunhnses
iunhnsse
iunhnses
iunhness
iunhness
iunhesns
iunhessn
iunhenss
iunhenss
iunhesns
iunhessn
iunshsne
iunshsen
iunshnse
iunshnes
iunshens
iunshesn
iunsshne
iunsshen
iunssnhe
iunssneh
iunssenh
iunssehn
iunsnshe
iunsnseh
iunsnhse
iunsnhes
iunsnehs
iunsnesh
iunsesnh
iunseshn
iunsensh
iunsenhs
iunsehns
iunsehsn
iunnhsse
iunnhses
iunnhsse
iunnhses
iunnhess
iunnhess
iunnshse
iunnshes
iunnsshe
iunnsseh
iunnsesh
iunnsehs
iunnsshe
iunnsseh
iunnshse
iunnshes
iunnsehs
iunnsesh
iunnessh
iunneshs
iunnessh
iunneshs
iunnehss
iunnehss
iunehsns
iunehssn
iunehnss
iunehnss
iunehsns
iunehssn
iuneshns
iuneshsn
iunesnhs
iunesnsh
iunessnh
iunesshn
iunenshs
iunenssh
iunenhss
iunenhss
iunenshs
iunenssh
iunessnh
iunesshn
iunesnsh
iunesnhs
iuneshns
iuneshsn
iueshsnn
iueshsnn
iueshnsn
iueshnns
iueshnns
iueshnsn
iuesshnn
iuesshnn
iuessnhn
iuessnnh
iuessnnh
iuessnhn
iuesnshn
iuesnsnh
iuesnhsn
iuesnhns
iuesnnhs
iuesnnsh
iuesnsnh
iuesnshn
iuesnnsh
iuesnnhs
iuesnhns
iuesnhsn
iuehssnn
iuehssnn
iuehsnsn
iuehsnns
iuehsnns
iuehsnsn
iuehssnn
iuehssnn
iuehsnsn
iuehsnns
iuehsnns
iuehsnsn
iuehnssn
iuehnsns
iuehnssn
iuehnsns
iuehnnss
iuehnnss
iuehnsns
iuehnssn
iuehnnss
iuehnnss
iuehnsns
iuehnssn
iueshsnn
iueshsnn
iueshnsn
iueshnns
iueshnns
iueshnsn
iuesshnn
iuesshnn
iuessnhn
iuessnnh
iuessnnh
iuessnhn
iuesnshn
iuesnsnh
iuesnhsn
iuesnhns
iuesnnhs
iuesnnsh
iuesnsnh
iuesnshn
iuesnnsh
iuesnnhs
iuesnhns
iuesnhsn
iuenhssn
iuenhsns
iuenhssn
iuenhsns
iuenhnss
iuenhnss
iuenshsn
iuenshns
iuensshn
iuenssnh
iuensnsh
iuensnhs
iuensshn
iuenssnh
iuenshsn
iuenshns
iuensnhs
iuensnsh
iuennssh
iuennshs
iuennssh
iuennshs
iuennhss
iuennhss
iuenhsns
iuenhssn
iuenhnss
iuenhnss
iuenhsns
iuenhssn
iuenshns
iuenshsn
iuensnhs
iuensnsh
iuenssnh
iuensshn
iuennshs
iuennssh
iuennhss
iuennhss
iuennshs
iuennssh
iuenssnh
iuensshn
iuensnsh
iuensnhs
iuenshns
iuenshsn
inushsne
inushsen
inushnse
inushnes
inushens
inushesn
inusshne
inusshen
inussnhe
inussneh
inussenh
inussehn
inusnshe
inusnseh
inusnhse
inusnhes
inusnehs
inusnesh
inusesnh
inuseshn
inusensh
inusenhs
inusehns
inusehsn
inuhssne
inuhssen
inuhsnse
inuhsnes
inuhsens
inuhsesn
inuhssne
inuhssen
inuhsnse
inuhsnes
inuhsens
inuhsesn
inuhnsse
inuhnses
inuhnsse
inuhnses
inuhness
inuhness
inuhesns
inuhessn
inuhenss
inuhenss
inuhesns
inuhessn
inushsne
inushsen
inushnse
inushnes
inushens
inushesn
inusshne
inusshen
inussnhe
inussneh
inussenh
inussehn
inusnshe
inusnseh
inusnhse
inusnhes
inusnehs
inusnesh
inusesnh
inuseshn
inusensh
inusenhs
inusehns
inusehsn
inunhsse
inunhses
inunhsse
inunhses
inunhess
inunhess
inunshse
inunshes
inunsshe
inunsseh
inunsesh
inunsehs
inunsshe
inunsseh
inunshse
inunshes
inunsehs
inunsesh
inunessh
inuneshs
inunessh
inuneshs
inunehss
inunehss
inuehsns
inuehssn
inuehnss
inuehnss
inuehsns
inuehssn
inueshns
inueshsn
inuesnhs
inuesnsh
inuessnh
inuesshn
inuenshs
inuenssh
inuenhss
inuenhss
inuenshs
inuenssh
inuessnh
inuesshn
inuesnsh
inuesnhs
inueshns
inueshsn
insuhsne
insuhsen
insuhnse
insuhnes
insuhens
insuhesn
insushne
insushen
insusnhe
insusneh
insusenh
insusehn
insunshe
insunseh
insunhse
insunhes
insunehs
insunesh
insuesnh
insueshn
insuensh
insuenhs
insuehns
insuehsn
inshusne
inshusen
inshunse
inshunes
inshuens
inshuesn
inshsune
inshsuen
inshsnue
inshsneu
inshsenu
inshseun
inshnsue
inshnseu
inshnuse
inshnues
inshneus
inshnesu
inshesnu
inshesun
inshensu
inshenus
insheuns
insheusn
insshune
insshuen
insshnue
insshneu
insshenu
inssheun
inssuhne
inssuhen
inssunhe
inssuneh
inssuenh
inssuehn
inssnuhe
inssnueh
inssnhue
inssnheu
inssnehu
inssneuh
insseunh
insseuhn
inssenuh
inssenhu
inssehnu
inssehun
insnhsue
insnhseu
insnhuse
insnhues
insnheus
insnhesu
insnshue
insnsheu
insnsuhe
insnsueh
insnseuh
insnsehu
insnushe
insnuseh
insnuhse
insnuhes
insnuehs
insnuesh
insnesuh
insneshu
insneush
insneuhs
insnehus
insnehsu
insehsnu
insehsun
insehnsu
insehnus
insehuns
insehusn
inseshnu
inseshun
insesnhu
insesnuh
insesunh
insesuhn
insenshu
insensuh
insenhsu
insenhus
insenuhs
insenush
inseusnh
inseushn
inseunsh
inseunhs
inseuhns
inseuhsn
inhsusne
inhsusen
inhsunse
inhsunes
inhsuens
inhsuesn
inhssune
inhssuen
inhssnue
inhssneu
inhssenu
inhsseun
inhsnsue
inhsnseu
inhsnuse
inhsnues
inhsneus
inhsnesu
inhsesnu
inhsesun
inhsensu
inhsenus
inhseuns
inhseusn
inhussne
inhussen
inhusnse
inhusnes
inhusens
inhusesn
inhussne
inhussen
inhusnse
inhusnes
inhusens
inhusesn
inhunsse
inhunses
inhunsse
inhunses
inhuness
inhuness
inhuesns
inhuessn
inhuenss
inhuenss
inhuesns
inhuessn
inhsusne
inhsusen
inhsunse
inhsunes
inhsuens
inhsuesn
inhssune
inhssuen
inhssnue
inhssneu
inhssenu
inhsseun
inhsnsue
inhsnseu
inhsnuse
inhsnues
inhsneus
inhsnesu
inhsesnu
inhsesun
inhsensu
inhsenus
inhseuns
inhseusn
inhnusse
inhnuses
inhnusse
inhnuses
inhnuess
inhnuess
inhnsuse
inhnsues
inhnssue
inhnsseu
inhnsesu
inhnseus
inhnssue
inhnsseu
inhnsuse
inhnsues
inhnseus
inhnsesu
inhnessu
inhnesus
inhnessu
inhnesus
inhneuss
inhneuss
inheusns
inheussn
inheunss
inheunss
inheusns
inheussn
inhesuns
inhesusn
inhesnus
inhesnsu
inhessnu
inhessun
inhensus
inhenssu
inhenuss
inhenuss
inhensus
inhenssu
inhessnu
inhessun
inhesnsu
inhesnus
inhesuns
inhesusn
insshune
insshuen
insshnue
insshneu
insshenu
inssheun
inssuhne
inssuhen
inssunhe
inssuneh
inssuenh
inssuehn
inssnuhe
inssnueh
inssnhue
inssnheu
inssnehu
inssneuh
insseunh
insseuhn
inssenuh
inssenhu
inssehnu
inssehun
inshsune
inshsuen
inshsnue
inshsneu
inshsenu
inshseun
inshusne
inshusen
inshunse
inshunes
inshuens
inshuesn
inshnuse
inshnues
inshnsue
inshnseu
inshnesu
inshneus
insheuns
insheusn
inshenus
inshensu
inshesnu
inshesun
insuhsne
insuhsen
insuhnse
insuhnes
insuhens
insuhesn
insushne
insushen
insusnhe
insusneh
insusenh
insusehn
insunshe
insunseh
insunhse
insunhes
insunehs
insunesh
insuesnh
insueshn
insuensh
insuenhs
insuehns
insuehsn
insnhuse
insnhues
insnhsue
insnhseu
insnhesu
insnheus
insnuhse
insnuhes
insnushe
insnuseh
insnuesh
insnuehs
insnsuhe
insnsueh
insnshue
insnsheu
insnsehu
insnseuh
insneush
insneuhs
insnesuh
insneshu
insnehsu
insnehus
insehuns
insehusn
insehnus
insehnsu
insehsnu
insehsun
inseuhns
inseuhsn
inseunhs
inseunsh
inseusnh
inseushn
insenuhs
insenush
insenhus
insenhsu
insenshu
insensuh
insesunh
insesuhn
insesnuh
insesnhu
inseshnu
inseshun
innshsue
innshseu
innshuse
innshues
innsheus
innshesu
innsshue
innssheu
innssuhe
innssueh
innsseuh
innssehu
innsushe
innsuseh
innsuhse
innsuhes
innsuehs
innsuesh
innsesuh
innseshu
innseush
innseuhs
innsehus
innsehsu
innhssue
innhsseu
innhsuse
innhsues
innhseus
innhsesu
innhssue
innhsseu
innhsuse
innhsues
innhseus
innhsesu
innhusse
innhuses
innhusse
innhuses
innhuess
innhuess
innhesus
innhessu
innheuss
innheuss
innhesus
innhessu
innshsue
innshseu
innshuse
innshues
innsheus
innshesu
innsshue
innssheu
innssuhe
innssueh
innsseuh
innssehu
innsushe
innsuseh
innsuhse
innsuhes
innsuehs
innsuesh
innsesuh
innseshu
innseush
innseuhs
innsehus
innsehsu
innuhsse
innuhses
innuhsse
innuhses
innuhess
innuhess
innushse
innushes
innusshe
innusseh
innusesh
innusehs
innusshe
innusseh
innushse
innushes
innusehs
innusesh
innuessh
innueshs
innuessh
innueshs
innuehss
innuehss
innehsus
innehssu
innehuss
innehuss
innehsus
innehssu
inneshus
inneshsu
innesuhs
innesush
innessuh
innesshu
inneushs
inneussh
inneuhss
inneuhss
inneushs
inneussh
innessuh
innesshu
innesush
innesuhs
inneshus
inneshsu
ineshsnu
ineshsun
ineshnsu
ineshnus
ineshuns
ineshusn
inesshnu
inesshun
inessnhu
inessnuh
inessunh
inessuhn
inesnshu
inesnsuh
inesnhsu
inesnhus
inesnuhs
inesnush
inesusnh
inesushn
inesunsh
inesunhs
inesuhns
inesuhsn
inehssnu
inehssun
inehsnsu
inehsnus
inehsuns
inehsusn
inehssnu
inehssun
inehsnsu
inehsnus
inehsuns
inehsusn
inehnssu
inehnsus
inehnssu
inehnsus
inehnuss
inehnuss
inehusns
inehussn
inehunss
inehunss
inehusns
inehussn
ineshsnu
ineshsun
ineshnsu
ineshnus
ineshuns
ineshusn
inesshnu
inesshun
inessnhu
inessnuh
inessunh
inessuhn
inesnshu
inesnsuh
inesnhsu
inesnhus
inesnuhs
inesnush
inesusnh
inesushn
inesunsh
inesunhs
inesuhns
inesuhsn
inenhssu
inenhsus
inenhssu
inenhsus
inenhuss
inenhuss
inenshsu
inenshus
inensshu
inenssuh
inensush
inensuhs
inensshu
inenssuh
inenshsu
inenshus
inensuhs
inensush
inenussh
inenushs
inenussh
inenushs
inenuhss
inenuhss
ineuhsns
ineuhssn
ineuhnss
ineuhnss
ineuhsns
ineuhssn
ineushns
ineushsn
ineusnhs
ineusnsh
ineussnh
ineusshn
ineunshs
ineunssh
ineunhss
ineunhss
ineunshs
ineunssh
ineussnh
ineusshn
ineusnsh
ineusnhs
ineushns
ineushsn
isnuhsne
isnuhsen
isnuhnse
isnuhnes
isnuhens
isnuhesn
isnushne
isnushen
isnusnhe
isnusneh
isnusenh
isnusehn
isnunshe
isnunseh
isnunhse
isnunhes
isnunehs
isnunesh
isnuesnh
isnueshn
isnuensh
isnuenhs
isnuehns
isnuehsn
isnhusne
isnhusen
isnhunse
isnhunes
isnhuens
isnhuesn
isnhsune
isnhsuen
isnhsnue
isnhsneu
isnhsenu
isnhseun
isnhnsue
isnhnseu
isnhnuse
isnhnues
isnhneus
isnhnesu
isnhesnu
isnhesun
isnhensu
isnhenus
isnheuns
isnheusn
isnshune
isnshuen
isnshnue
isnshneu
isnshenu
isnsheun
isnsuhne
isnsuhen
isnsunhe
isnsuneh
isnsuenh
isnsuehn
isnsnuhe
isnsnueh
isnsnhue
isnsnheu
isnsnehu
isnsneuh
isnseunh
isnseuhn
isnsenuh
isnsenhu
isnsehnu
isnsehun
isnnhsue
isnnhseu
isnnhuse
isnnhues
isnnheus
isnnhesu
isnnshue
isnnsheu
isnnsuhe
isnnsueh
isnnseuh
isnnsehu
isnnushe
isnnuseh
isnnuhse
isnnuhes
isnnuehs
isnnuesh
isnnesuh
isnneshu
isnneush
isnneuhs
isnnehus
isnnehsu
isnehsnu
isnehsun
isnehnsu
isnehnus
isnehuns
isnehusn
isneshnu
isneshun
isnesnhu
isnesnuh
isnesunh
isnesuhn
isnenshu
isnensuh
isnenhsu
isnenhus
isnenuhs
isnenush
isneusnh
isneushn
isneunsh
isneunhs
isneuhns
isneuhsn
isunhsne
isunhsen
isunhnse
isunhnes
isunhens
isunhesn
isunshne
isunshen
isunsnhe
isunsneh
isunsenh
isunsehn
isunnshe
isunnseh
isunnhse
isunnhes
isunnehs
isunnesh
isunesnh
isuneshn
isunensh
isunenhs
isunehns
isunehsn
isuhnsne
isuhnsen
isuhnnse
isuhnnes
isuhnens
isuhnesn
isuhsnne
isuhsnen
isuhsnne
isuhsnen
isuhsenn
isuhsenn
isuhnsne
isuhnsen
isuhnnse
isuhnnes
isuhnens
isuhnesn
isuhesnn
isuhesnn
isuhensn
isuhenns
isuhenns
isuhensn
isushnne
isushnen
isushnne
isushnen
isushenn
isushenn
isusnhne
isusnhen
isusnnhe
isusnneh
isusnenh
isusnehn
isusnnhe
isusnneh
isusnhne
isusnhen
isusnehn
isusnenh
isusennh
isusenhn
isusennh
isusenhn
isusehnn
isusehnn
isunhsne
isunhsen
isunhnse
isunhnes
isunhens
isunhesn
isunshne
isunshen
isunsnhe
isunsneh
isunsenh
isunsehn
isunnshe
isunnseh
isunnhse
isunnhes
isunnehs
isunnesh
isunesnh
isuneshn
isunensh
isunenhs
isunehns
isunehsn
isuehsnn
isuehsnn
isuehnsn
isuehnns
isuehnns
isuehnsn
isueshnn
isueshnn
isuesnhn
isuesnnh
isuesnnh
isuesnhn
isuenshn
isuensnh
isuenhsn
isuenhns
isuennhs
isuennsh
isuensnh
isuenshn
isuennsh
isuennhs
isuenhns
isuenhsn
ishunsne
ishunsen
ishunnse
ishunnes
ishunens
ishunesn
ishusnne
ishusnen
ishusnne
ishusnen
ishusenn
ishusenn
ishunsne
ishunsen
ishunnse
ishunnes
ishunens
ishunesn
ishuesnn
ishuesnn
ishuensn
ishuenns
ishuenns
ishuensn
ishnusne
ishnusen
ishnunse
ishnunes
ishnuens
ishnuesn
ishnsune
ishnsuen
ishnsnue
ishnsneu
ishnsenu
ishnseun
ishnnsue
ishnnseu
ishnnuse
ishnnues
ishnneus
ishnnesu
ishnesnu
ishnesun
ishnensu
ishnenus
ishneuns
ishneusn
ishsnune
ishsnuen
ishsnnue
ishsnneu
ishsnenu
ishsneun
ishsunne
ishsunen
ishsunne
ishsunen
ishsuenn
ishsuenn
ishsnune
ishsnuen
ishsnnue
ishsnneu
ishsnenu
ishsneun
ishseunn
ishseunn
ishsenun
ishsennu
ishsennu
ishsenun
ishnnsue
ishnnseu
ishnnuse
ishnnues
ishnneus
ishnnesu
ishnsnue
ishnsneu
ishnsune
ishnsuen
ishnseun
ishnsenu
ishnusne
ishnusen
ishnunse
ishnunes
ishnuens
ishnuesn
ishnesun
ishnesnu
ishneusn
ishneuns
ishnenus
ishnensu
ishensnu
ishensun
ishennsu
ishennus
ishenuns
ishenusn
ishesnnu
ishesnun
ishesnnu
ishesnun
ishesunn
ishesunn
ishensnu
ishensun
ishennsu
ishennus
ishenuns
ishenusn
isheusnn
isheusnn
isheunsn
isheunns
isheunns
isheunsn
issuhnne
issuhnen
issuhnne
issuhnen
issuhenn
issuhenn
issunhne
issunhen
issunnhe
issunneh
issunenh
issunehn
issunnhe
issunneh
issunhne
issunhen
issunehn
issunenh
issuennh
issuenhn
issuennh
issuenhn
issuehnn
issuehnn
isshunne
isshunen
isshunne
isshunen
isshuenn
isshuenn
isshnune
isshnuen
isshnnue
isshnneu
isshnenu
isshneun
isshnnue
isshnneu
isshnune
isshnuen
isshneun
isshnenu
isshennu
isshenun
isshennu
isshenun
issheunn
issheunn
issnhune
issnhuen
issnhnue
issnhneu
issnhenu
issnheun
issnuhne
issnuhen
issnunhe
issnuneh
issnuenh
issnuehn
issnnuhe
issnnueh
issnnhue
issnnheu
issnnehu
issnneuh
issneunh
issneuhn
issnenuh
issnenhu
issnehnu
issnehun
issnhnue
issnhneu
issnhune
issnhuen
issnheun
issnhenu
issnnhue
issnnheu
issnnuhe
issnnueh
issnneuh
issnnehu
issnunhe
issnuneh
issnuhne
issnuhen
issnuehn
issnuenh
issnenuh
issnenhu
issneunh
issneuhn
issnehun
issnehnu
issehnnu
issehnun
issehnnu
issehnun
issehunn
issehunn
issenhnu
issenhun
issennhu
issennuh
issenunh
issenuhn
issennhu
issennuh
issenhnu
issenhun
issenuhn
issenunh
isseunnh
isseunhn
isseunnh
isseunhn
isseuhnn
isseuhnn
isnuhsne
isnuhsen
isnuhnse
isnuhnes
isnuhens
isnuhesn
isnushne
isnushen
isnusnhe
isnusneh
isnusenh
isnusehn
isnunshe
isnunseh
isnunhse
isnunhes
isnunehs
isnunesh
isnuesnh
isnueshn
isnuensh
isnuenhs
isnuehns
isnuehsn
isnhusne
isnhusen
isnhunse
isnhunes
isnhuens
isnhuesn
isnhsune
isnhsuen
isnhsnue
isnhsneu
isnhsenu
isnhseun
isnhnsue
isnhnseu
isnhnuse
isnhnues
isnhneus
isnhnesu
isnhesnu
isnhesun
isnhensu
isnhenus
isnheuns
isnheusn
isnshune
isnshuen
isnshnue
isnshneu
isnshenu
isnsheun
isnsuhne
isnsuhen
isnsunhe
isnsuneh
isnsuenh
isnsuehn
isnsnuhe
isnsnueh
isnsnhue
isnsnheu
isnsnehu
isnsneuh
isnseunh
isnseuhn
isnsenuh
isnsenhu
isnsehnu
isnsehun
isnnhsue
isnnhseu
isnnhuse
isnnhues
isnnheus
isnnhesu
isnnshue
isnnsheu
isnnsuhe
isnnsueh
isnnseuh
isnnsehu
isnnushe
isnnuseh
isnnuhse
isnnuhes
isnnuehs
isnnuesh
isnnesuh
isnneshu
isnneush
isnneuhs
isnnehus
isnnehsu
isnehsnu
isnehsun
isnehnsu
isnehnus
isnehuns
isnehusn
isneshnu
isneshun
isnesnhu
isnesnuh
isnesunh
isnesuhn
isnenshu
isnensuh
isnenhsu
isnenhus
isnenuhs
isnenush
isneusnh
isneushn
isneunsh
isneunhs
isneuhns
isneuhsn
iseuhsnn
iseuhsnn
iseuhnsn
iseuhnns
iseuhnns
iseuhnsn
iseushnn
iseushnn
iseusnhn
iseusnnh
iseusnnh
iseusnhn
iseunshn
iseunsnh
iseunhsn
iseunhns
iseunnhs
iseunnsh
iseunsnh
iseunshn
iseunnsh
iseunnhs
iseunhns
iseunhsn
isehusnn
isehusnn
isehunsn
isehunns
isehunns
isehunsn
isehsunn
isehsunn
isehsnun
isehsnnu
isehsnnu
isehsnun
isehnsun
isehnsnu
isehnusn
isehnuns
isehnnus
isehnnsu
isehnsnu
isehnsun
isehnnsu
isehnnus
isehnuns
isehnusn
iseshunn
iseshunn
iseshnun
iseshnnu
iseshnnu
iseshnun
isesuhnn
isesuhnn
isesunhn
isesunnh
isesunnh
isesunhn
isesnuhn
isesnunh
isesnhun
isesnhnu
isesnnhu
isesnnuh
isesnunh
isesnuhn
isesnnuh
isesnnhu
isesnhnu
isesnhun
isenhsun
isenhsnu
isenhusn
isenhuns
isenhnus
isenhnsu
isenshun
isenshnu
isensuhn
isensunh
isensnuh
isensnhu
isenushn
isenusnh
isenuhsn
isenuhns
isenunhs
isenunsh
isennsuh
isennshu
isennush
isennuhs
isennhus
isennhsu
isenhsnu
isenhsun
isenhnsu
isenhnus
isenhuns
isenhusn
isenshnu
isenshun
isensnhu
isensnuh
isensunh
isensuhn
isennshu
isennsuh
isennhsu
isennhus
isennuhs
isennush
isenusnh
isenushn
isenunsh
isenunhs
isenuhns
isenuhsn
ihnsusne
ihnsusen
ihnsunse
ihnsunes
ihnsuens
ihnsuesn
ihnssune
ihnssuen
ihnssnue
ihnssneu
ihnssenu
ihnsseun
ihnsnsue
ihnsnseu
ihnsnuse
ihnsnues
ihnsneus
ihnsnesu
ihnsesnu
ihnsesun
ihnsensu
ihnsenus
ihnseuns
ihnseusn
ihnussne
ihnussen
ihnusnse
ihnusnes
ihnusens
ihnusesn
ihnussne
ihnussen
ihnusnse
ihnusnes
ihnusens
ihnusesn
ihnunsse
ihnunses
ihnunsse
ihnunses
ihnuness
ihnuness
ihnuesns
ihnuessn
ihnuenss
ihnuenss
ihnuesns
ihnuessn
ihnsusne
ihnsusen
ihnsunse
ihnsunes
ihnsuens
ihnsuesn
ihnssune
ihnssuen
ihnssnue
ihnssneu
ihnssenu
ihnsseun
ihnsnsue
ihnsnseu
ihnsnuse
ihnsnues
ihnsneus
ihnsnesu
ihnsesnu
ihnsesun
ihnsensu
ihnsenus
ihnseuns
ihnseusn
ihnnusse
ihnnuses
ihnnusse
ihnnuses
ihnnuess
ihnnuess
ihnnsuse
ihnnsues
ihnnssue
ihnnsseu
ihnnsesu
ihnnseus
ihnnssue
ihnnsseu
ihnnsuse
ihnnsues
ihnnseus
ihnnsesu
ihnnessu
ihnnesus
ihnnessu
ihnnesus
ihnneuss
ihnneuss
ihneusns
ihneussn
ihneunss
ihneunss
ihneusns
ihneussn
ihnesuns
ihnesusn
ihnesnus
ihnesnsu
ihnessnu
ihnessun
ihnensus
ihnenssu
ihnenuss
ihnenuss
ihnensus
ihnenssu
ihnessnu
ihnessun
ihnesnsu
ihnesnus
ihnesuns
ihnesusn
ihsnusne
ihsnusen
ihsnunse
ihsnunes
ihsnuens
ihsnuesn
ihsnsune
ihsnsuen
ihsnsnue
ihsnsneu
ihsnsenu
ihsnseun
ihsnnsue
ihsnnseu
ihsnnuse
ihsnnues
ihsnneus
ihsnnesu
ihsnesnu
ihsnesun
ihsnensu
ihsnenus
ihsneuns
ihsneusn
ihsunsne
ihsunsen
ihsunnse
ihsunnes
ihsunens
ihsunesn
ihsusnne
ihsusnen
ihsusnne
ihsusnen
ihsusenn
ihsusenn
ihsunsne
ihsunsen
ihsunnse
ihsunnes
ihsunens
ihsunesn
ihsuesnn
ihsuesnn
ihsuensn
ihsuenns
ihsuenns
ihsuensn
ihssunne
ihssunen
ihssunne
ihssunen
ihssuenn
ihssuenn
ihssnune
ihssnuen
ihssnnue
ihssnneu
ihssnenu
ihssneun
ihssnnue
ihssnneu
ihssnune
ihssnuen
ihssneun
ihssnenu
ihssennu
ihssenun
ihssennu
ihssenun
ihsseunn
ihsseunn
ihsnusne
ihsnusen
ihsnunse
ihsnunes
ihsnuens
ihsnuesn
ihsnsune
ihsnsuen
ihsnsnue
ihsnsneu
ihsnsenu
ihsnseun
ihsnnsue
ihsnnseu
ihsnnuse
ihsnnues
ihsnneus
ihsnnesu
ihsnesnu
ihsnesun
ihsnensu
ihsnenus
ihsneuns
ihsneusn
ihseusnn
ihseusnn
ihseunsn
ihseunns
ihseunns
ihseunsn
ihsesunn
ihsesunn
ihsesnun
ihsesnnu
ihsesnnu
ihsesnun
ihsensun
ihsensnu
ihsenusn
ihsenuns
ihsennus
ihsennsu
ihsensnu
ihsensun
ihsennsu
ihsennus
ihsenuns
ihsenusn
ihusnsne
ihusnsen
ihusnnse
ihusnnes
ihusnens
ihusnesn
ihussnne
ihussnen
ihussnne
ihussnen
ihussenn
ihussenn
ihusnsne
ihusnsen
ihusnnse
ihusnnes
ihusnens
ihusnesn
ihusesnn
ihusesnn
ihusensn
ihusenns
ihusenns
ihusensn
ihunssne
ihunssen
ihunsnse
ihunsnes
ihunsens
ihunsesn
ihunssne
ihunssen
ihunsnse
ihunsnes
ihunsens
ihunsesn
ihunnsse
ihunnses
ihunnsse
ihunnses
ihunness
ihunness
ihunesns
ihunessn
ihunenss
ihunenss
ihunesns
ihunessn
ihusnsne
ihusnsen
ihusnnse
ihusnnes
ihusnens
ihusnesn
ihussnne
ihussnen
ihussnne
ihussnen
ihussenn
ihussenn
ihusnsne
ihusnsen
ihusnnse
ihusnnes
ihusnens
ihusnesn
ihusesnn
ihusesnn
ihusensn
ihusenns
ihusenns
ihusensn
ihunnsse
ihunnses
ihunnsse
ihunnses
ihunness
ihunness
ihunsnse
ihunsnes
ihunssne
ihunssen
ihunsesn
ihunsens
ihunssne
ihunssen
ihunsnse
ihunsnes
ihunsens
ihunsesn
ihunessn
ihunesns
ihunessn
ihunesns
ihunenss
ihunenss
ihuensns
ihuenssn
ihuennss
ihuennss
ihuensns
ihuenssn
ihuesnns
ihuesnsn
ihuesnns
ihuesnsn
ihuessnn
ihuessnn
ihuensns
ihuenssn
ihuennss
ihuennss
ihuensns
ihuenssn
ihuessnn
ihuessnn
ihuesnsn
ihuesnns
ihuesnns
ihuesnsn
ihssunne
ihssunen
ihssunne
ihssunen
ihssuenn
ihssuenn
ihssnune
ihssnuen
ihssnnue
ihssnneu
ihssnenu
ihssneun
ihssnnue
ihssnneu
ihssnune
ihssnuen
ihssneun
ihssnenu
ihssennu
ihssenun
ihssennu
ihssenun
ihsseunn
ihsseunn
ihsusnne
ihsusnen
ihsusnne
ihsusnen
ihsusenn
ihsusenn
ihsunsne
ihsunsen
ihsunnse
ihsunnes
ihsunens
ihsunesn
ihsunnse
ihsunnes
ihsunsne
ihsunsen
ihsunesn
ihsunens
ihsuenns
ihsuensn
ihsuenns
ihsuensn
ihsuesnn
ihsuesnn
ihsnusne
ihsnusen
ihsnunse
ihsnunes
ihsnuens
ihsnuesn
ihsnsune
ihsnsuen
ihsnsnue
ihsnsneu
ihsnsenu
ihsnseun
ihsnnsue
ihsnnseu
ihsnnuse
ihsnnues
ihsnneus
ihsnnesu
ihsnesnu
ihsnesun
ihsnensu
ihsnenus
ihsneuns
ihsneusn
ihsnunse
ihsnunes
ihsnusne
ihsnusen
ihsnuesn
ihsnuens
ihsnnuse
ihsnnues
ihsnnsue
ihsnnseu
ihsnnesu
ihsnneus
ihsnsnue
ihsnsneu
ihsnsune
ihsnsuen
ihsnseun
ihsnsenu
ihsnensu
ihsnenus
ihsnesnu
ihsnesun
ihsneusn
ihsneuns
ihseunns
ihseunsn
ihseunns
ihseunsn
ihseusnn
ihseusnn
ihsenuns
ihsenusn
ihsennus
ihsennsu
ihsensnu
ihsensun
ihsennus
ihsennsu
ihsenuns
ihsenusn
ihsensun
ihsensnu
ihsesnnu
ihsesnun
ihsesnnu
ihsesnun
ihsesunn
ihsesunn
ihnsusne
ihnsusen
ihnsunse
ihnsunes
ihnsuens
ihnsuesn
ihnssune
ihnssuen
ihnssnue
ihnssneu
ihnssenu
ihnsseun
ihnsnsue
ihnsnseu
ihnsnuse
ihnsnues
ihnsneus
ihnsnesu
ihnsesnu
ihnsesun
ihnsensu
ihnsenus
ihnseuns
ihnseusn
ihnussne
ihnussen
ihnusnse
ihnusnes
ihnusens
ihnusesn
ihnussne
ihnussen
ihnusnse
ihnusnes
ihnusens
ihnusesn
ihnunsse
ihnunses
ihnunsse
ihnunses
ihnuness
ihnuness
ihnuesns
ihnuessn
ihnuenss
ihnuenss
ihnuesns
ihnuessn
ihnsusne
ihnsusen
ihnsunse
ihnsunes
ihnsuens
ihnsuesn
ihnssune
ihnssuen
ihnssnue
ihnssneu
ihnssenu
ihnsseun
ihnsnsue
ihnsnseu
ihnsnuse
ihnsnues
ihnsneus
ihnsnesu
ihnsesnu
ihnsesun
ihnsensu
ihnsenus
ihnseuns
ihnseusn
ihnnusse
ihnnuses
ihnnusse
ihnnuses
ihnnuess
ihnnuess
ihnnsuse
ihnnsues
ihnnssue
ihnnsseu
ihnnsesu
ihnnseus
ihnnssue
ihnnsseu
ihnnsuse
ihnnsues
ihnnseus
ihnnsesu
ihnnessu
ihnnesus
ihnnessu
ihnnesus
ihnneuss
ihnneuss
ihneusns
ihneussn
ihneunss
ihneunss
ihneusns
ihneussn
ihnesuns
ihnesusn
ihnesnus
ihnesnsu
ihnessnu
ihnessun
ihnensus
ihnenssu
ihnenuss
ihnenuss
ihnensus
ihnenssu
ihnessnu
ihnessun
ihnesnsu
ihnesnus
ihnesuns
ihnesusn
ihesusnn
ihesusnn
ihesunsn
ihesunns
ihesunns
ihesunsn
ihessunn
ihessunn
ihessnun
ihessnnu
ihessnnu
ihessnun
ihesnsun
ihesnsnu
ihesnusn
ihesnuns
ihesnnus
ihesnnsu
ihesnsnu
ihesnsun
ihesnnsu
ihesnnus
ihesnuns
ihesnusn
iheussnn
iheussnn
iheusnsn
iheusnns
iheusnns
iheusnsn
iheussnn
iheussnn
iheusnsn
iheusnns
iheusnns
iheusnsn
iheunssn
iheunsns
iheunssn
iheunsns
iheunnss
iheunnss
iheunsns
iheunssn
iheunnss
iheunnss
iheunsns
iheunssn
ihesusnn
ihesusnn
ihesunsn
ihesunns
ihesunns
ihesunsn
ihessunn
ihessunn
ihessnun
ihessnnu
ihessnnu
ihessnun
ihesnsun
ihesnsnu
ihesnusn
ihesnuns
ihesnnus
ihesnnsu
ihesnsnu
ihesnsun
ihesnnsu
ihesnnus
ihesnuns
ihesnusn
ihenussn
ihenusns
ihenussn
ihenusns
ihenunss
ihenunss
ihensusn
ihensuns
ihenssun
ihenssnu
ihensnsu
ihensnus
ihenssun
ihenssnu
ihensusn
ihensuns
ihensnus
ihensnsu
ihennssu
ihennsus
ihennssu
ihennsus
ihennuss
ihennuss
ihenusns
ihenussn
ihenunss
ihenunss
ihenusns
ihenussn
ihensuns
ihensusn
ihensnus
ihensnsu
ihenssnu
ihenssun
ihennsus
ihennssu
ihennuss
ihennuss
ihennsus
ihennssu
ihenssnu
ihenssun
ihensnsu
ihensnus
ihensuns
ihensusn
isnshune
isnshuen
isnshnue
isnshneu
isnshenu
isnsheun
isnsuhne
isnsuhen
isnsunhe
isnsuneh
isnsuenh
isnsuehn
isnsnuhe
isnsnueh
isnsnhue
isnsnheu
isnsnehu
isnsneuh
isnseunh
isnseuhn
isnsenuh
isnsenhu
isnsehnu
isnsehun
isnhsune
isnhsuen
isnhsnue
isnhsneu
isnhsenu
isnhseun
isnhusne
isnhusen
isnhunse
isnhunes
isnhuens
isnhuesn
isnhnuse
isnhnues
isnhnsue
isnhnseu
isnhnesu
isnhneus
isnheuns
isnheusn
isnhenus
isnhensu
isnhesnu
isnhesun
isnuhsne
isnuhsen
isnuhnse
isnuhnes
isnuhens
isnuhesn
isnushne
isnushen
isnusnhe
isnusneh
isnusenh
isnusehn
isnunshe
isnunseh
isnunhse
isnunhes
isnunehs
isnunesh
isnuesnh
isnueshn
isnuensh
isnuenhs
isnuehns
isnuehsn
isnnhuse
isnnhues
isnnhsue
isnnhseu
isnnhesu
isnnheus
isnnuhse
isnnuhes
isnnushe
isnnuseh
isnnuesh
isnnuehs
isnnsuhe
isnnsueh
isnnshue
isnnsheu
isnnsehu
isnnseuh
isnneush
isnneuhs
isnnesuh
isnneshu
isnnehsu
isnnehus
isnehuns
isnehusn
isnehnus
isnehnsu
isnehsnu
isnehsun
isneuhns
isneuhsn
isneunhs
isneunsh
isneusnh
isneushn
isnenuhs
isnenush
isnenhus
isnenhsu
isnenshu
isnensuh
isnesunh
isnesuhn
isnesnuh
isnesnhu
isneshnu
isneshun
issnhune
issnhuen
issnhnue
issnhneu
issnhenu
issnheun
issnuhne
issnuhen
issnunhe
issnuneh
issnuenh
issnuehn
issnnuhe
issnnueh
issnnhue
issnnheu
issnnehu
issnneuh
issneunh
issneuhn
issnenuh
issnenhu
issnehnu
issnehun
isshnune
isshnuen
isshnnue
isshnneu
isshnenu
isshneun
isshunne
isshunen
isshunne
isshunen
isshuenn
isshuenn
isshnune
isshnuen
isshnnue
isshnneu
isshnenu
isshneun
issheunn
issheunn
isshenun
isshennu
isshennu
isshenun
issuhnne
issuhnen
issuhnne
issuhnen
issuhenn
issuhenn
issunhne
issunhen
issunnhe
issunneh
issunenh
issunehn
issunnhe
issunneh
issunhne
issunhen
issunehn
issunenh
issuennh
issuenhn
issuennh
issuenhn
issuehnn
issuehnn
issnhune
issnhuen
issnhnue
issnhneu
issnhenu
issnheun
issnuhne
issnuhen
issnunhe
issnuneh
issnuenh
issnuehn
issnnuhe
issnnueh
issnnhue
issnnheu
issnnehu
issnneuh
issneunh
issneuhn
issnenuh
issnenhu
issnehnu
issnehun
issehunn
issehunn
issehnun
issehnnu
issehnnu
issehnun
isseuhnn
isseuhnn
isseunhn
isseunnh
isseunnh
isseunhn
issenuhn
issenunh
issenhun
issenhnu
issennhu
issennuh
issenunh
issenuhn
issennuh
issennhu
issenhnu
issenhun
ishsnune
ishsnuen
ishsnnue
ishsnneu
ishsnenu
ishsneun
ishsunne
ishsunen
ishsunne
ishsunen
ishsuenn
ishsuenn
ishsnune
ishsnuen
ishsnnue
ishsnneu
ishsnenu
ishsneun
ishseunn
ishseunn
ishsenun
ishsennu
ishsennu
ishsenun
ishnsune
ishnsuen
ishnsnue
ishnsneu
ishnsenu
ishnseun
ishnusne
ishnusen
ishnunse
ishnunes
ishnuens
ishnuesn
ishnnuse
ishnnues
ishnnsue
ishnnseu
ishnnesu
ishnneus
ishneuns
ishneusn
ishnenus
ishnensu
ishnesnu
ishnesun
ishunsne
ishunsen
ishunnse
ishunnes
ishunens
ishunesn
ishusnne
ishusnen
ishusnne
ishusnen
ishusenn
ishusenn
ishunsne
ishunsen
ishunnse
ishunnes
ishunens
ishunesn
ishuesnn
ishuesnn
ishuensn
ishuenns
ishuenns
ishuensn
ishnnuse
ishnnues
ishnnsue
ishnnseu
ishnnesu
ishnneus
ishnunse
ishnunes
ishnusne
ishnusen
ishnuesn
ishnuens
ishnsune
ishnsuen
ishnsnue
ishnsneu
ishnsenu
ishnseun
ishneusn
ishneuns
ishnesun
ishnesnu
ishnensu
ishnenus
ishenuns
ishenusn
ishennus
ishennsu
ishensnu
ishensun
isheunns
isheunsn
isheunns
isheunsn
isheusnn
isheusnn
ishenuns
ishenusn
ishennus
ishennsu
ishensnu
ishensun
ishesunn
ishesunn
ishesnun
ishesnnu
ishesnnu
ishesnun
isushnne
isushnen
isushnne
isushnen
isushenn
isushenn
isusnhne
isusnhen
isusnnhe
isusnneh
isusnenh
isusnehn
isusnnhe
isusnneh
isusnhne
isusnhen
isusnehn
isusnenh
isusennh
isusenhn
isusennh
isusenhn
isusehnn
isusehnn
isuhsnne
isuhsnen
isuhsnne
isuhsnen
isuhsenn
isuhsenn
isuhnsne
isuhnsen
isuhnnse
isuhnnes
isuhnens
isuhnesn
isuhnnse
isuhnnes
isuhnsne
isuhnsen
isuhnesn
isuhnens
isuhenns
isuhensn
isuhenns
isuhensn
isuhesnn
isuhesnn
isunhsne
isunhsen
isunhnse
isunhnes
isunhens
isunhesn
isunshne
isunshen
isunsnhe
isunsneh
isunsenh
isunsehn
isunnshe
isunnseh
isunnhse
isunnhes
isunnehs
isunnesh
isunesnh
isuneshn
isunensh
isunenhs
isunehns
isunehsn
isunhnse
isunhnes
isunhsne
isunhsen
isunhesn
isunhens
isunnhse
isunnhes
isunnshe
isunnseh
isunnesh
isunnehs
isunsnhe
isunsneh
isunshne
isunshen
isunsehn
isunsenh
isunensh
isunenhs
isunesnh
isuneshn
isunehsn
isunehns
isuehnns
isuehnsn
isuehnns
isuehnsn
isuehsnn
isuehsnn
isuenhns
isuenhsn
isuennhs
isuennsh
isuensnh
isuenshn
isuennhs
isuennsh
isuenhns
isuenhsn
isuenshn
isuensnh
isuesnnh
isuesnhn
isuesnnh
isuesnhn
isueshnn
isueshnn
isnshune
isnshuen
isnshnue
isnshneu
isnshenu
isnsheun
isnsuhne
isnsuhen
isnsunhe
isnsuneh
isnsuenh
isnsuehn
isnsnuhe
isnsnueh
isnsnhue
isnsnheu
isnsnehu
isnsneuh
isnseunh
isnseuhn
isnsenuh
isnsenhu
isnsehnu
isnsehun
isnhsune
isnhsuen
isnhsnue
isnhsneu
isnhsenu
isnhseun
isnhusne
isnhusen
isnhunse
isnhunes
isnhuens
isnhuesn
isnhnuse
isnhnues
isnhnsue
isnhnseu
isnhnesu
isnhneus
isnheuns
isnheusn
isnhenus
isnhensu
isnhesnu
isnhesun
isnuhsne
isnuhsen
isnuhnse
isnuhnes
isnuhens
isnuhesn
isnushne
isnushen
isnusnhe
isnusneh
isnusenh
isnusehn
isnunshe
isnunseh
isnunhse
isnunhes
isnunehs
isnunesh
isnuesnh
isnueshn
isnuensh
isnuenhs
isnuehns
isnuehsn
isnnhuse
isnnhues
isnnhsue
isnnhseu
isnnhesu
isnnheus
isnnuhse
isnnuhes
isnnushe
isnnuseh
isnnuesh
isnnuehs
isnnsuhe
isnnsueh
isnnshue
isnnsheu
isnnsehu
isnnseuh
isnneush
isnneuhs
isnnesuh
isnneshu
isnnehsu
isnnehus
isnehuns
isnehusn
isnehnus
isnehnsu
isnehsnu
isnehsun
isneuhns
isneuhsn
isneunhs
isneunsh
isneusnh
isneushn
isnenuhs
isnenush
isnenhus
isnenhsu
isnenshu
isnensuh
isnesunh
isnesuhn
isnesnuh
isnesnhu
isneshnu
isneshun
iseshunn
iseshunn
iseshnun
iseshnnu
iseshnnu
iseshnun
isesuhnn
isesuhnn
isesunhn
isesunnh
isesunnh
isesunhn
isesnuhn
isesnunh
isesnhun
isesnhnu
isesnnhu
isesnnuh
isesnunh
isesnuhn
isesnnuh
isesnnhu
isesnhnu
isesnhun
isehsunn
isehsunn
isehsnun
isehsnnu
isehsnnu
isehsnun
isehusnn
isehusnn
isehunsn
isehunns
isehunns
isehunsn
isehnusn
isehnuns
isehnsun
isehnsnu
isehnnsu
isehnnus
isehnuns
isehnusn
isehnnus
isehnnsu
isehnsnu
isehnsun
iseuhsnn
iseuhsnn
iseuhnsn
iseuhnns
iseuhnns
iseuhnsn
iseushnn
iseushnn
iseusnhn
iseusnnh
iseusnnh
iseusnhn
iseunshn
iseunsnh
iseunhsn
iseunhns
iseunnhs
iseunnsh
iseunsnh
iseunshn
iseunnsh
iseunnhs
iseunhns
iseunhsn
isenhusn
isenhuns
isenhsun
isenhsnu
isenhnsu
isenhnus
isenuhsn
isenuhns
isenushn
isenusnh
isenunsh
isenunhs
isensuhn
isensunh
isenshun
isenshnu
isensnhu
isensnuh
isennush
isennuhs
isennsuh
isennshu
isennhsu
isennhus
isenhuns
isenhusn
isenhnus
isenhnsu
isenhsnu
isenhsun
isenuhns
isenuhsn
isenunhs
isenunsh
isenusnh
isenushn
isennuhs
isennush
isennhus
isennhsu
isennshu
isennsuh
isensunh
isensuhn
isensnuh
isensnhu
isenshnu
isenshun
innshsue
innshseu
innshuse
innshues
innsheus
innshesu
innsshue
innssheu
innssuhe
innssueh
innsseuh
innssehu
innsushe
innsuseh
innsuhse
innsuhes
innsuehs
innsuesh
innsesuh
innseshu
innseush
innseuhs
innsehus
innsehsu
innhssue
innhsseu
innhsuse
innhsues
innhseus
innhsesu
innhssue
innhsseu
innhsuse
innhsues
innhseus
innhsesu
innhusse
innhuses
innhusse
innhuses
innhuess
innhuess
innhesus
innhessu
innheuss
innheuss
innhesus
innhessu
innshsue
innshseu
innshuse
innshues
innsheus
innshesu
innsshue
innssheu
innssuhe
innssueh
innsseuh
innssehu
innsushe
innsuseh
innsuhse
innsuhes
innsuehs
innsuesh
innsesuh
innseshu
innseush
innseuhs
innsehus
innsehsu
innuhsse
innuhses
innuhsse
innuhses
innuhess
innuhess
innushse
innushes
innusshe
innusseh
innusesh
innusehs
innusshe
innusseh
innushse
innushes
innusehs
innusesh
innuessh
innueshs
innuessh
innueshs
innuehss
innuehss
innehsus
innehssu
innehuss
innehuss
innehsus
innehssu
inneshus
inneshsu
innesuhs
innesush
innessuh
innesshu
inneushs
inneussh
inneuhss
inneuhss
inneushs
inneussh
innessuh
innesshu
innesush
innesuhs
inneshus
inneshsu
insnhsue
insnhseu
insnhuse
insnhues
insnheus
insnhesu
insnshue
insnsheu
insnsuhe
insnsueh
insnseuh
insnsehu
insnushe
insnuseh
insnuhse
insnuhes
insnuehs
insnuesh
insnesuh
insneshu
insneush
insneuhs
insnehus
insnehsu
inshnsue
inshnseu
inshnuse
inshnues
inshneus
inshnesu
inshsnue
inshsneu
inshsune
inshsuen
inshseun
inshsenu
inshusne
inshusen
inshunse
inshunes
inshuens
inshuesn
inshesun
inshesnu
insheusn
insheuns
inshenus
inshensu
insshnue
insshneu
insshune
insshuen
inssheun
insshenu
inssnhue
inssnheu
inssnuhe
inssnueh
inssneuh
inssnehu
inssunhe
inssuneh
inssuhne
inssuhen
inssuehn
inssuenh
inssenuh
inssenhu
insseunh
insseuhn
inssehun
inssehnu
insuhsne
insuhsen
insuhnse
insuhnes
insuhens
insuhesn
insushne
insushen
insusnhe
insusneh
insusenh
insusehn
insunshe
insunseh
insunhse
insunhes
insunehs
insunesh
insuesnh
insueshn
insuensh
insuenhs
insuehns
insuehsn
insehsun
insehsnu
insehusn
insehuns
insehnus
insehnsu
inseshun
inseshnu
insesuhn
insesunh
insesnuh
insesnhu
inseushn
inseusnh
inseuhsn
inseuhns
inseunhs
inseunsh
insensuh
insenshu
insenush
insenuhs
insenhus
insenhsu
inhsnsue
inhsnseu
inhsnuse
inhsnues
inhsneus
inhsnesu
inhssnue
inhssneu
inhssune
inhssuen
inhsseun
inhssenu
inhsusne
inhsusen
inhsunse
inhsunes
inhsuens
inhsuesn
inhsesun
inhsesnu
inhseusn
inhseuns
inhsenus
inhsensu
inhnssue
inhnsseu
inhnsuse
inhnsues
inhnseus
inhnsesu
inhnssue
inhnsseu
inhnsuse
inhnsues
inhnseus
inhnsesu
inhnusse
inhnuses
inhnusse
inhnuses
inhnuess
inhnuess
inhnesus
inhnessu
inhneuss
inhneuss
inhnesus
inhnessu
inhsnsue
inhsnseu
inhsnuse
inhsnues
inhsneus
inhsnesu
inhssnue
inhssneu
inhssune
inhssuen
inhsseun
inhssenu
inhsusne
inhsusen
inhsunse
inhsunes
inhsuens
inhsuesn
inhsesun
inhsesnu
inhseusn
inhseuns
inhsenus
inhsensu
inhunsse
inhunses
inhunsse
inhunses
inhuness
inhuness
inhusnse
inhusnes
inhussne
inhussen
inhusesn
inhusens
inhussne
inhussen
inhusnse
inhusnes
inhusens
inhusesn
inhuessn
inhuesns
inhuessn
inhuesns
inhuenss
inhuenss
inhensus
inhenssu
inhenuss
inhenuss
inhensus
inhenssu
inhesnus
inhesnsu
inhesuns
inhesusn
inhessun
inhessnu
inheusns
inheussn
inheunss
inheunss
inheusns
inheussn
inhessun
inhessnu
inhesusn
inhesuns
inhesnus
inhesnsu
insshnue
insshneu
insshune
insshuen
inssheun
insshenu
inssnhue
inssnheu
inssnuhe
inssnueh
inssneuh
inssnehu
inssunhe
inssuneh
inssuhne
inssuhen
inssuehn
inssuenh
inssenuh
inssenhu
insseunh
insseuhn
inssehun
inssehnu
inshsnue
inshsneu
inshsune
inshsuen
inshseun
inshsenu
inshnsue
inshnseu
inshnuse
inshnues
inshneus
inshnesu
inshunse
inshunes
inshusne
inshusen
inshuesn
inshuens
inshenus
inshensu
insheuns
insheusn
inshesun
inshesnu
insnhsue
insnhseu
insnhuse
insnhues
insnheus
insnhesu
insnshue
insnsheu
insnsuhe
insnsueh
insnseuh
insnsehu
insnushe
insnuseh
insnuhse
insnuhes
insnuehs
insnuesh
insnesuh
insneshu
insneush
insneuhs
insnehus
insnehsu
insuhnse
insuhnes
insuhsne
insuhsen
insuhesn
insuhens
insunhse
insunhes
insunshe
insunseh
insunesh
insunehs
insusnhe
insusneh
insushne
insushen
insusehn
insusenh
insuensh
insuenhs
insuesnh
insueshn
insuehsn
insuehns
insehnus
insehnsu
insehuns
insehusn
insehsun
insehsnu
insenhus
insenhsu
insenuhs
insenush
insensuh
insenshu
inseunhs
inseunsh
inseuhns
inseuhsn
inseushn
inseusnh
insesnuh
insesnhu
insesunh
insesuhn
inseshun
inseshnu
inushsne
inushsen
inushnse
inushnes
inushens
inushesn
inusshne
inusshen
inussnhe
inussneh
inussenh
inussehn
inusnshe
inusnseh
inusnhse
inusnhes
inusnehs
inusnesh
inusesnh
inuseshn
inusensh
inusenhs
inusehns
inusehsn
inuhssne
inuhssen
inuhsnse
inuhsnes
inuhsens
inuhsesn
inuhssne
inuhssen
inuhsnse
inuhsnes
inuhsens
inuhsesn
inuhnsse
inuhnses
inuhnsse
inuhnses
inuhness
inuhness
inuhesns
inuhessn
inuhenss
inuhenss
inuhesns
inuhessn
inushsne
inushsen
inushnse
inushnes
inushens
inushesn
inusshne
inusshen
inussnhe
inussneh
inussenh
inussehn
inusnshe
inusnseh
inusnhse
inusnhes
inusnehs
inusnesh
inusesnh
inuseshn
inusensh
inusenhs
inusehns
inusehsn
inunhsse
inunhses
inunhsse
inunhses
inunhess
inunhess
inunshse
inunshes
inunsshe
inunsseh
inunsesh
inunsehs
inunsshe
inunsseh
inunshse
inunshes
inunsehs
inunsesh
inunessh
inuneshs
inunessh
inuneshs
inunehss
inunehss
inuehsns
inuehssn
inuehnss
inuehnss
inuehsns
inuehssn
inueshns
inueshsn
inuesnhs
inuesnsh
inuessnh
inuesshn
inuenshs
inuenssh
inuenhss
inuenhss
inuenshs
inuenssh
inuessnh
inuesshn
inuesnsh
inuesnhs
inueshns
inueshsn
ineshsun
ineshsnu
ineshusn
ineshuns
ineshnus
ineshnsu
inesshun
inesshnu
inessuhn
inessunh
inessnuh
inessnhu
inesushn
inesusnh
inesuhsn
inesuhns
inesunhs
inesunsh
inesnsuh
inesnshu
inesnush
inesnuhs
inesnhus
inesnhsu
inehssun
inehssnu
inehsusn
inehsuns
inehsnus
inehsnsu
inehssun
inehssnu
inehsusn
inehsuns
inehsnus
inehsnsu
inehussn
inehusns
inehussn
inehusns
inehunss
inehunss
inehnsus
inehnssu
inehnuss
inehnuss
inehnsus
inehnssu
ineshsun
ineshsnu
ineshusn
ineshuns
ineshnus
ineshnsu
inesshun
inesshnu
inessuhn
inessunh
inessnuh
inessnhu
inesushn
inesusnh
inesuhsn
inesuhns
inesunhs
inesunsh
inesnsuh
inesnshu
inesnush
inesnuhs
inesnhus
inesnhsu
ineuhssn
ineuhsns
ineuhssn
ineuhsns
ineuhnss
ineuhnss
ineushsn
ineushns
ineusshn
ineussnh
ineusnsh
ineusnhs
ineusshn
ineussnh
ineushsn
ineushns
ineusnhs
ineusnsh
ineunssh
ineunshs
ineunssh
ineunshs
ineunhss
ineunhss
inenhsus
inenhssu
inenhuss
inenhuss
inenhsus
inenhssu
inenshus
inenshsu
inensuhs
inensush
inenssuh
inensshu
inenushs
inenussh
inenuhss
inenuhss
inenushs
inenussh
inenssuh
inensshu
inensush
inensuhs
inenshus
inenshsu
ienshsnu
ienshsun
ienshnsu
ienshnus
ienshuns
ienshusn
iensshnu
iensshun
ienssnhu
ienssnuh
ienssunh
ienssuhn
iensnshu
iensnsuh
iensnhsu
iensnhus
iensnuhs
iensnush
iensusnh
iensushn
iensunsh
iensunhs
iensuhns
iensuhsn
ienhssnu
ienhssun
ienhsnsu
ienhsnus
ienhsuns
ienhsusn
ienhssnu
ienhssun
ienhsnsu
ienhsnus
ienhsuns
ienhsusn
ienhnssu
ienhnsus
ienhnssu
ienhnsus
ienhnuss
ienhnuss
ienhusns
ienhussn
ienhunss
ienhunss
ienhusns
ienhussn
ienshsnu
ienshsun
ienshnsu
ienshnus
ienshuns
ienshusn
iensshnu
iensshun
ienssnhu
ienssnuh
ienssunh
ienssuhn
iensnshu
iensnsuh
iensnhsu
iensnhus
iensnuhs
iensnush
iensusnh
iensushn
iensunsh
iensunhs
iensuhns
iensuhsn
iennhssu
iennhsus
iennhssu
iennhsus
iennhuss
iennhuss
iennshsu
iennshus
iennsshu
iennssuh
iennsush
iennsuhs
iennsshu
iennssuh
iennshsu
iennshus
iennsuhs
iennsush
iennussh
iennushs
iennussh
iennushs
iennuhss
iennuhss
ienuhsns
ienuhssn
ienuhnss
ienuhnss
ienuhsns
ienuhssn
ienushns
ienushsn
ienusnhs
ienusnsh
ienussnh
ienusshn
ienunshs
ienunssh
ienunhss
ienunhss
ienunshs
ienunssh
ienussnh
ienusshn
ienusnsh
ienusnhs
ienushns
ienushsn
iesnhsnu
iesnhsun
iesnhnsu
iesnhnus
iesnhuns
iesnhusn
iesnshnu
iesnshun
iesnsnhu
iesnsnuh
iesnsunh
iesnsuhn
iesnnshu
iesnnsuh
iesnnhsu
iesnnhus
iesnnuhs
iesnnush
iesnusnh
iesnushn
iesnunsh
iesnunhs
iesnuhns
iesnuhsn
ieshnsnu
ieshnsun
ieshnnsu
ieshnnus
ieshnuns
ieshnusn
ieshsnnu
ieshsnun
ieshsnnu
ieshsnun
ieshsunn
ieshsunn
ieshnsnu
ieshnsun
ieshnnsu
ieshnnus
ieshnuns
ieshnusn
ieshusnn
ieshusnn
ieshunsn
ieshunns
ieshunns
ieshunsn
iesshnnu
iesshnun
iesshnnu
iesshnun
iesshunn
iesshunn
iessnhnu
iessnhun
iessnnhu
iessnnuh
iessnunh
iessnuhn
iessnnhu
iessnnuh
iessnhnu
iessnhun
iessnuhn
iessnunh
iessunnh
iessunhn
iessunnh
iessunhn
iessuhnn
iessuhnn
iesnhsnu
iesnhsun
iesnhnsu
iesnhnus
iesnhuns
iesnhusn
iesnshnu
iesnshun
iesnsnhu
iesnsnuh
iesnsunh
iesnsuhn
iesnnshu
iesnnsuh
iesnnhsu
iesnnhus
iesnnuhs
iesnnush
iesnusnh
iesnushn
iesnunsh
iesnunhs
iesnuhns
iesnuhsn
iesuhsnn
iesuhsnn
iesuhnsn
iesuhnns
iesuhnns
iesuhnsn
iesushnn
iesushnn
iesusnhn
iesusnnh
iesusnnh
iesusnhn
iesunshn
iesunsnh
iesunhsn
iesunhns
iesunnhs
iesunnsh
iesunsnh
iesunshn
iesunnsh
iesunnhs
iesunhns
iesunhsn
iehsnsnu
iehsnsun
iehsnnsu
iehsnnus
iehsnuns
iehsnusn
iehssnnu
iehssnun
iehssnnu
iehssnun
iehssunn
iehssunn
iehsnsnu
iehsnsun
iehsnnsu
iehsnnus
iehsnuns
iehsnusn
iehsusnn
iehsusnn
iehsunsn
iehsunns
iehsunns
iehsunsn
iehnssnu
iehnssun
iehnsnsu
iehnsnus
iehnsuns
iehnsusn
iehnssnu
iehnssun
iehnsnsu
iehnsnus
iehnsuns
iehnsusn
iehnnssu
iehnnsus
iehnnssu
iehnnsus
iehnnuss
iehnnuss
iehnusns
iehnussn
iehnunss
iehnunss
iehnusns
iehnussn
iehsnsnu
iehsnsun
iehsnnsu
iehsnnus
iehsnuns
iehsnusn
iehssnnu
iehssnun
iehssnnu
iehssnun
iehssunn
iehssunn
iehsnsnu
iehsnsun
iehsnnsu
iehsnnus
iehsnuns
iehsnusn
iehsusnn
iehsusnn
iehsunsn
iehsunns
iehsunns
iehsunsn
iehnnssu
iehnnsus
iehnnssu
iehnnsus
iehnnuss
iehnnuss
iehnsnsu
iehnsnus
iehnssnu
iehnssun
iehnsusn
iehnsuns
iehnssnu
iehnssun
iehnsnsu
iehnsnus
iehnsuns
iehnsusn
iehnussn
iehnusns
iehnussn
iehnusns
iehnunss
iehnunss
iehunsns
iehunssn
iehunnss
iehunnss
iehunsns
iehunssn
iehusnns
iehusnsn
iehusnns
iehusnsn
iehussnn
iehussnn
iehunsns
iehunssn
iehunnss
iehunnss
iehunsns
iehunssn
iehussnn
iehussnn
iehusnsn
iehusnns
iehusnns
iehusnsn
iesshnnu
iesshnun
iesshnnu
iesshnun
iesshunn
iesshunn
iessnhnu
iessnhun
iessnnhu
iessnnuh
iessnunh
iessnuhn
iessnnhu
iessnnuh
iessnhnu
iessnhun
iessnuhn
iessnunh
iessunnh
iessunhn
iessunnh
iessunhn
iessuhnn
iessuhnn
ieshsnnu
ieshsnun
ieshsnnu
ieshsnun
ieshsunn
ieshsunn
ieshnsnu
ieshnsun
ieshnnsu
ieshnnus
ieshnuns
ieshnusn
ieshnnsu
ieshnnus
ieshnsnu
ieshnsun
ieshnusn
ieshnuns
ieshunns
ieshunsn
ieshunns
ieshunsn
ieshusnn
ieshusnn
iesnhsnu
iesnhsun
iesnhnsu
iesnhnus
iesnhuns
iesnhusn
iesnshnu
iesnshun
iesnsnhu
iesnsnuh
iesnsunh
iesnsuhn
iesnnshu
iesnnsuh
iesnnhsu
iesnnhus
iesnnuhs
iesnnush
iesnusnh
iesnushn
iesnunsh
iesnunhs
iesnuhns
iesnuhsn
iesnhnsu
iesnhnus
iesnhsnu
iesnhsun
iesnhusn
iesnhuns
iesnnhsu
iesnnhus
iesnnshu
iesnnsuh
iesnnush
iesnnuhs
iesnsnhu
iesnsnuh
iesnshnu
iesnshun
iesnsuhn
iesnsunh
iesnunsh
iesnunhs
iesnusnh
iesnushn
iesnuhsn
iesnuhns
iesuhnns
iesuhnsn
iesuhnns
iesuhnsn
iesuhsnn
iesuhsnn
iesunhns
iesunhsn
iesunnhs
iesunnsh
iesunsnh
iesunshn
iesunnhs
iesunnsh
iesunhns
iesunhsn
iesunshn
iesunsnh
iesusnnh
iesusnhn
iesusnnh
iesusnhn
iesushnn
iesushnn
ienshsnu
ienshsun
ienshnsu
ienshnus
ienshuns
ienshusn
iensshnu
iensshun
ienssnhu
ienssnuh
ienssunh
ienssuhn
iensnshu
iensnsuh
iensnhsu
iensnhus
iensnuhs
iensnush
iensusnh
iensushn
iensunsh
iensunhs
iensuhns
iensuhsn
ienhssnu
ienhssun
ienhsnsu
ienhsnus
ienhsuns
ienhsusn
ienhssnu
ienhssun
ienhsnsu
ienhsnus
ienhsuns
ienhsusn
ienhnssu
ienhnsus
ienhnssu
ienhnsus
ienhnuss
ienhnuss
ienhusns
ienhussn
ienhunss
ienhunss
ienhusns
ienhussn
ienshsnu
ienshsun
ienshnsu
ienshnus
ienshuns
ienshusn
iensshnu
iensshun
ienssnhu
ienssnuh
ienssunh
ienssuhn
iensnshu
iensnsuh
iensnhsu
iensnhus
iensnuhs
iensnush
iensusnh
iensushn
iensunsh
iensunhs
iensuhns
iensuhsn
iennhssu
iennhsus
iennhssu
iennhsus
iennhuss
iennhuss
iennshsu
iennshus
iennsshu
iennssuh
iennsush
iennsuhs
iennsshu
iennssuh
iennshsu
iennshus
iennsuhs
iennsush
iennussh
iennushs
iennussh
iennushs
iennuhss
iennuhss
ienuhsns
ienuhssn
ienuhnss
ienuhnss
ienuhsns
ienuhssn
ienushns
ienushsn
ienusnhs
ienusnsh
ienussnh
ienusshn
ienunshs
ienunssh
ienunhss
ienunhss
ienunshs
ienunssh
ienussnh
ienusshn
ienusnsh
ienusnhs
ienushns
ienushsn
ieushsnn
ieushsnn
ieushnsn
ieushnns
ieushnns
ieushnsn
ieusshnn
ieusshnn
ieussnhn
ieussnnh
ieussnnh
ieussnhn
ieusnshn
ieusnsnh
ieusnhsn
ieusnhns
ieusnnhs
ieusnnsh
ieusnsnh
ieusnshn
ieusnnsh
ieusnnhs
ieusnhns
ieusnhsn
ieuhssnn
ieuhssnn
ieuhsnsn
ieuhsnns
ieuhsnns
ieuhsnsn
ieuhssnn
ieuhssnn
ieuhsnsn
ieuhsnns
ieuhsnns
ieuhsnsn
ieuhnssn
ieuhnsns
ieuhnssn
ieuhnsns
ieuhnnss
ieuhnnss
ieuhnsns
ieuhnssn
ieuhnnss
ieuhnnss
ieuhnsns
ieuhnssn
ieushsnn
ieushsnn
ieushnsn
ieushnns
ieushnns
ieushnsn
ieusshnn
ieusshnn
ieussnhn
ieussnnh
ieussnnh
ieussnhn
ieusnshn
ieusnsnh
ieusnhsn
ieusnhns
ieusnnhs
ieusnnsh
ieusnsnh
ieusnshn
ieusnnsh
ieusnnhs
ieusnhns
ieusnhsn
ieunhssn
ieunhsns
ieunhssn
ieunhsns
ieunhnss
ieunhnss
ieunshsn
ieunshns
ieunsshn
ieunssnh
ieunsnsh
ieunsnhs
ieunsshn
ieunssnh
ieunshsn
ieunshns
ieunsnhs
ieunsnsh
ieunnssh
ieunnshs
ieunnssh
ieunnshs
ieunnhss
ieunnhss
ieunhsns
ieunhssn
ieunhnss
ieunhnss
ieunhsns
ieunhssn
ieunshns
ieunshsn
ieunsnhs
ieunsnsh
ieunssnh
ieunsshn
ieunnshs
ieunnssh
ieunnhss
ieunnhss
ieunnshs
ieunnssh
ieunssnh
ieunsshn
ieunsnsh
ieunsnhs
ieunshns
ieunshsn
nunshise
nunshies
nunshsie
nunshsei
nunshesi
nunsheis
nunsihse
nunsihes
nunsishe
nunsiseh
nunsiesh
nunsiehs
nunssihe
nunssieh
nunsshie
nunsshei
nunssehi
nunsseih
nunseish
nunseihs
nunsesih
nunseshi
nunsehsi
nunsehis
nunhsise
nunhsies
nunhssie
nunhssei
nunhsesi
nunhseis
nunhisse
nunhises
nunhisse
nunhises
nunhiess
nunhiess
nunhsise
nunhsies
nunhssie
nunhssei
nunhsesi
nunhseis
nunheiss
nunheiss
nunhesis
nunhessi
nunhessi
nunhesis
nunihsse
nunihses
nunihsse
nunihses
nunihess
nunihess
nunishse
nunishes
nunisshe
nunisseh
nunisesh
nunisehs
nunisshe
nunisseh
nunishse
nunishes
nunisehs
nunisesh
nuniessh
nunieshs
nuniessh
nunieshs
nuniehss
nuniehss
nunshise
nunshies
nunshsie
nunshsei
nunshesi
nunsheis
nunsihse
nunsihes
nunsishe
nunsiseh
nunsiesh
nunsiehs
nunssihe
nunssieh
nunsshie
nunsshei
nunssehi
nunsseih
nunseish
nunseihs
nunsesih
nunseshi
nunsehsi
nunsehis
nunehiss
nunehiss
nunehsis
nunehssi
nunehssi
nunehsis
nuneihss
nuneihss
nuneishs
nuneissh
nuneissh
nuneishs
nunesihs
nunesish
nuneshis
nuneshsi
nunesshi
nunessih
nunesish
nunesihs
nunessih
nunesshi
nuneshsi
nuneshis
nusnhise
nusnhies
nusnhsie
nusnhsei
nusnhesi
nusnheis
nusnihse
nusnihes
nusnishe
nusniseh
nusniesh
nusniehs
nusnsihe
nusnsieh
nusnshie
nusnshei
nusnsehi
nusnseih
nusneish
nusneihs
nusnesih
nusneshi
nusnehsi
nusnehis
nushnise
nushnies
nushnsie
nushnsei
nushnesi
nushneis
nushinse
nushines
nushisne
nushisen
nushiesn
nushiens
nushsine
nushsien
nushsnie
nushsnei
nushseni
nushsein
nusheisn
nusheins
nushesin
nushesni
nushensi
nushenis
nusihnse
nusihnes
nusihsne
nusihsen
nusihesn
nusihens
nusinhse
nusinhes
nusinshe
nusinseh
nusinesh
nusinehs
nusisnhe
nusisneh
nusishne
nusishen
nusisehn
nusisenh
nusiensh
nusienhs
nusiesnh
nusieshn
nusiehsn
nusiehns
nusshine
nusshien
nusshnie
nusshnei
nussheni
nusshein
nussihne
nussihen
nussinhe
nussineh
nussienh
nussiehn
nussnihe
nussnieh
nussnhie
nussnhei
nussnehi
nussneih
nusseinh
nusseihn
nussenih
nussenhi
nussehni
nussehin
nusehisn
nusehins
nusehsin
nusehsni
nusehnsi
nusehnis
nuseihsn
nuseihns
nuseishn
nuseisnh
nuseinsh
nuseinhs
nusesihn
nusesinh
nuseshin
nuseshni
nusesnhi
nusesnih
nusenish
nusenihs
nusensih
nusenshi
nusenhsi
nusenhis
nuhsnise
nuhsnies
nuhsnsie
nuhsnsei
nuhsnesi
nuhsneis
nuhsinse
nuhsines
nuhsisne
nuhsisen
nuhsiesn
nuhsiens
nuhssine
nuhssien
nuhssnie
nuhssnei
nuhsseni
nuhssein
nuhseisn
nuhseins
nuhsesin
nuhsesni
nuhsensi
nuhsenis
nuhnsise
nuhnsies
nuhnssie
nuhnssei
nuhnsesi
nuhnseis
nuhnisse
nuhnises
nuhnisse
nuhnises
nuhniess
nuhniess
nuhnsise
nuhnsies
nuhnssie
nuhnssei
nuhnsesi
nuhnseis
nuhneiss
nuhneiss
nuhnesis
nuhnessi
nuhnessi
nuhnesis
nuhinsse
nuhinses
nuhinsse
nuhinses
nuhiness
nuhiness
nuhisnse
nuhisnes
nuhissne
nuhissen
nuhisesn
nuhisens
nuhissne
nuhissen
nuhisnse
nuhisnes
nuhisens
nuhisesn
nuhiessn
nuhiesns
nuhiessn
nuhiesns
nuhienss
nuhienss
nuhsnise
nuhsnies
nuhsnsie
nuhsnsei
nuhsnesi
nuhsneis
nuhsinse
nuhsines
nuhsisne
nuhsisen
nuhsiesn
nuhsiens
nuhssine
nuhssien
nuhssnie
nuhssnei
nuhsseni
nuhssein
nuhseisn
nuhseins
nuhsesin
nuhsesni
nuhsensi
nuhsenis
nuheniss
nuheniss
nuhensis
nuhenssi
nuhenssi
nuhensis
nuheinss
nuheinss
nuheisns
nuheissn
nuheissn
nuheisns
nuhesins
nuhesisn
nuhesnis
nuhesnsi
nuhessni
nuhessin
nuhesisn
nuhesins
nuhessin
nuhessni
nuhesnsi
nuhesnis
nuishnse
nuishnes
nuishsne
nuishsen
nuishesn
nuishens
nuisnhse
nuisnhes
nuisnshe
nuisnseh
nuisnesh
nuisnehs
nuissnhe
nuissneh
nuisshne
nuisshen
nuissehn
nuissenh
nuisensh
nuisenhs
nuisesnh
nuiseshn
nuisehsn
nuisehns
nuihsnse
nuihsnes
nuihssne
nuihssen
nuihsesn
nuihsens
nuihnsse
nuihnses
nuihnsse
nuihnses
nuihness
nuihness
nuihsnse
nuihsnes
nuihssne
nuihssen
nuihsesn
nuihsens
nuihenss
nuihenss
nuihesns
nuihessn
nuihessn
nuihesns
nuinhsse
nuinhses
nuinhsse
nuinhses
nuinhess
nuinhess
nuinshse
nuinshes
nuinsshe
nuinsseh
nuinsesh
nuinsehs
nuinsshe
nuinsseh
nuinshse
nuinshes
nuinsehs
nuinsesh
nuinessh
nuineshs
nuinessh
nuineshs
nuinehss
nuinehss
nuishnse
nuishnes
nuishsne
nuishsen
nuishesn
nuishens
nuisnhse
nuisnhes
nuisnshe
nuisnseh
nuisnesh
nuisnehs
nuissnhe
nuissneh
nuisshne
nuisshen
nuissehn
nuissenh
nuisensh
nuisenhs
nuisesnh
nuiseshn
nuisehsn
nuisehns
nuiehnss
nuiehnss
nuiehsns
nuiehssn
nuiehssn
nuiehsns
nuienhss
nuienhss
nuienshs
nuienssh
nuienssh
nuienshs
nuiesnhs
nuiesnsh
nuieshns
nuieshsn
nuiesshn
nuiessnh
nuiesnsh
nuiesnhs
nuiessnh
nuiesshn
nuieshsn
nuieshns
nusshine
nusshien
nusshnie
nusshnei
nussheni
nusshein
nussihne
nussihen
nussinhe
nussineh
nussienh
nussiehn
nussnihe
nussnieh
nussnhie
nussnhei
nussnehi
nussneih
nusseinh
nusseihn
nussenih
nussenhi
nussehni
nussehin
nushsine
nushsien
nushsnie
nushsnei
nushseni
nushsein
nushisne
nushisen
nushinse
nushines
nushiens
nushiesn
nushnise
nushnies
nushnsie
nushnsei
nushnesi
nushneis
nusheins
nusheisn
nushenis
nushensi
nushesni
nushesin
nusihsne
nusihsen
nusihnse
nusihnes
nusihens
nusihesn
nusishne
nusishen
nusisnhe
nusisneh
nusisenh
nusisehn
nusinshe
nusinseh
nusinhse
nusinhes
nusinehs
nusinesh
nusiesnh
nusieshn
nusiensh
nusienhs
nusiehns
nusiehsn
nusnhise
nusnhies
nusnhsie
nusnhsei
nusnhesi
nusnheis
nusnihse
nusnihes
nusnishe
nusniseh
nusniesh
nusniehs
nusnsihe
nusnsieh
nusnshie
nusnshei
nusnsehi
nusnseih
nusneish
nusneihs
nusnesih
nusneshi
nusnehsi
nusnehis
nusehins
nusehisn
nusehnis
nusehnsi
nusehsni
nusehsin
nuseihns
nuseihsn
nuseinhs
nuseinsh
nuseisnh
nuseishn
nusenihs
nusenish
nusenhis
nusenhsi
nusenshi
nusensih
nusesinh
nusesihn
nusesnih
nusesnhi
nuseshni
nuseshin
nueshisn
nueshins
nueshsin
nueshsni
nueshnsi
nueshnis
nuesihsn
nuesihns
nuesishn
nuesisnh
nuesinsh
nuesinhs
nuessihn
nuessinh
nuesshin
nuesshni
nuessnhi
nuessnih
nuesnish
nuesnihs
nuesnsih
nuesnshi
nuesnhsi
nuesnhis
nuehsisn
nuehsins
nuehssin
nuehssni
nuehsnsi
nuehsnis
nuehissn
nuehisns
nuehissn
nuehisns
nuehinss
nuehinss
nuehsisn
nuehsins
nuehssin
nuehssni
nuehsnsi
nuehsnis
nuehniss
nuehniss
nuehnsis
nuehnssi
nuehnssi
nuehnsis
nueihssn
nueihsns
nueihssn
nueihsns
nueihnss
nueihnss
nueishsn
nueishns
nueisshn
nueissnh
nueisnsh
nueisnhs
nueisshn
nueissnh
nueishsn
nueishns
nueisnhs
nueisnsh
nueinssh
nueinshs
nueinssh
nueinshs
nueinhss
nueinhss
nueshisn
nueshins
nueshsin
nueshsni
nueshnsi
nueshnis
nuesihsn
nuesihns
nuesishn
nuesisnh
nuesinsh
nuesinhs
nuessihn
nuessinh
nuesshin
nuesshni
nuessnhi
nuessnih
nuesnish
nuesnihs
nuesnsih
nuesnshi
nuesnhsi
nuesnhis
nuenhiss
nuenhiss
nuenhsis
nuenhssi
nuenhssi
nuenhsis
nuenihss
nuenihss
nuenishs
nuenissh
nuenissh
nuenishs
nuensihs
nuensish
nuenshis
nuenshsi
nuensshi
nuenssih
nuensish
nuensihs
nuenssih
nuensshi
nuenshsi
nuenshis
nnushise
nnushies
nnushsie
nnushsei
nnushesi
nnusheis
nnusihse
nnusihes
nnusishe
nnusiseh
nnusiesh
nnusiehs
nnussihe
nnussieh
nnusshie
nnusshei
nnussehi
nnusseih
nnuseish
nnuseihs
nnusesih
nnuseshi
nnusehsi
nnusehis
nnuhsise
nnuhsies
nnuhssie
nnuhssei
nnuhsesi
nnuhseis
nnuhisse
nnuhises
nnuhisse
nnuhises
nnuhiess
nnuhiess
nnuhsise
nnuhsies
nnuhssie
nnuhssei
nnuhsesi
nnuhseis
nnuheiss
nnuheiss
nnuhesis
nnuhessi
nnuhessi
nnuhesis
nnuihsse
nnuihses
nnuihsse
nnuihses
nnuihess
nnuihess
nnuishse
nnuishes
nnuisshe
nnuisseh
nnuisesh
nnuisehs
nnuisshe
nnuisseh
nnuishse
nnuishes
nnuisehs
nnuisesh
nnuiessh
nnuieshs
nnuiessh
nnuieshs
nnuiehss
nnuiehss
nnushise
nnushies
nnushsie
nnushsei
nnushesi
nnusheis
nnusihse
nnusihes
nnusishe
nnusiseh
nnusiesh
nnusiehs
nnussihe
nnussieh
nnusshie
nnusshei
nnussehi
nnusseih
nnuseish
nnuseihs
nnusesih
nnuseshi
nnusehsi
nnusehis
nnuehiss
nnuehiss
nnuehsis
nnuehssi
nnuehssi
nnuehsis
nnueihss
nnueihss
nnueishs
nnueissh
nnueissh
nnueishs
nnuesihs
nnuesish
nnueshis
nnueshsi
nnuesshi
nnuessih
nnuesish
nnuesihs
nnuessih
nnuesshi
nnueshsi
nnueshis
nnsuhise
nnsuhies
nnsuhsie
nnsuhsei
nnsuhesi
nnsuheis
nnsuihse
nnsuihes
nnsuishe
nnsuiseh
nnsuiesh
nnsuiehs
nnsusihe
nnsusieh
nnsushie
nnsushei
nnsusehi
nnsuseih
nnsueish
nnsueihs
nnsuesih
nnsueshi
nnsuehsi
nnsuehis
nnshuise
nnshuies
nnshusie
nnshusei
nnshuesi
nnshueis
nnshiuse
nnshiues
nnshisue
nnshiseu
nnshiesu
nnshieus
nnshsiue
nnshsieu
nnshsuie
nnshsuei
nnshseui
nnshseiu
nnsheisu
nnsheius
nnshesiu
nnshesui
nnsheusi
nnsheuis
nnsihuse
nnsihues
nnsihsue
nnsihseu
nnsihesu
nnsiheus
nnsiuhse
nnsiuhes
nnsiushe
nnsiuseh
nnsiuesh
nnsiuehs
nnsisuhe
nnsisueh
nnsishue
nnsisheu
nnsisehu
nnsiseuh
nnsieush
nnsieuhs
nnsiesuh
nnsieshu
nnsiehsu
nnsiehus
nnsshiue
nnsshieu
nnsshuie
nnsshuei
nnssheui
nnssheiu
nnssihue
nnssiheu
nnssiuhe
nnssiueh
nnssieuh
nnssiehu
nnssuihe
nnssuieh
nnssuhie
nnssuhei
nnssuehi
nnssueih
nnsseiuh
nnsseihu
nnsseuih
nnsseuhi
nnssehui
nnssehiu
nnsehisu
nnsehius
nnsehsiu
nnsehsui
nnsehusi
nnsehuis
nnseihsu
nnseihus
nnseishu
nnseisuh
nnseiush
nnseiuhs
nnsesihu
nnsesiuh
nnseshiu
nnseshui
nnsesuhi
nnsesuih
nnseuish
nnseuihs
nnseusih
nnseushi
nnseuhsi
nnseuhis
nnhsuise
nnhsuies
nnhsusie
nnhsusei
nnhsuesi
nnhsueis
nnhsiuse
nnhsiues
nnhsisue
nnhsiseu
nnhsiesu
nnhsieus
nnhssiue
nnhssieu
nnhssuie
nnhssuei
nnhsseui
nnhsseiu
nnhseisu
nnhseius
nnhsesiu
nnhsesui
nnhseusi
nnhseuis
nnhusise
nnhusies
nnhussie
nnhussei
nnhusesi
nnhuseis
nnhuisse
nnhuises
nnhuisse
nnhuises
nnhuiess
nnhuiess
nnhusise
nnhusies
nnhussie
nnhussei
nnhusesi
nnhuseis
nnhueiss
nnhueiss
nnhuesis
nnhuessi
nnhuessi
nnhuesis
nnhiusse
nnhiuses
nnhiusse
nnhiuses
nnhiuess
nnhiuess
nnhisuse
nnhisues
nnhissue
nnhisseu
nnhisesu
nnhiseus
nnhissue
nnhisseu
nnhisuse
nnhisues
nnhiseus
nnhisesu
nnhiessu
nnhiesus
nnhiessu
nnhiesus
nnhieuss
nnhieuss
nnhsuise
nnhsuies
nnhsusie
nnhsusei
nnhsuesi
nnhsueis
nnhsiuse
nnhsiues
nnhsisue
nnhsiseu
nnhsiesu
nnhsieus
nnhssiue
nnhssieu
nnhssuie
nnhssuei
nnhsseui
nnhsseiu
nnhseisu
nnhseius
nnhsesiu
nnhsesui
nnhseusi
nnhseuis
nnheuiss
nnheuiss
nnheusis
nnheussi
nnheussi
nnheusis
nnheiuss
nnheiuss
nnheisus
nnheissu
nnheissu
nnheisus
nnhesius
nnhesisu
nnhesuis
nnhesusi
nnhessui
nnhessiu
nnhesisu
nnhesius
nnhessiu
nnhessui
nnhesusi
nnhesuis
nnishuse
nnishues
nnishsue
nnishseu
nnishesu
nnisheus
nnisuhse
nnisuhes
nnisushe
nnisuseh
nnisuesh
nnisuehs
nnissuhe
nnissueh
nnisshue
nnissheu
nnissehu
nnisseuh
nniseush
nniseuhs
nnisesuh
nniseshu
nnisehsu
nnisehus
nnihsuse
nnihsues
nnihssue
nnihsseu
nnihsesu
nnihseus
nnihusse
nnihuses
nnihusse
nnihuses
nnihuess
nnihuess
nnihsuse
nnihsues
nnihssue
nnihsseu
nnihsesu
nnihseus
nniheuss
nniheuss
nnihesus
nnihessu
nnihessu
nnihesus
nniuhsse
nniuhses
nniuhsse
nniuhses
nniuhess
nniuhess
nniushse
nniushes
nniusshe
nniusseh
nniusesh
nniusehs
nniusshe
nniusseh
nniushse
nniushes
nniusehs
nniusesh
nniuessh
nniueshs
nniuessh
nniueshs
nniuehss
nniuehss
nnishuse
nnishues
nnishsue
nnishseu
nnishesu
nnisheus
nnisuhse
nnisuhes
nnisushe
nnisuseh
nnisuesh
nnisuehs
nnissuhe
nnissueh
nnisshue
nnissheu
nnissehu
nnisseuh
nniseush
nniseuhs
nnisesuh
nniseshu
nnisehsu
nnisehus
nniehuss
nniehuss
nniehsus
nniehssu
nniehssu
nniehsus
nnieuhss
nnieuhss
nnieushs
nnieussh
nnieussh
nnieushs
nniesuhs
nniesush
nnieshus
nnieshsu
nniesshu
nniessuh
nniesush
nniesuhs
nniessuh
nniesshu
nnieshsu
nnieshus
nnsshiue
nnsshieu
nnsshuie
nnsshuei
nnssheui
nnssheiu
nnssihue
nnssiheu
nnssiuhe
nnssiueh
nnssieuh
nnssiehu
nnssuihe
nnssuieh
nnssuhie
nnssuhei
nnssuehi
nnssueih
nnsseiuh
nnsseihu
nnsseuih
nnsseuhi
nnssehui
nnssehiu
nnshsiue
nnshsieu
nnshsuie
nnshsuei
nnshseui
nnshseiu
nnshisue
nnshiseu
nnshiuse
nnshiues
nnshieus
nnshiesu
nnshuise
nnshuies
nnshusie
nnshusei
nnshuesi
nnshueis
nnsheius
nnsheisu
nnsheuis
nnsheusi
nnshesui
nnshesiu
nnsihsue
nnsihseu
nnsihuse
nnsihues
nnsiheus
nnsihesu
nnsishue
nnsisheu
nnsisuhe
nnsisueh
nnsiseuh
nnsisehu
nnsiushe
nnsiuseh
nnsiuhse
nnsiuhes
nnsiuehs
nnsiuesh
nnsiesuh
nnsieshu
nnsieush
nnsieuhs
nnsiehus
nnsiehsu
nnsuhise
nnsuhies
nnsuhsie
nnsuhsei
nnsuhesi
nnsuheis
nnsuihse
nnsuihes
nnsuishe
nnsuiseh
nnsuiesh
nnsuiehs
nnsusihe
nnsusieh
nnsushie
nnsushei
nnsusehi
nnsuseih
nnsueish
nnsueihs
nnsuesih
nnsueshi
nnsuehsi
nnsuehis
nnsehius
nnsehisu
nnsehuis
nnsehusi
nnsehsui
nnsehsiu
nnseihus
nnseihsu
nnseiuhs
nnseiush
nnseisuh
nnseishu
nnseuihs
nnseuish
nnseuhis
nnseuhsi
nnseushi
nnseusih
nnsesiuh
nnsesihu
nnsesuih
nnsesuhi
nnseshui
nnseshiu
nneshisu
nneshius
nneshsiu
nneshsui
nneshusi
nneshuis
nnesihsu
nnesihus
nnesishu
nnesisuh
nnesiush
nnesiuhs
nnessihu
nnessiuh
nnesshiu
nnesshui
nnessuhi
nnessuih
nnesuish
nnesuihs
nnesusih
nnesushi
nnesuhsi
nnesuhis
nnehsisu
nnehsius
nnehssiu
nnehssui
nnehsusi
nnehsuis
nnehissu
nnehisus
nnehissu
nnehisus
nnehiuss
nnehiuss
nnehsisu
nnehsius
nnehssiu
nnehssui
nnehsusi
nnehsuis
nnehuiss
nnehuiss
nnehusis
nnehussi
nnehussi
nnehusis
nneihssu
nneihsus
nneihssu
nneihsus
nneihuss
nneihuss
nneishsu
nneishus
nneisshu
nneissuh
nneisush
nneisuhs
nneisshu
nneissuh
nneishsu
nneishus
nneisuhs
nneisush
nneiussh
nneiushs
nneiussh
nneiushs
nneiuhss
nneiuhss
nneshisu
nneshius
nneshsiu
nneshsui
nneshusi
nneshuis
nnesihsu
nnesihus
nnesishu
nnesisuh
nnesiush
nnesiuhs
nnessihu
nnessiuh
nnesshiu
nnesshui
nnessuhi
nnessuih
nnesuish
nnesuihs
nnesusih
nnesushi
nnesuhsi
nnesuhis
nneuhiss
nneuhiss
nneuhsis
nneuhssi
nneuhssi
nneuhsis
nneuihss
nneuihss
nneuishs
nneuissh
nneuissh
nneuishs
nneusihs
nneusish
nneushis
nneushsi
nneusshi
nneussih
nneusish
nneusihs
nneussih
nneusshi
nneushsi
nneushis
nsnuhise
nsnuhies
nsnuhsie
nsnuhsei
nsnuhesi
nsnuheis
nsnuihse
nsnuihes
nsnuishe
nsnuiseh
nsnuiesh
nsnuiehs
nsnusihe
nsnusieh
nsnushie
nsnushei
nsnusehi
nsnuseih
nsnueish
nsnueihs
nsnuesih
nsnueshi
nsnuehsi
nsnuehis
nsnhuise
nsnhuies
nsnhusie
nsnhusei
nsnhuesi
nsnhueis
nsnhiuse
nsnhiues
nsnhisue
nsnhiseu
nsnhiesu
nsnhieus
nsnhsiue
nsnhsieu
nsnhsuie
nsnhsuei
nsnhseui
nsnhseiu
nsnheisu
nsnheius
nsnhesiu
nsnhesui
nsnheusi
nsnheuis
nsnihuse
nsnihues
nsnihsue
nsnihseu
nsnihesu
nsniheus
nsniuhse
nsniuhes
nsniushe
nsniuseh
nsniuesh
nsniuehs
nsnisuhe
nsnisueh
nsnishue
nsnisheu
nsnisehu
nsniseuh
nsnieush
nsnieuhs
nsniesuh
nsnieshu
nsniehsu
nsniehus
nsnshiue
nsnshieu
nsnshuie
nsnshuei
nsnsheui
nsnsheiu
nsnsihue
nsnsiheu
nsnsiuhe
nsnsiueh
nsnsieuh
nsnsiehu
nsnsuihe
nsnsuieh
nsnsuhie
nsnsuhei
nsnsuehi
nsnsueih
nsnseiuh
nsnseihu
nsnseuih
nsnseuhi
nsnsehui
nsnsehiu
nsnehisu
nsnehius
nsnehsiu
nsnehsui
nsnehusi
nsnehuis
nsneihsu
nsneihus
nsneishu
nsneisuh
nsneiush
nsneiuhs
nsnesihu
nsnesiuh
nsneshiu
nsneshui
nsnesuhi
nsnesuih
nsneuish
nsneuihs
nsneusih
nsneushi
nsneuhsi
nsneuhis
nsunhise
nsunhies
nsunhsie
nsunhsei
nsunhesi
nsunheis
nsunihse
nsunihes
nsunishe
nsuniseh
nsuniesh
nsuniehs
nsunsihe
nsunsieh
nsunshie
nsunshei
nsunsehi
nsunseih
nsuneish
nsuneihs
nsunesih
nsuneshi
nsunehsi
nsunehis
nsuhnise
nsuhnies
nsuhnsie
nsuhnsei
nsuhnesi
nsuhneis
nsuhinse
nsuhines
nsuhisne
nsuhisen
nsuhiesn
nsuhiens
nsuhsine
nsuhsien
nsuhsnie
nsuhsnei
nsuhseni
nsuhsein
nsuheisn
nsuheins
nsuhesin
nsuhesni
nsuhensi
nsuhenis
nsuihnse
nsuihnes
nsuihsne
nsuihsen
nsuihesn
nsuihens
nsuinhse
nsuinhes
nsuinshe
nsuinseh
nsuinesh
nsuinehs
nsuisnhe
nsuisneh
nsuishne
nsuishen
nsuisehn
nsuisenh
nsuiensh
nsuienhs
nsuiesnh
nsuieshn
nsuiehsn
nsuiehns
nsushine
nsushien
nsushnie
nsushnei
nsusheni
nsushein
nsusihne
nsusihen
nsusinhe
nsusineh
nsusienh
nsusiehn
nsusnihe
nsusnieh
nsusnhie
nsusnhei
nsusnehi
nsusneih
nsuseinh
nsuseihn
nsusenih
nsusenhi
nsusehni
nsusehin
nsuehisn
nsuehins
nsuehsin
nsuehsni
nsuehnsi
nsuehnis
nsueihsn
nsueihns
nsueishn
nsueisnh
nsueinsh
nsueinhs
nsuesihn
nsuesinh
nsueshin
nsueshni
nsuesnhi
nsuesnih
nsuenish
nsuenihs
nsuensih
nsuenshi
nsuenhsi
nsuenhis
nshunise
nshunies
nshunsie
nshunsei
nshunesi
nshuneis
nshuinse
nshuines
nshuisne
nshuisen
nshuiesn
nshuiens
nshusine
nshusien
nshusnie
nshusnei
nshuseni
nshusein
nshueisn
nshueins
nshuesin
nshuesni
nshuensi
nshuenis
nshnuise
nshnuies
nshnusie
nshnusei
nshnuesi
nshnueis
nshniuse
nshniues
nshnisue
nshniseu
nshniesu
nshnieus
nshnsiue
nshnsieu
nshnsuie
nshnsuei
nshnseui
nshnseiu
nshneisu
nshneius
nshnesiu
nshnesui
nshneusi
nshneuis
nshinuse
nshinues
nshinsue
nshinseu
nshinesu
nshineus
nshiunse
nshiunes
nshiusne
nshiusen
nshiuesn
nshiuens
nshisune
nshisuen
nshisnue
nshisneu
nshisenu
nshiseun
nshieusn
nshieuns
nshiesun
nshiesnu
nshiensu
nshienus
nshsniue
nshsnieu
nshsnuie
nshsnuei
nshsneui
nshsneiu
nshsinue
nshsineu
nshsiune
nshsiuen
nshsieun
nshsienu
nshsuine
nshsuien
nshsunie
nshsunei
nshsueni
nshsuein
nshseiun
nshseinu
nshseuin
nshseuni
nshsenui
nshseniu
nshenisu
nshenius
nshensiu
nshensui
nshenusi
nshenuis
nsheinsu
nsheinus
nsheisnu
nsheisun
nsheiusn
nsheiuns
nshesinu
nshesiun
nshesniu
nshesnui
nshesuni
nshesuin
nsheuisn
nsheuins
nsheusin
nsheusni
nsheunsi
nsheunis
nsiuhnse
nsiuhnes
nsiuhsne
nsiuhsen
nsiuhesn
nsiuhens
nsiunhse
nsiunhes
nsiunshe
nsiunseh
nsiunesh
nsiunehs
nsiusnhe
nsiusneh
nsiushne
nsiushen
nsiusehn
nsiusenh
nsiuensh
nsiuenhs
nsiuesnh
nsiueshn
nsiuehsn
nsiuehns
nsihunse
nsihunes
nsihusne
nsihusen
nsihuesn
nsihuens
nsihnuse
nsihnues
nsihnsue
nsihnseu
nsihnesu
nsihneus
nsihsnue
nsihsneu
nsihsune
nsihsuen
nsihseun
nsihsenu
nsihensu
nsihenus
nsihesnu
nsihesun
nsiheusn
nsiheuns
nsinhuse
nsinhues
nsinhsue
nsinhseu
nsinhesu
nsinheus
nsinuhse
nsinuhes
nsinushe
nsinuseh
nsinuesh
nsinuehs
nsinsuhe
nsinsueh
nsinshue
nsinsheu
nsinsehu
nsinseuh
nsineush
nsineuhs
nsinesuh
nsineshu
nsinehsu
nsinehus
nsishnue
nsishneu
nsishune
nsishuen
nsisheun
nsishenu
nsisnhue
nsisnheu
nsisnuhe
nsisnueh
nsisneuh
nsisnehu
nsisunhe
nsisuneh
nsisuhne
nsisuhen
nsisuehn
nsisuenh
nsisenuh
nsisenhu
nsiseunh
nsiseuhn
nsisehun
nsisehnu
nsiehnsu
nsiehnus
nsiehsnu
nsiehsun
nsiehusn
nsiehuns
nsienhsu
nsienhus
nsienshu
nsiensuh
nsienush
nsienuhs
nsiesnhu
nsiesnuh
nsieshnu
nsieshun
nsiesuhn
nsiesunh
nsieunsh
nsieunhs
nsieusnh
nsieushn
nsieuhsn
nsieuhns
nssuhine
nssuhien
nssuhnie
nssuhnei
nssuheni
nssuhein
nssuihne
nssuihen
nssuinhe
nssuineh
nssuienh
nssuiehn
nssunihe
nssunieh
nssunhie
nssunhei
nssunehi
nssuneih
nssueinh
nssueihn
nssuenih
nssuenhi
nssuehni
nssuehin
nsshuine
nsshuien
nsshunie
nsshunei
nsshueni
nsshuein
nsshiune
nsshiuen
nsshinue
nsshineu
nsshienu
nsshieun
nsshniue
nsshnieu
nsshnuie
nsshnuei
nsshneui
nsshneiu
nssheinu
nssheiun
nssheniu
nsshenui
nssheuni
nssheuin
nssihune
nssihuen
nssihnue
nssihneu
nssihenu
nssiheun
nssiuhne
nssiuhen
nssiunhe
nssiuneh
nssiuenh
nssiuehn
nssinuhe
nssinueh
nssinhue
nssinheu
nssinehu
nssineuh
nssieunh
nssieuhn
nssienuh
nssienhu
nssiehnu
nssiehun
nssnhiue
nssnhieu
nssnhuie
nssnhuei
nssnheui
nssnheiu
nssnihue
nssniheu
nssniuhe
nssniueh
nssnieuh
nssniehu
nssnuihe
nssnuieh
nssnuhie
nssnuhei
nssnuehi
nssnueih
nssneiuh
nssneihu
nssneuih
nssneuhi
nssnehui
nssnehiu
nssehinu
nssehiun
nssehniu
nssehnui
nssehuni
nssehuin
nsseihnu
nsseihun
nsseinhu
nsseinuh
nsseiunh
nsseiuhn
nssenihu
nsseniuh
nssenhiu
nssenhui
nssenuhi
nssenuih
nsseuinh
nsseuihn
nsseunih
nsseunhi
nsseuhni
nsseuhin
nseuhisn
nseuhins
nseuhsin
nseuhsni
nseuhnsi
nseuhnis
nseuihsn
nseuihns
nseuishn
nseuisnh
nseuinsh
nseuinhs
nseusihn
nseusinh
nseushin
nseushni
nseusnhi
nseusnih
nseunish
nseunihs
nseunsih
nseunshi
nseunhsi
nseunhis
nsehuisn
nsehuins
nsehusin
nsehusni
nsehunsi
nsehunis
nsehiusn
nsehiuns
nsehisun
nsehisnu
nsehinsu
nsehinus
nsehsiun
nsehsinu
nsehsuin
nsehsuni
nsehsnui
nsehsniu
nsehnisu
nsehnius
nsehnsiu
nsehnsui
nsehnusi
nsehnuis
nseihusn
nseihuns
nseihsun
nseihsnu
nseihnsu
nseihnus
nseiuhsn
nseiuhns
nseiushn
nseiusnh
nseiunsh
nseiunhs
nseisuhn
nseisunh
nseishun
nseishnu
nseisnhu
nseisnuh
nseinush
nseinuhs
nseinsuh
nseinshu
nseinhsu
nseinhus
nseshiun
nseshinu
nseshuin
nseshuni
nseshnui
nseshniu
nsesihun
nsesihnu
nsesiuhn
nsesiunh
nsesinuh
nsesinhu
nsesuihn
nsesuinh
nsesuhin
nsesuhni
nsesunhi
nsesunih
nsesniuh
nsesnihu
nsesnuih
nsesnuhi
nsesnhui
nsesnhiu
nsenhisu
nsenhius
nsenhsiu
nsenhsui
nsenhusi
nsenhuis
nsenihsu
nsenihus
nsenishu
nsenisuh
nseniush
nseniuhs
nsensihu
nsensiuh
nsenshiu
nsenshui
nsensuhi
nsensuih
nsenuish
nsenuihs
nsenusih
nsenushi
nsenuhsi
nsenuhis
nhnsuise
nhnsuies
nhnsusie
nhnsusei
nhnsuesi
nhnsueis
nhnsiuse
nhnsiues
nhnsisue
nhnsiseu
nhnsiesu
nhnsieus
nhnssiue
nhnssieu
nhnssuie
nhnssuei
nhnsseui
nhnsseiu
nhnseisu
nhnseius
nhnsesiu
nhnsesui
nhnseusi
nhnseuis
nhnusise
nhnusies
nhnussie
nhnussei
nhnusesi
nhnuseis
nhnuisse
nhnuises
nhnuisse
nhnuises
nhnuiess
nhnuiess
nhnusise
nhnusies
nhnussie
nhnussei
nhnusesi
nhnuseis
nhnueiss
nhnueiss
nhnuesis
nhnuessi
nhnuessi
nhnuesis
nhniusse
nhniuses
nhniusse
nhniuses
nhniuess
nhniuess
nhnisuse
nhnisues
nhnissue
nhnisseu
nhnisesu
nhniseus
nhnissue
nhnisseu
nhnisuse
nhnisues
nhniseus
nhnisesu
nhniessu
nhniesus
nhniessu
nhniesus
nhnieuss
nhnieuss
nhnsuise
nhnsuies
nhnsusie
nhnsusei
nhnsuesi
nhnsueis
nhnsiuse
nhnsiues
nhnsisue
nhnsiseu
nhnsiesu
nhnsieus
nhnssiue
nhnssieu
nhnssuie
nhnssuei
nhnsseui
nhnsseiu
nhnseisu
nhnseius
nhnsesiu
nhnsesui
nhnseusi
nhnseuis
nhneuiss
nhneuiss
nhneusis
nhneussi
nhneussi
nhneusis
nhneiuss
nhneiuss
nhneisus
nhneissu
nhneissu
nhneisus
nhnesius
nhnesisu
nhnesuis
nhnesusi
nhnessui
nhnessiu
nhnesisu
nhnesius
nhnessiu
nhnessui
nhnesusi
nhnesuis
nhsnuise
nhsnuies
nhsnusie
nhsnusei
nhsnuesi
nhsnueis
nhsniuse
nhsniues
nhsnisue
nhsniseu
nhsniesu
nhsnieus
nhsnsiue
nhsnsieu
nhsnsuie
nhsnsuei
nhsnseui
nhsnseiu
nhsneisu
nhsneius
nhsnesiu
nhsnesui
nhsneusi
nhsneuis
nhsunise
nhsunies
nhsunsie
nhsunsei
nhsunesi
nhsuneis
nhsuinse
nhsuines
nhsuisne
nhsuisen
nhsuiesn
nhsuiens
nhsusine
nhsusien
nhsusnie
nhsusnei
nhsuseni
nhsusein
nhsueisn
nhsueins
nhsuesin
nhsuesni
nhsuensi
nhsuenis
nhsiunse
nhsiunes
nhsiusne
nhsiusen
nhsiuesn
nhsiuens
nhsinuse
nhsinues
nhsinsue
nhsinseu
nhsinesu
nhsineus
nhsisnue
nhsisneu
nhsisune
nhsisuen
nhsiseun
nhsisenu
nhsiensu
nhsienus
nhsiesnu
nhsiesun
nhsieusn
nhsieuns
nhssuine
nhssuien
nhssunie
nhssunei
nhssueni
nhssuein
nhssiune
nhssiuen
nhssinue
nhssineu
nhssienu
nhssieun
nhssniue
nhssnieu
nhssnuie
nhssnuei
nhssneui
nhssneiu
nhsseinu
nhsseiun
nhsseniu
nhssenui
nhsseuni
nhsseuin
nhseuisn
nhseuins
nhseusin
nhseusni
nhseunsi
nhseunis
nhseiusn
nhseiuns
nhseisun
nhseisnu
nhseinsu
nhseinus
nhsesiun
nhsesinu
nhsesuin
nhsesuni
nhsesnui
nhsesniu
nhsenisu
nhsenius
nhsensiu
nhsensui
nhsenusi
nhsenuis
nhusnise
nhusnies
nhusnsie
nhusnsei
nhusnesi
nhusneis
nhusinse
nhusines
nhusisne
nhusisen
nhusiesn
nhusiens
nhussine
nhussien
nhussnie
nhussnei
nhusseni
nhussein
nhuseisn
nhuseins
nhusesin
nhusesni
nhusensi
nhusenis
nhunsise
nhunsies
nhunssie
nhunssei
nhunsesi
nhunseis
nhunisse
nhunises
nhunisse
nhunises
nhuniess
nhuniess
nhunsise
nhunsies
nhunssie
nhunssei
nhunsesi
nhunseis
nhuneiss
nhuneiss
nhunesis
nhunessi
nhunessi
nhunesis
nhuinsse
nhuinses
nhuinsse
nhuinses
nhuiness
nhuiness
nhuisnse
nhuisnes
nhuissne
nhuissen
nhuisesn
nhuisens
nhuissne
nhuissen
nhuisnse
nhuisnes
nhuisens
nhuisesn
nhuiessn
nhuiesns
nhuiessn
nhuiesns
nhuienss
nhuienss
nhusnise
nhusnies
nhusnsie
nhusnsei
nhusnesi
nhusneis
nhusinse
nhusines
nhusisne
nhusisen
nhusiesn
nhusiens
nhussine
nhussien
nhussnie
nhussnei
nhusseni
nhussein
nhuseisn
nhuseins
nhusesin
nhusesni
nhusensi
nhusenis
nhueniss
nhueniss
nhuensis
nhuenssi
nhuenssi
nhuensis
nhueinss
nhueinss
nhueisns
nhueissn
nhueissn
nhueisns
nhuesins
nhuesisn
nhuesnis
nhuesnsi
nhuessni
nhuessin
nhuesisn
nhuesins
nhuessin
nhuessni
nhuesnsi
nhuesnis
nhisunse
nhisunes
nhisusne
nhisusen
nhisuesn
nhisuens
nhisnuse
nhisnues
nhisnsue
nhisnseu
nhisnesu
nhisneus
nhissnue
nhissneu
nhissune
nhissuen
nhisseun
nhissenu
nhisensu
nhisenus
nhisesnu
nhisesun
nhiseusn
nhiseuns
nhiusnse
nhiusnes
nhiussne
nhiussen
nhiusesn
nhiusens
nhiunsse
nhiunses
nhiunsse
nhiunses
nhiuness
nhiuness
nhiusnse
nhiusnes
nhiussne
nhiussen
nhiusesn
nhiusens
nhiuenss
nhiuenss
nhiuesns
nhiuessn
nhiuessn
nhiuesns
nhinusse
nhinuses
nhinusse
nhinuses
nhinuess
nhinuess
nhinsuse
nhinsues
nhinssue
nhinsseu
nhinsesu
nhinseus
nhinssue
nhinsseu
nhinsuse
nhinsues
nhinseus
nhinsesu
nhinessu
nhinesus
nhinessu
nhinesus
nhineuss
nhineuss
nhisunse
nhisunes
nhisusne
nhisusen
nhisuesn
nhisuens
nhisnuse
nhisnues
nhisnsue
nhisnseu
nhisnesu
nhisneus
nhissnue
nhissneu
nhissune
nhissuen
nhisseun
nhissenu
nhisensu
nhisenus
nhisesnu
nhisesun
nhiseusn
nhiseuns
nhieunss
nhieunss
nhieusns
nhieussn
nhieussn
nhieusns
nhienuss
nhienuss
nhiensus
nhienssu
nhienssu
nhiensus
nhiesnus
nhiesnsu
nhiesuns
nhiesusn
nhiessun
nhiessnu
nhiesnsu
nhiesnus
nhiessnu
nhiessun
nhiesusn
nhiesuns
nhssuine
nhssuien
nhssunie
nhssunei
nhssueni
nhssuein
nhssiune
nhssiuen
nhssinue
nhssineu
nhssienu
nhssieun
nhssniue
nhssnieu
nhssnuie
nhssnuei
nhssneui
nhssneiu
nhsseinu
nhsseiun
nhsseniu
nhssenui
nhsseuni
nhsseuin
nhsusine
nhsusien
nhsusnie
nhsusnei
nhsuseni
nhsusein
nhsuisne
nhsuisen
nhsuinse
nhsuines
nhsuiens
nhsuiesn
nhsunise
nhsunies
nhsunsie
nhsunsei
nhsunesi
nhsuneis
nhsueins
nhsueisn
nhsuenis
nhsuensi
nhsuesni
nhsuesin
nhsiusne
nhsiusen
nhsiunse
nhsiunes
nhsiuens
nhsiuesn
nhsisune
nhsisuen
nhsisnue
nhsisneu
nhsisenu
nhsiseun
nhsinsue
nhsinseu
nhsinuse
nhsinues
nhsineus
nhsinesu
nhsiesnu
nhsiesun
nhsiensu
nhsienus
nhsieuns
nhsieusn
nhsnuise
nhsnuies
nhsnusie
nhsnusei
nhsnuesi
nhsnueis
nhsniuse
nhsniues
nhsnisue
nhsniseu
nhsniesu
nhsnieus
nhsnsiue
nhsnsieu
nhsnsuie
nhsnsuei
nhsnseui
nhsnseiu
nhsneisu
nhsneius
nhsnesiu
nhsnesui
nhsneusi
nhsneuis
nhseuins
nhseuisn
nhseunis
nhseunsi
nhseusni
nhseusin
nhseiuns
nhseiusn
nhseinus
nhseinsu
nhseisnu
nhseisun
nhsenius
nhsenisu
nhsenuis
nhsenusi
nhsensui
nhsensiu
nhsesinu
nhsesiun
nhsesniu
nhsesnui
nhsesuni
nhsesuin
nhesuisn
nhesuins
nhesusin
nhesusni
nhesunsi
nhesunis
nhesiusn
nhesiuns
nhesisun
nhesisnu
nhesinsu
nhesinus
nhessiun
nhessinu
nhessuin
nhessuni
nhessnui
nhessniu
nhesnisu
nhesnius
nhesnsiu
nhesnsui
nhesnusi
nhesnuis
nheusisn
nheusins
nheussin
nheussni
nheusnsi
nheusnis
nheuissn
nheuisns
nheuissn
nheuisns
nheuinss
nheuinss
nheusisn
nheusins
nheussin
nheussni
nheusnsi
nheusnis
nheuniss
nheuniss
nheunsis
nheunssi
nheunssi
nheunsis
nheiussn
nheiusns
nheiussn
nheiusns
nheiunss
nheiunss
nheisusn
nheisuns
nheissun
nheissnu
nheisnsu
nheisnus
nheissun
nheissnu
nheisusn
nheisuns
nheisnus
nheisnsu
nheinssu
nheinsus
nheinssu
nheinsus
nheinuss
nheinuss
nhesuisn
nhesuins
nhesusin
nhesusni
nhesunsi
nhesunis
nhesiusn
nhesiuns
nhesisun
nhesisnu
nhesinsu
nhesinus
nhessiun
nhessinu
nhessuin
nhessuni
nhessnui
nhessniu
nhesnisu
nhesnius
nhesnsiu
nhesnsui
nhesnusi
nhesnuis
nhenuiss
nhenuiss
nhenusis
nhenussi
nhenussi
nhenusis
nheniuss
nheniuss
nhenisus
nhenissu
nhenissu
nhenisus
nhensius
nhensisu
nhensuis
nhensusi
nhenssui
nhenssiu
nhensisu
nhensius
nhenssiu
nhenssui
nhensusi
nhensuis
ninshuse
ninshues
ninshsue
ninshseu
ninshesu
ninsheus
ninsuhse
ninsuhes
ninsushe
ninsuseh
ninsuesh
ninsuehs
ninssuhe
ninssueh
ninsshue
ninssheu
ninssehu
ninsseuh
ninseush
ninseuhs
ninsesuh
ninseshu
ninsehsu
ninsehus
ninhsuse
ninhsues
ninhssue
ninhsseu
ninhsesu
ninhseus
ninhusse
ninhuses
ninhusse
ninhuses
ninhuess
ninhuess
ninhsuse
ninhsues
ninhssue
ninhsseu
ninhsesu
ninhseus
ninheuss
ninheuss
ninhesus
ninhessu
ninhessu
ninhesus
ninuhsse
ninuhses
ninuhsse
ninuhses
ninuhess
ninuhess
ninushse
ninushes
ninusshe
ninusseh
ninusesh
ninusehs
ninusshe
ninusseh
ninushse
ninushes
ninusehs
ninusesh
ninuessh
ninueshs
ninuessh
ninueshs
ninuehss
ninuehss
ninshuse
ninshues
ninshsue
ninshseu
ninshesu
ninsheus
ninsuhse
ninsuhes
ninsushe
ninsuseh
ninsuesh
ninsuehs
ninssuhe
ninssueh
ninsshue
ninssheu
ninssehu
ninsseuh
ninseush
ninseuhs
ninsesuh
ninseshu
ninsehsu
ninsehus
ninehuss
ninehuss
ninehsus
ninehssu
ninehssu
ninehsus
nineuhss
nineuhss
nineushs
nineussh
nineussh
nineushs
ninesuhs
ninesush
nineshus
nineshsu
ninesshu
ninessuh
ninesush
ninesuhs
ninessuh
ninesshu
nineshsu
nineshus
nisnhuse
nisnhues
nisnhsue
nisnhseu
nisnhesu
nisnheus
nisnuhse
nisnuhes
nisnushe
nisnuseh
nisnuesh
nisnuehs
nisnsuhe
nisnsueh
nisnshue
nisnsheu
nisnsehu
nisnseuh
nisneush
nisneuhs
nisnesuh
nisneshu
nisnehsu
nisnehus
nishnuse
nishnues
nishnsue
nishnseu
nishnesu
nishneus
nishunse
nishunes
nishusne
nishusen
nishuesn
nishuens
nishsune
nishsuen
nishsnue
nishsneu
nishsenu
nishseun
nisheusn
nisheuns
nishesun
nishesnu
nishensu
nishenus
nisuhnse
nisuhnes
nisuhsne
nisuhsen
nisuhesn
nisuhens
nisunhse
nisunhes
nisunshe
nisunseh
nisunesh
nisunehs
nisusnhe
nisusneh
nisushne
nisushen
nisusehn
nisusenh
nisuensh
nisuenhs
nisuesnh
nisueshn
nisuehsn
nisuehns
nisshune
nisshuen
nisshnue
nisshneu
nisshenu
nissheun
nissuhne
nissuhen
nissunhe
nissuneh
nissuenh
nissuehn
nissnuhe
nissnueh
nissnhue
nissnheu
nissnehu
nissneuh
nisseunh
nisseuhn
nissenuh
nissenhu
nissehnu
nissehun
nisehusn
nisehuns
nisehsun
nisehsnu
nisehnsu
nisehnus
niseuhsn
niseuhns
niseushn
niseusnh
niseunsh
niseunhs
nisesuhn
nisesunh
niseshun
niseshnu
nisesnhu
nisesnuh
nisenush
nisenuhs
nisensuh
nisenshu
nisenhsu
nisenhus
nihsnuse
nihsnues
nihsnsue
nihsnseu
nihsnesu
nihsneus
nihsunse
nihsunes
nihsusne
nihsusen
nihsuesn
nihsuens
nihssune
nihssuen
nihssnue
nihssneu
nihssenu
nihsseun
nihseusn
nihseuns
nihsesun
nihsesnu
nihsensu
nihsenus
nihnsuse
nihnsues
nihnssue
nihnsseu
nihnsesu
nihnseus
nihnusse
nihnuses
nihnusse
nihnuses
nihnuess
nihnuess
nihnsuse
nihnsues
nihnssue
nihnsseu
nihnsesu
nihnseus
nihneuss
nihneuss
nihnesus
nihnessu
nihnessu
nihnesus
nihunsse
nihunses
nihunsse
nihunses
nihuness
nihuness
nihusnse
nihusnes
nihussne
nihussen
nihusesn
nihusens
nihussne
nihussen
nihusnse
nihusnes
nihusens
nihusesn
nihuessn
nihuesns
nihuessn
nihuesns
nihuenss
nihuenss
nihsnuse
nihsnues
nihsnsue
nihsnseu
nihsnesu
nihsneus
nihsunse
nihsunes
nihsusne
nihsusen
nihsuesn
nihsuens
nihssune
nihssuen
nihssnue
nihssneu
nihssenu
nihsseun
nihseusn
nihseuns
nihsesun
nihsesnu
nihsensu
nihsenus
nihenuss
nihenuss
nihensus
nihenssu
nihenssu
nihensus
niheunss
niheunss
niheusns
niheussn
niheussn
niheusns
nihesuns
nihesusn
nihesnus
nihesnsu
nihessnu
nihessun
nihesusn
nihesuns
nihessun
nihessnu
nihesnsu
nihesnus
niushnse
niushnes
niushsne
niushsen
niushesn
niushens
niusnhse
niusnhes
niusnshe
niusnseh
niusnesh
niusnehs
niussnhe
niussneh
niusshne
niusshen
niussehn
niussenh
niusensh
niusenhs
niusesnh
niuseshn
niusehsn
niusehns
niuhsnse
niuhsnes
niuhssne
niuhssen
niuhsesn
niuhsens
niuhnsse
niuhnses
niuhnsse
niuhnses
niuhness
niuhness
niuhsnse
niuhsnes
niuhssne
niuhssen
niuhsesn
niuhsens
niuhenss
niuhenss
niuhesns
niuhessn
niuhessn
niuhesns
niunhsse
niunhses
niunhsse
niunhses
niunhess
niunhess
niunshse
niunshes
niunsshe
niunsseh
niunsesh
niunsehs
niunsshe
niunsseh
niunshse
niunshes
niunsehs
niunsesh
niunessh
niuneshs
niunessh
niuneshs
niunehss
niunehss
niushnse
niushnes
niushsne
niushsen
niushesn
niushens
niusnhse
niusnhes
niusnshe
niusnseh
niusnesh
niusnehs
niussnhe
niussneh
niusshne
niusshen
niussehn
niussenh
niusensh
niusenhs
niusesnh
niuseshn
niusehsn
niusehns
niuehnss
niuehnss
niuehsns
niuehssn
niuehssn
niuehsns
niuenhss
niuenhss
niuenshs
niuenssh
niuenssh
niuenshs
niuesnhs
niuesnsh
niueshns
niueshsn
niuesshn
niuessnh
niuesnsh
niuesnhs
niuessnh
niuesshn
niueshsn
niueshns
nisshune
nisshuen
nisshnue
nisshneu
nisshenu
nissheun
nissuhne
nissuhen
nissunhe
nissuneh
nissuenh
nissuehn
nissnuhe
nissnueh
nissnhue
nissnheu
nissnehu
nissneuh
nisseunh
nisseuhn
nissenuh
nissenhu
nissehnu
nissehun
nishsune
nishsuen
nishsnue
nishsneu
nishsenu
nishseun
nishusne
nishusen
nishunse
nishunes
nishuens
nishuesn
nishnuse
nishnues
nishnsue
nishnseu
nishnesu
nishneus
nisheuns
nisheusn
nishenus
nishensu
nishesnu
nishesun
nisuhsne
nisuhsen
nisuhnse
nisuhnes
nisuhens
nisuhesn
nisushne
nisushen
nisusnhe
nisusneh
nisusenh
nisusehn
nisunshe
nisunseh
nisunhse
nisunhes
nisunehs
nisunesh
nisuesnh
nisueshn
nisuensh
nisuenhs
nisuehns
nisuehsn
nisnhuse
nisnhues
nisnhsue
nisnhseu
nisnhesu
nisnheus
nisnuhse
nisnuhes
nisnushe
nisnuseh
nisnuesh
nisnuehs
nisnsuhe
nisnsueh
nisnshue
nisnsheu
nisnsehu
nisnseuh
nisneush
nisneuhs
nisnesuh
nisneshu
nisnehsu
nisnehus
nisehuns
nisehusn
nisehnus
nisehnsu
nisehsnu
nisehsun
niseuhns
niseuhsn
niseunhs
niseunsh
niseusnh
niseushn
nisenuhs
nisenush
nisenhus
nisenhsu
nisenshu
nisensuh
nisesunh
nisesuhn
nisesnuh
nisesnhu
niseshnu
niseshun
nieshusn
nieshuns
nieshsun
nieshsnu
nieshnsu
nieshnus
niesuhsn
niesuhns
niesushn
niesusnh
niesunsh
niesunhs
niessuhn
niessunh
niesshun
niesshnu
niessnhu
niessnuh
niesnush
niesnuhs
niesnsuh
niesnshu
niesnhsu
niesnhus
niehsusn
niehsuns
niehssun
niehssnu
niehsnsu
niehsnus
niehussn
niehusns
niehussn
niehusns
niehunss
niehunss
niehsusn
niehsuns
niehssun
niehssnu
niehsnsu
niehsnus
niehnuss
niehnuss
niehnsus
niehnssu
niehnssu
niehnsus
nieuhssn
nieuhsns
nieuhssn
nieuhsns
nieuhnss
nieuhnss
nieushsn
nieushns
nieusshn
nieussnh
nieusnsh
nieusnhs
nieusshn
nieussnh
nieushsn
nieushns
nieusnhs
nieusnsh
nieunssh
nieunshs
nieunssh
nieunshs
nieunhss
nieunhss
nieshusn
nieshuns
nieshsun
nieshsnu
nieshnsu
nieshnus
niesuhsn
niesuhns
niesushn
niesusnh
niesunsh
niesunhs
niessuhn
niessunh
niesshun
niesshnu
niessnhu
niessnuh
niesnush
niesnuhs
niesnsuh
niesnshu
niesnhsu
niesnhus
nienhuss
nienhuss
nienhsus
nienhssu
nienhssu
nienhsus
nienuhss
nienuhss
nienushs
nienussh
nienussh
nienushs
niensuhs
niensush
nienshus
nienshsu
niensshu
nienssuh
niensush
niensuhs
nienssuh
niensshu
nienshsu
nienshus
nsnshiue
nsnshieu
nsnshuie
nsnshuei
nsnsheui
nsnsheiu
nsnsihue
nsnsiheu
nsnsiuhe
nsnsiueh
nsnsieuh
nsnsiehu
nsnsuihe
nsnsuieh
nsnsuhie
nsnsuhei
nsnsuehi
nsnsueih
nsnseiuh
nsnseihu
nsnseuih
nsnseuhi
nsnsehui
nsnsehiu
nsnhsiue
nsnhsieu
nsnhsuie
nsnhsuei
nsnhseui
nsnhseiu
nsnhisue
nsnhiseu
nsnhiuse
nsnhiues
nsnhieus
nsnhiesu
nsnhuise
nsnhuies
nsnhusie
nsnhusei
nsnhuesi
nsnhueis
nsnheius
nsnheisu
nsnheuis
nsnheusi
nsnhesui
nsnhesiu
nsnihsue
nsnihseu
nsnihuse
nsnihues
nsniheus
nsnihesu
nsnishue
nsnisheu
nsnisuhe
nsnisueh
nsniseuh
nsnisehu
nsniushe
nsniuseh
nsniuhse
nsniuhes
nsniuehs
nsniuesh
nsniesuh
nsnieshu
nsnieush
nsnieuhs
nsniehus
nsniehsu
nsnuhise
nsnuhies
nsnuhsie
nsnuhsei
nsnuhesi
nsnuheis
nsnuihse
nsnuihes
nsnuishe
nsnuiseh
nsnuiesh
nsnuiehs
nsnusihe
nsnusieh
nsnushie
nsnushei
nsnusehi
nsnuseih
nsnueish
nsnueihs
nsnuesih
nsnueshi
nsnuehsi
nsnuehis
nsnehius
nsnehisu
nsnehuis
nsnehusi
nsnehsui
nsnehsiu
nsneihus
nsneihsu
nsneiuhs
nsneiush
nsneisuh
nsneishu
nsneuihs
nsneuish
nsneuhis
nsneuhsi
nsneushi
nsneusih
nsnesiuh
nsnesihu
nsnesuih
nsnesuhi
nsneshui
nsneshiu
nssnhiue
nssnhieu
nssnhuie
nssnhuei
nssnheui
nssnheiu
nssnihue
nssniheu
nssniuhe
nssniueh
nssnieuh
nssniehu
nssnuihe
nssnuieh
nssnuhie
nssnuhei
nssnuehi
nssnueih
nssneiuh
nssneihu
nssneuih
nssneuhi
nssnehui
nssnehiu
nsshniue
nsshnieu
nsshnuie
nsshnuei
nsshneui
nsshneiu
nsshinue
nsshineu
nsshiune
nsshiuen
nsshieun
nsshienu
nsshuine
nsshuien
nsshunie
nsshunei
nsshueni
nsshuein
nssheiun
nssheinu
nssheuin
nssheuni
nsshenui
nssheniu
nssihnue
nssihneu
nssihune
nssihuen
nssiheun
nssihenu
nssinhue
nssinheu
nssinuhe
nssinueh
nssineuh
nssinehu
nssiunhe
nssiuneh
nssiuhne
nssiuhen
nssiuehn
nssiuenh
nssienuh
nssienhu
nssieunh
nssieuhn
nssiehun
nssiehnu
nssuhine
nssuhien
nssuhnie
nssuhnei
nssuheni
nssuhein
nssuihne
nssuihen
nssuinhe
nssuineh
nssuienh
nssuiehn
nssunihe
nssunieh
nssunhie
nssunhei
nssunehi
nssuneih
nssueinh
nssueihn
nssuenih
nssuenhi
nssuehni
nssuehin
nssehiun
nssehinu
nssehuin
nssehuni
nssehnui
nssehniu
nsseihun
nsseihnu
nsseiuhn
nsseiunh
nsseinuh
nsseinhu
nsseuihn
nsseuinh
nsseuhin
nsseuhni
nsseunhi
nsseunih
nsseniuh
nssenihu
nssenuih
nssenuhi
nssenhui
nssenhiu
nshsniue
nshsnieu
nshsnuie
nshsnuei
nshsneui
nshsneiu
nshsinue
nshsineu
nshsiune
nshsiuen
nshsieun
nshsienu
nshsuine
nshsuien
nshsunie
nshsunei
nshsueni
nshsuein
nshseiun
nshseinu
nshseuin
nshseuni
nshsenui
nshseniu
nshnsiue
nshnsieu
nshnsuie
nshnsuei
nshnseui
nshnseiu
nshnisue
nshniseu
nshniuse
nshniues
nshnieus
nshniesu
nshnuise
nshnuies
nshnusie
nshnusei
nshnuesi
nshnueis
nshneius
nshneisu
nshneuis
nshneusi
nshnesui
nshnesiu
nshinsue
nshinseu
nshinuse
nshinues
nshineus
nshinesu
nshisnue
nshisneu
nshisune
nshisuen
nshiseun
nshisenu
nshiusne
nshiusen
nshiunse
nshiunes
nshiuens
nshiuesn
nshiesun
nshiesnu
nshieusn
nshieuns
nshienus
nshiensu
nshunise
nshunies
nshunsie
nshunsei
nshunesi
nshuneis
nshuinse
nshuines
nshuisne
nshuisen
nshuiesn
nshuiens
nshusine
nshusien
nshusnie
nshusnei
nshuseni
nshusein
nshueisn
nshueins
nshuesin
nshuesni
nshuensi
nshuenis
nshenius
nshenisu
nshenuis
nshenusi
nshensui
nshensiu
nsheinus
nsheinsu
nsheiuns
nsheiusn
nsheisun
nsheisnu
nsheuins
nsheuisn
nsheunis
nsheunsi
nsheusni
nsheusin
nshesiun
nshesinu
nshesuin
nshesuni
nshesnui
nshesniu
nsishnue
nsishneu
nsishune
nsishuen
nsisheun
nsishenu
nsisnhue
nsisnheu
nsisnuhe
nsisnueh
nsisneuh
nsisnehu
nsisunhe
nsisuneh
nsisuhne
nsisuhen
nsisuehn
nsisuenh
nsisenuh
nsisenhu
nsiseunh
nsiseuhn
nsisehun
nsisehnu
nsihsnue
nsihsneu
nsihsune
nsihsuen
nsihseun
nsihsenu
nsihnsue
nsihnseu
nsihnuse
nsihnues
nsihneus
nsihnesu
nsihunse
nsihunes
nsihusne
nsihusen
nsihuesn
nsihuens
nsihenus
nsihensu
nsiheuns
nsiheusn
nsihesun
nsihesnu
nsinhsue
nsinhseu
nsinhuse
nsinhues
nsinheus
nsinhesu
nsinshue
nsinsheu
nsinsuhe
nsinsueh
nsinseuh
nsinsehu
nsinushe
nsinuseh
nsinuhse
nsinuhes
nsinuehs
nsinuesh
nsinesuh
nsineshu
nsineush
nsineuhs
nsinehus
nsinehsu
nsiuhnse
nsiuhnes
nsiuhsne
nsiuhsen
nsiuhesn
nsiuhens
nsiunhse
nsiunhes
nsiunshe
nsiunseh
nsiunesh
nsiunehs
nsiusnhe
nsiusneh
nsiushne
nsiushen
nsiusehn
nsiusenh
nsiuensh
nsiuenhs
nsiuesnh
nsiueshn
nsiuehsn
nsiuehns
nsiehnus
nsiehnsu
nsiehuns
nsiehusn
nsiehsun
nsiehsnu
nsienhus
nsienhsu
nsienuhs
nsienush
nsiensuh
nsienshu
nsieunhs
nsieunsh
nsieuhns
nsieuhsn
nsieushn
nsieusnh
nsiesnuh
nsiesnhu
nsiesunh
nsiesuhn
nsieshun
nsieshnu
nsushine
nsushien
nsushnie
nsushnei
nsusheni
nsushein
nsusihne
nsusihen
nsusinhe
nsusineh
nsusienh
nsusiehn
nsusnihe
nsusnieh
nsusnhie
nsusnhei
nsusnehi
nsusneih
nsuseinh
nsuseihn
nsusenih
nsusenhi
nsusehni
nsusehin
nsuhsine
nsuhsien
nsuhsnie
nsuhsnei
nsuhseni
nsuhsein
nsuhisne
nsuhisen
nsuhinse
nsuhines
nsuhiens
nsuhiesn
nsuhnise
nsuhnies
nsuhnsie
nsuhnsei
nsuhnesi
nsuhneis
nsuheins
nsuheisn
nsuhenis
nsuhensi
nsuhesni
nsuhesin
nsuihsne
nsuihsen
nsuihnse
nsuihnes
nsuihens
nsuihesn
nsuishne
nsuishen
nsuisnhe
nsuisneh
nsuisenh
nsuisehn
nsuinshe
nsuinseh
nsuinhse
nsuinhes
nsuinehs
nsuinesh
nsuiesnh
nsuieshn
nsuiensh
nsuienhs
nsuiehns
nsuiehsn
nsunhise
nsunhies
nsunhsie
nsunhsei
nsunhesi
nsunheis
nsunihse
nsunihes
nsunishe
nsuniseh
nsuniesh
nsuniehs
nsunsihe
nsunsieh
nsunshie
nsunshei
nsunsehi
nsunseih
nsuneish
nsuneihs
nsunesih
nsuneshi
nsunehsi
nsunehis
nsuehins
nsuehisn
nsuehnis
nsuehnsi
nsuehsni
nsuehsin
nsueihns
nsueihsn
nsueinhs
nsueinsh
nsueisnh
nsueishn
nsuenihs
nsuenish
nsuenhis
nsuenhsi
nsuenshi
nsuensih
nsuesinh
nsuesihn
nsuesnih
nsuesnhi
nsueshni
nsueshin
nseshiun
nseshinu
nseshuin
nseshuni
nseshnui
nseshniu
nsesihun
nsesihnu
nsesiuhn
nsesiunh
nsesinuh
nsesinhu
nsesuihn
nsesuinh
nsesuhin
nsesuhni
nsesunhi
nsesunih
nsesniuh
nsesnihu
nsesnuih
nsesnuhi
nsesnhui
nsesnhiu
nsehsiun
nsehsinu
nsehsuin
nsehsuni
nsehsnui
nsehsniu
nsehisun
nsehisnu
nsehiusn
nsehiuns
nsehinus
nsehinsu
nsehuisn
nsehuins
nsehusin
nsehusni
nsehunsi
nsehunis
nsehnius
nsehnisu
nsehnuis
nsehnusi
nsehnsui
nsehnsiu
nseihsun
nseihsnu
nseihusn
nseihuns
nseihnus
nseihnsu
nseishun
nseishnu
nseisuhn
nseisunh
nseisnuh
nseisnhu
nseiushn
nseiusnh
nseiuhsn
nseiuhns
nseiunhs
nseiunsh
nseinsuh
nseinshu
nseinush
nseinuhs
nseinhus
nseinhsu
nseuhisn
nseuhins
nseuhsin
nseuhsni
nseuhnsi
nseuhnis
nseuihsn
nseuihns
nseuishn
nseuisnh
nseuinsh
nseuinhs
nseusihn
nseusinh
nseushin
nseushni
nseusnhi
nseusnih
nseunish
nseunihs
nseunsih
nseunshi
nseunhsi
nseunhis
nsenhius
nsenhisu
nsenhuis
nsenhusi
nsenhsui
nsenhsiu
nsenihus
nsenihsu
nseniuhs
nseniush
nsenisuh
nsenishu
nsenuihs
nsenuish
nsenuhis
nsenuhsi
nsenushi
nsenusih
nsensiuh
nsensihu
nsensuih
nsensuhi
nsenshui
nsenshiu
nenshisu
nenshius
nenshsiu
nenshsui
nenshusi
nenshuis
nensihsu
nensihus
nensishu
nensisuh
nensiush
nensiuhs
nenssihu
nenssiuh
nensshiu
nensshui
nenssuhi
nenssuih
nensuish
nensuihs
nensusih
nensushi
nensuhsi
nensuhis
nenhsisu
nenhsius
nenhssiu
nenhssui
nenhsusi
nenhsuis
nenhissu
nenhisus
nenhissu
nenhisus
nenhiuss
nenhiuss
nenhsisu
nenhsius
nenhssiu
nenhssui
nenhsusi
nenhsuis
nenhuiss
nenhuiss
nenhusis
nenhussi
nenhussi
nenhusis
nenihssu
nenihsus
nenihssu
nenihsus
nenihuss
nenihuss
nenishsu
nenishus
nenisshu
nenissuh
nenisush
nenisuhs
nenisshu
nenissuh
nenishsu
nenishus
nenisuhs
nenisush
neniussh
neniushs
neniussh
neniushs
neniuhss
neniuhss
nenshisu
nenshius
nenshsiu
nenshsui
nenshusi
nenshuis
nensihsu
nensihus
nensishu
nensisuh
nensiush
nensiuhs
nenssihu
nenssiuh
nensshiu
nensshui
nenssuhi
nenssuih
nensuish
nensuihs
nensusih
nensushi
nensuhsi
nensuhis
nenuhiss
nenuhiss
nenuhsis
nenuhssi
nenuhssi
nenuhsis
nenuihss
nenuihss
nenuishs
nenuissh
nenuissh
nenuishs
nenusihs
nenusish
nenushis
nenushsi
nenusshi
nenussih
nenusish
nenusihs
nenussih
nenusshi
nenushsi
nenushis
nesnhisu
nesnhius
nesnhsiu
nesnhsui
nesnhusi
nesnhuis
nesnihsu
nesnihus
nesnishu
nesnisuh
nesniush
nesniuhs
nesnsihu
nesnsiuh
nesnshiu
nesnshui
nesnsuhi
nesnsuih
nesnuish
nesnuihs
nesnusih
nesnushi
nesnuhsi
nesnuhis
neshnisu
neshnius
neshnsiu
neshnsui
neshnusi
neshnuis
neshinsu
neshinus
neshisnu
neshisun
neshiusn
neshiuns
neshsinu
neshsiun
neshsniu
neshsnui
neshsuni
neshsuin
neshuisn
neshuins
neshusin
neshusni
neshunsi
neshunis
nesihnsu
nesihnus
nesihsnu
nesihsun
nesihusn
nesihuns
nesinhsu
nesinhus
nesinshu
nesinsuh
nesinush
nesinuhs
nesisnhu
nesisnuh
nesishnu
nesishun
nesisuhn
nesisunh
nesiunsh
nesiunhs
nesiusnh
nesiushn
nesiuhsn
nesiuhns
nesshinu
nesshiun
nesshniu
nesshnui
nesshuni
nesshuin
nessihnu
nessihun
nessinhu
nessinuh
nessiunh
nessiuhn
nessnihu
nessniuh
nessnhiu
nessnhui
nessnuhi
nessnuih
nessuinh
nessuihn
nessunih
nessunhi
nessuhni
nessuhin
nesuhisn
nesuhins
nesuhsin
nesuhsni
nesuhnsi
nesuhnis
nesuihsn
nesuihns
nesuishn
nesuisnh
nesuinsh
nesuinhs
nesusihn
nesusinh
nesushin
nesushni
nesusnhi
nesusnih
nesunish
nesunihs
nesunsih
nesunshi
nesunhsi
nesunhis
nehsnisu
nehsnius
nehsnsiu
nehsnsui
nehsnusi
nehsnuis
nehsinsu
nehsinus
nehsisnu
nehsisun
nehsiusn
nehsiuns
nehssinu
nehssiun
nehssniu
nehssnui
nehssuni
nehssuin
nehsuisn
nehsuins
nehsusin
nehsusni
nehsunsi
nehsunis
nehnsisu
nehnsius
nehnssiu
nehnssui
nehnsusi
nehnsuis
nehnissu
nehnisus
nehnissu
nehnisus
nehniuss
nehniuss
nehnsisu
nehnsius
nehnssiu
nehnssui
nehnsusi
nehnsuis
nehnuiss
nehnuiss
nehnusis
nehnussi
nehnussi
nehnusis
nehinssu
nehinsus
nehinssu
nehinsus
nehinuss
nehinuss
nehisnsu
nehisnus
nehissnu
nehissun
nehisusn
nehisuns
nehissnu
nehissun
nehisnsu
nehisnus
nehisuns
nehisusn
nehiussn
nehiusns
nehiussn
nehiusns
nehiunss
nehiunss
nehsnisu
nehsnius
nehsnsiu
nehsnsui
nehsnusi
nehsnuis
nehsinsu
nehsinus
nehsisnu
nehsisun
nehsiusn
nehsiuns
nehssinu
nehssiun
nehssniu
nehssnui
nehssuni
nehssuin
nehsuisn
nehsuins
nehsusin
nehsusni
nehsunsi
nehsunis
nehuniss
nehuniss
nehunsis
nehunssi
nehunssi
nehunsis
nehuinss
nehuinss
nehuisns
nehuissn
nehuissn
nehuisns
nehusins
nehusisn
nehusnis
nehusnsi
nehussni
nehussin
nehusisn
nehusins
nehussin
nehussni
nehusnsi
nehusnis
neishnsu
neishnus
neishsnu
neishsun
neishusn
neishuns
neisnhsu
neisnhus
neisnshu
neisnsuh
neisnush
neisnuhs
neissnhu
neissnuh
neisshnu
neisshun
neissuhn
neissunh
neisunsh
neisunhs
neisusnh
neisushn
neisuhsn
neisuhns
neihsnsu
neihsnus
neihssnu
neihssun
neihsusn
neihsuns
neihnssu
neihnsus
neihnssu
neihnsus
neihnuss
neihnuss
neihsnsu
neihsnus
neihssnu
neihssun
neihsusn
neihsuns
neihunss
neihunss
neihusns
neihussn
neihussn
neihusns
neinhssu
neinhsus
neinhssu
neinhsus
neinhuss
neinhuss
neinshsu
neinshus
neinsshu
neinssuh
neinsush
neinsuhs
neinsshu
neinssuh
neinshsu
neinshus
neinsuhs
neinsush
neinussh
neinushs
neinussh
neinushs
neinuhss
neinuhss
neishnsu
neishnus
neishsnu
neishsun
neishusn
neishuns
neisnhsu
neisnhus
neisnshu
neisnsuh
neisnush
neisnuhs
neissnhu
neissnuh
neisshnu
neisshun
neissuhn
neissunh
neisunsh
neisunhs
neisusnh
neisushn
neisuhsn
neisuhns
neiuhnss
neiuhnss
neiuhsns
neiuhssn
neiuhssn
neiuhsns
neiunhss
neiunhss
neiunshs
neiunssh
neiunssh
neiunshs
neiusnhs
neiusnsh
neiushns
neiushsn
neiusshn
neiussnh
neiusnsh
neiusnhs
neiussnh
neiusshn
neiushsn
neiushns
nesshinu
nesshiun
nesshniu
nesshnui
nesshuni
nesshuin
nessihnu
nessihun
nessinhu
nessinuh
nessiunh
nessiuhn
nessnihu
nessniuh
nessnhiu
nessnhui
nessnuhi
nessnuih
nessuinh
nessuihn
nessunih
nessunhi
nessuhni
nessuhin
neshsinu
neshsiun
neshsniu
neshsnui
neshsuni
neshsuin
neshisnu
neshisun
neshinsu
neshinus
neshiuns
neshiusn
neshnisu
neshnius
neshnsiu
neshnsui
neshnusi
neshnuis
neshuins
neshuisn
neshunis
neshunsi
neshusni
neshusin
nesihsnu
nesihsun
nesihnsu
nesihnus
nesihuns
nesihusn
nesishnu
nesishun
nesisnhu
nesisnuh
nesisunh
nesisuhn
nesinshu
nesinsuh
nesinhsu
nesinhus
nesinuhs
nesinush
nesiusnh
nesiushn
nesiunsh
nesiunhs
nesiuhns
nesiuhsn
nesnhisu
nesnhius
nesnhsiu
nesnhsui
nesnhusi
nesnhuis
nesnihsu
nesnihus
nesnishu
nesnisuh
nesniush
nesniuhs
nesnsihu
nesnsiuh
nesnshiu
nesnshui
nesnsuhi
nesnsuih
nesnuish
nesnuihs
nesnusih
nesnushi
nesnuhsi
nesnuhis
nesuhins
nesuhisn
nesuhnis
nesuhnsi
nesuhsni
nesuhsin
nesuihns
nesuihsn
nesuinhs
nesuinsh
nesuisnh
nesuishn
nesunihs
nesunish
nesunhis
nesunhsi
nesunshi
nesunsih
nesusinh
nesusihn
nesusnih
nesusnhi
nesushni
nesushin
neushisn
neushins
neushsin
neushsni
neushnsi
neushnis
neusihsn
neusihns
neusishn
neusisnh
neusinsh
neusinhs
neussihn
neussinh
neusshin
neusshni
neussnhi
neussnih
neusnish
neusnihs
neusnsih
neusnshi
neusnhsi
neusnhis
neuhsisn
neuhsins
neuhssin
neuhssni
neuhsnsi
neuhsnis
neuhissn
neuhisns
neuhissn
neuhisns
neuhinss
neuhinss
neuhsisn
neuhsins
neuhssin
neuhssni
neuhsnsi
neuhsnis
neuhniss
neuhniss
neuhnsis
neuhnssi
neuhnssi
neuhnsis
neuihssn
neuihsns
neuihssn
neuihsns
neuihnss
neuihnss
neuishsn
neuishns
neuisshn
neuissnh
neuisnsh
neuisnhs
neuisshn
neuissnh
neuishsn
neuishns
neuisnhs
neuisnsh
neuinssh
neuinshs
neuinssh
neuinshs
neuinhss
neuinhss
neushisn
neushins
neushsin
neushsni
neushnsi
neushnis
neusihsn
neusihns
neusishn
neusisnh
neusinsh
neusinhs
neussihn
neussinh
neusshin
neusshni
neussnhi
neussnih
neusnish
neusnihs
neusnsih
neusnshi
neusnhsi
neusnhis
neunhiss
neunhiss
neunhsis
neunhssi
neunhssi
neunhsis
neunihss
neunihss
neunishs
neunissh
neunissh
neunishs
neunsihs
neunsish
neunshis
neunshsi
neunsshi
neunssih
neunsish
neunsihs
neunssih
neunsshi
neunshsi
neunshis
eunshins
eunshisn
eunshnis
eunshnsi
eunshsni
eunshsin
eunsihns
eunsihsn
eunsinhs
eunsinsh
eunsisnh
eunsishn
eunsnihs
eunsnish
eunsnhis
eunsnhsi
eunsnshi
eunsnsih
eunssinh
eunssihn
eunssnih
eunssnhi
eunsshni
eunsshin
eunhsins
eunhsisn
eunhsnis
eunhsnsi
eunhssni
eunhssin
eunhisns
eunhissn
eunhinss
eunhinss
eunhisns
eunhissn
eunhniss
eunhniss
eunhnsis
eunhnssi
eunhnssi
eunhnsis
eunhsins
eunhsisn
eunhsnis
eunhsnsi
eunhssni
eunhssin
eunihsns
eunihssn
eunihnss
eunihnss
eunihsns
eunihssn
eunishns
eunishsn
eunisnhs
eunisnsh
eunissnh
eunisshn
euninshs
euninssh
euninhss
euninhss
euninshs
euninssh
eunissnh
eunisshn
eunisnsh
eunisnhs
eunishns
eunishsn
eunnhiss
eunnhiss
eunnhsis
eunnhssi
eunnhssi
eunnhsis
eunnihss
eunnihss
eunnishs
eunnissh
eunnissh
eunnishs
eunnsihs
eunnsish
eunnshis
eunnshsi
eunnsshi
eunnssih
eunnsish
eunnsihs
eunnssih
eunnsshi
eunnshsi
eunnshis
eunshins
eunshisn
eunshnis
eunshnsi
eunshsni
eunshsin
eunsihns
eunsihsn
eunsinhs
eunsinsh
eunsisnh
eunsishn
eunsnihs
eunsnish
eunsnhis
eunsnhsi
eunsnshi
eunsnsih
eunssinh
eunssihn
eunssnih
eunssnhi
eunsshni
eunsshin
eusnhins
eusnhisn
eusnhnis
eusnhnsi
eusnhsni
eusnhsin
eusnihns
eusnihsn
eusninhs
eusninsh
eusnisnh
eusnishn
eusnnihs
eusnnish
eusnnhis
eusnnhsi
eusnnshi
eusnnsih
eusnsinh
eusnsihn
eusnsnih
eusnsnhi
eusnshni
eusnshin
eushnins
eushnisn
eushnnis
eushnnsi
eushnsni
eushnsin
eushinns
eushinsn
eushinns
eushinsn
eushisnn
eushisnn
eushnins
eushnisn
eushnnis
eushnnsi
eushnsni
eushnsin
eushsinn
eushsinn
eushsnin
eushsnni
eushsnni
eushsnin
eusihnns
eusihnsn
eusihnns
eusihnsn
eusihsnn
eusihsnn
eusinhns
eusinhsn
eusinnhs
eusinnsh
eusinsnh
eusinshn
eusinnhs
eusinnsh
eusinhns
eusinhsn
eusinshn
eusinsnh
eusisnnh
eusisnhn
eusisnnh
eusisnhn
eusishnn
eusishnn
eusnhins
eusnhisn
eusnhnis
eusnhnsi
eusnhsni
eusnhsin
eusnihns
eusnihsn
eusninhs
eusninsh
eusnisnh
eusnishn
eusnnihs
eusnnish
eusnnhis
eusnnhsi
eusnnshi
eusnnsih
eusnsinh
eusnsihn
eusnsnih
eusnsnhi
eusnshni
eusnshin
eusshinn
eusshinn
eusshnin
eusshnni
eusshnni
eusshnin
eussihnn
eussihnn
eussinhn
eussinnh
eussinnh
eussinhn
eussnihn
eussninh
eussnhin
eussnhni
eussnnhi
eussnnih
eussninh
eussnihn
eussnnih
eussnnhi
eussnhni
eussnhin
euhsnins
euhsnisn
euhsnnis
euhsnnsi
euhsnsni
euhsnsin
euhsinns
euhsinsn
euhsinns
euhsinsn
euhsisnn
euhsisnn
euhsnins
euhsnisn
euhsnnis
euhsnnsi
euhsnsni
euhsnsin
euhssinn
euhssinn
euhssnin
euhssnni
euhssnni
euhssnin
euhnsins
euhnsisn
euhnsnis
euhnsnsi
euhnssni
euhnssin
euhnisns
euhnissn
euhninss
euhninss
euhnisns
euhnissn
euhnniss
euhnniss
euhnnsis
euhnnssi
euhnnssi
euhnnsis
euhnsins
euhnsisn
euhnsnis
euhnsnsi
euhnssni
euhnssin
euhinsns
euhinssn
euhinnss
euhinnss
euhinsns
euhinssn
euhisnns
euhisnsn
euhisnns
euhisnsn
euhissnn
euhissnn
euhinsns
euhinssn
euhinnss
euhinnss
euhinsns
euhinssn
euhissnn
euhissnn
euhisnsn
euhisnns
euhisnns
euhisnsn
euhnniss
euhnniss
euhnnsis
euhnnssi
euhnnssi
euhnnsis
euhninss
euhninss
euhnisns
euhnissn
euhnissn
euhnisns
euhnsins
euhnsisn
euhnsnis
euhnsnsi
euhnssni
euhnssin
euhnsisn
euhnsins
euhnssin
euhnssni
euhnsnsi
euhnsnis
euhsnins
euhsnisn
euhsnnis
euhsnnsi
euhsnsni
euhsnsin
euhsinns
euhsinsn
euhsinns
euhsinsn
euhsisnn
euhsisnn
euhsnins
euhsnisn
euhsnnis
euhsnnsi
euhsnsni
euhsnsin
euhssinn
euhssinn
euhssnin
euhssnni
euhssnni
euhssnin
euishnns
euishnsn
euishnns
euishnsn
euishsnn
euishsnn
euisnhns
euisnhsn
euisnnhs
euisnnsh
euisnsnh
euisnshn
euisnnhs
euisnnsh
euisnhns
euisnhsn
euisnshn
euisnsnh
euissnnh
euissnhn
euissnnh
euissnhn
euisshnn
euisshnn
euihsnns
euihsnsn
euihsnns
euihsnsn
euihssnn
euihssnn
euihnsns
euihnssn
euihnnss
euihnnss
euihnsns
euihnssn
euihnnss
euihnnss
euihnsns
euihnssn
euihnssn
euihnsns
euihsnns
euihsnsn
euihsnns
euihsnsn
euihssnn
euihssnn
euinhsns
euinhssn
euinhnss
euinhnss
euinhsns
euinhssn
euinshns
euinshsn
euinsnhs
euinsnsh
euinssnh
euinsshn
euinnshs
euinnssh
euinnhss
euinnhss
euinnshs
euinnssh
euinssnh
euinsshn
euinsnsh
euinsnhs
euinshns
euinshsn
euinhnss
euinhnss
euinhsns
euinhssn
euinhssn
euinhsns
euinnhss
euinnhss
euinnshs
euinnssh
euinnssh
euinnshs
euinsnhs
euinsnsh
euinshns
euinshsn
euinsshn
euinssnh
euinsnsh
euinsnhs
euinssnh
euinsshn
euinshsn
euinshns
euishnns
euishnsn
euishnns
euishnsn
euishsnn
euishsnn
euisnhns
euisnhsn
euisnnhs
euisnnsh
euisnsnh
euisnshn
euisnnhs
euisnnsh
euisnhns
euisnhsn
euisnshn
euisnsnh
euissnnh
euissnhn
euissnnh
euissnhn
euisshnn
euisshnn
eunshins
eunshisn
eunshnis
eunshnsi
eunshsni
eunshsin
eunsihns
eunsihsn
eunsinhs
eunsinsh
eunsisnh
eunsishn
eunsnihs
eunsnish
eunsnhis
eunsnhsi
eunsnshi
eunsnsih
eunssinh
eunssihn
eunssnih
eunssnhi
eunsshni
eunsshin
eunhsins
eunhsisn
eunhsnis
eunhsnsi
eunhssni
eunhssin
eunhisns
eunhissn
eunhinss
eunhinss
eunhisns
eunhissn
eunhniss
eunhniss
eunhnsis
eunhnssi
eunhnssi
eunhnsis
eunhsins
eunhsisn
eunhsnis
eunhsnsi
eunhssni
eunhssin
eunihsns
eunihssn
eunihnss
eunihnss
eunihsns
eunihssn
eunishns
eunishsn
eunisnhs
eunisnsh
eunissnh
eunisshn
euninshs
euninssh
euninhss
euninhss
euninshs
euninssh
eunissnh
eunisshn
eunisnsh
eunisnhs
eunishns
eunishsn
eunnhiss
eunnhiss
eunnhsis
eunnhssi
eunnhssi
eunnhsis
eunnihss
eunnihss
eunnishs
eunnissh
eunnissh
eunnishs
eunnsihs
eunnsish
eunnshis
eunnshsi
eunnsshi
eunnssih
eunnsish
eunnsihs
eunnssih
eunnsshi
eunnshsi
eunnshis
eunshins
eunshisn
eunshnis
eunshnsi
eunshsni
eunshsin
eunsihns
eunsihsn
eunsinhs
eunsinsh
eunsisnh
eunsishn
eunsnihs
eunsnish
eunsnhis
eunsnhsi
eunsnshi
eunsnsih
eunssinh
eunssihn
eunssnih
eunssnhi
eunsshni
eunsshin
eusshinn
eusshinn
eusshnin
eusshnni
eusshnni
eusshnin
eussihnn
eussihnn
eussinhn
eussinnh
eussinnh
eussinhn
eussnihn
eussninh
eussnhin
eussnhni
eussnnhi
eussnnih
eussninh
eussnihn
eussnnih
eussnnhi
eussnhni
eussnhin
eushsinn
eushsinn
eushsnin
eushsnni
eushsnni
eushsnin
eushisnn
eushisnn
eushinsn
eushinns
eushinns
eushinsn
eushnisn
eushnins
eushnsin
eushnsni
eushnnsi
eushnnis
eushnins
eushnisn
eushnnis
eushnnsi
eushnsni
eushnsin
eusihsnn
eusihsnn
eusihnsn
eusihnns
eusihnns
eusihnsn
eusishnn
eusishnn
eusisnhn
eusisnnh
eusisnnh
eusisnhn
eusinshn
eusinsnh
eusinhsn
eusinhns
eusinnhs
eusinnsh
eusinsnh
eusinshn
eusinnsh
eusinnhs
eusinhns
eusinhsn
eusnhisn
eusnhins
eusnhsin
eusnhsni
eusnhnsi
eusnhnis
eusnihsn
eusnihns
eusnishn
eusnisnh
eusninsh
eusninhs
eusnsihn
eusnsinh
eusnshin
eusnshni
eusnsnhi
eusnsnih
eusnnish
eusnnihs
eusnnsih
eusnnshi
eusnnhsi
eusnnhis
eusnhins
eusnhisn
eusnhnis
eusnhnsi
eusnhsni
eusnhsin
eusnihns
eusnihsn
eusninhs
eusninsh
eusnisnh
eusnishn
eusnnihs
eusnnish
eusnnhis
eusnnhsi
eusnnshi
eusnnsih
eusnsinh
eusnsihn
eusnsnih
eusnsnhi
eusnshni
eusnshin
enushins
enushisn
enushnis
enushnsi
enushsni
enushsin
enusihns
enusihsn
enusinhs
enusinsh
enusisnh
enusishn
enusnihs
enusnish
enusnhis
enusnhsi
enusnshi
enusnsih
enussinh
enussihn
enussnih
enussnhi
enusshni
enusshin
enuhsins
enuhsisn
enuhsnis
enuhsnsi
enuhssni
enuhssin
enuhisns
enuhissn
enuhinss
enuhinss
enuhisns
enuhissn
enuhniss
enuhniss
enuhnsis
enuhnssi
enuhnssi
enuhnsis
enuhsins
enuhsisn
enuhsnis
enuhsnsi
enuhssni
enuhssin
enuihsns
enuihssn
enuihnss
enuihnss
enuihsns
enuihssn
enuishns
enuishsn
enuisnhs
enuisnsh
enuissnh
enuisshn
enuinshs
enuinssh
enuinhss
enuinhss
enuinshs
enuinssh
enuissnh
enuisshn
enuisnsh
enuisnhs
enuishns
enuishsn
enunhiss
enunhiss
enunhsis
enunhssi
enunhssi
enunhsis
enunihss
enunihss
enunishs
enunissh
enunissh
enunishs
enunsihs
enunsish
enunshis
enunshsi
enunsshi
enunssih
enunsish
enunsihs
enunssih
enunsshi
enunshsi
enunshis
enushins
enushisn
enushnis
enushnsi
enushsni
enushsin
enusihns
enusihsn
enusinhs
enusinsh
enusisnh
enusishn
enusnihs
enusnish
enusnhis
enusnhsi
enusnshi
enusnsih
enussinh
enussihn
enussnih
enussnhi
enusshni
enusshin
ensuhins
ensuhisn
ensuhnis
ensuhnsi
ensuhsni
ensuhsin
ensuihns
ensuihsn
ensuinhs
ensuinsh
ensuisnh
ensuishn
ensunihs
ensunish
ensunhis
ensunhsi
ensunshi
ensunsih
ensusinh
ensusihn
ensusnih
ensusnhi
ensushni
ensushin
enshuins
enshuisn
enshunis
enshunsi
enshusni
enshusin
enshiuns
enshiusn
enshinus
enshinsu
enshisnu
enshisun
enshnius
enshnisu
enshnuis
enshnusi
enshnsui
enshnsiu
enshsinu
enshsiun
enshsniu
enshsnui
enshsuni
enshsuin
ensihuns
ensihusn
ensihnus
ensihnsu
ensihsnu
ensihsun
ensiuhns
ensiuhsn
ensiunhs
ensiunsh
ensiusnh
ensiushn
ensinuhs
ensinush
ensinhus
ensinhsu
ensinshu
ensinsuh
ensisunh
ensisuhn
ensisnuh
ensisnhu
ensishnu
ensishun
ensnhius
ensnhisu
ensnhuis
ensnhusi
ensnhsui
ensnhsiu
ensnihus
ensnihsu
ensniuhs
ensniush
ensnisuh
ensnishu
ensnuihs
ensnuish
ensnuhis
ensnuhsi
ensnushi
ensnusih
ensnsiuh
ensnsihu
ensnsuih
ensnsuhi
ensnshui
ensnshiu
ensshinu
ensshiun
ensshniu
ensshnui
ensshuni
ensshuin
enssihnu
enssihun
enssinhu
enssinuh
enssiunh
enssiuhn
enssnihu
enssniuh
enssnhiu
enssnhui
enssnuhi
enssnuih
enssuinh
enssuihn
enssunih
enssunhi
enssuhni
enssuhin
enhsuins
enhsuisn
enhsunis
enhsunsi
enhsusni
enhsusin
enhsiuns
enhsiusn
enhsinus
enhsinsu
enhsisnu
enhsisun
enhsnius
enhsnisu
enhsnuis
enhsnusi
enhsnsui
enhsnsiu
enhssinu
enhssiun
enhssniu
enhssnui
enhssuni
enhssuin
enhusins
enhusisn
enhusnis
enhusnsi
enhussni
enhussin
enhuisns
enhuissn
enhuinss
enhuinss
enhuisns
enhuissn
enhuniss
enhuniss
enhunsis
enhunssi
enhunssi
enhunsis
enhusins
enhusisn
enhusnis
enhusnsi
enhussni
enhussin
enhiusns
enhiussn
enhiunss
enhiunss
enhiusns
enhiussn
enhisuns
enhisusn
enhisnus
enhisnsu
enhissnu
enhissun
enhinsus
enhinssu
enhinuss
enhinuss
enhinsus
enhinssu
enhissnu
enhissun
enhisnsu
enhisnus
enhisuns
enhisusn
enhnuiss
enhnuiss
enhnusis
enhnussi
enhnussi
enhnusis
enhniuss
enhniuss
enhnisus
enhnissu
enhnissu
enhnisus
enhnsius
enhnsisu
enhnsuis
enhnsusi
enhnssui
enhnssiu
enhnsisu
enhnsius
enhnssiu
enhnssui
enhnsusi
enhnsuis
enhsuins
enhsuisn
enhsunis
enhsunsi
enhsusni
enhsusin
enhsiuns
enhsiusn
enhsinus
enhsinsu
enhsisnu
enhsisun
enhsnius
enhsnisu
enhsnuis
enhsnusi
enhsnsui
enhsnsiu
enhssinu
enhssiun
enhssniu
enhssnui
enhssuni
enhssuin
enishuns
enishusn
enishnus
enishnsu
enishsnu
enishsun
enisuhns
enisuhsn
enisunhs
enisunsh
enisusnh
enisushn
enisnuhs
enisnush
enisnhus
enisnhsu
enisnshu
enisnsuh
enissunh
enissuhn
enissnuh
enissnhu
enisshnu
enisshun
enihsuns
enihsusn
enihsnus
enihsnsu
enihssnu
enihssun
enihusns
enihussn
enihunss
enihunss
enihusns
enihussn
enihnuss
enihnuss
enihnsus
enihnssu
enihnssu
enihnsus
enihsuns
enihsusn
enihsnus
enihsnsu
enihssnu
enihssun
eniuhsns
eniuhssn
eniuhnss
eniuhnss
eniuhsns
eniuhssn
eniushns
eniushsn
eniusnhs
eniusnsh
eniussnh
eniusshn
eniunshs
eniunssh
eniunhss
eniunhss
eniunshs
eniunssh
eniussnh
eniusshn
eniusnsh
eniusnhs
eniushns
eniushsn
eninhuss
eninhuss
eninhsus
eninhssu
eninhssu
eninhsus
eninuhss
eninuhss
eninushs
eninussh
eninussh
eninushs
eninsuhs
eninsush
eninshus
eninshsu
eninsshu
eninssuh
eninsush
eninsuhs
eninssuh
eninsshu
eninshsu
eninshus
enishuns
enishusn
enishnus
enishnsu
enishsnu
enishsun
enisuhns
enisuhsn
enisunhs
enisunsh
enisusnh
enisushn
enisnuhs
enisnush
enisnhus
enisnhsu
enisnshu
enisnsuh
enissunh
enissuhn
enissnuh
enissnhu
enisshnu
enisshun
ennshius
ennshisu
ennshuis
ennshusi
ennshsui
ennshsiu
ennsihus
ennsihsu
ennsiuhs
ennsiush
ennsisuh
ennsishu
ennsuihs
ennsuish
ennsuhis
ennsuhsi
ennsushi
ennsusih
ennssiuh
ennssihu
ennssuih
ennssuhi
ennsshui
ennsshiu
ennhsius
ennhsisu
ennhsuis
ennhsusi
ennhssui
ennhssiu
ennhisus
ennhissu
ennhiuss
ennhiuss
ennhisus
ennhissu
ennhuiss
ennhuiss
ennhusis
ennhussi
ennhussi
ennhusis
ennhsius
ennhsisu
ennhsuis
ennhsusi
ennhssui
ennhssiu
ennihsus
ennihssu
ennihuss
ennihuss
ennihsus
ennihssu
ennishus
ennishsu
ennisuhs
ennisush
ennissuh
ennisshu
enniushs
enniussh
enniuhss
enniuhss
enniushs
enniussh
ennissuh
ennisshu
ennisush
ennisuhs
ennishus
ennishsu
ennuhiss
ennuhiss
ennuhsis
ennuhssi
ennuhssi
ennuhsis
ennuihss
ennuihss
ennuishs
ennuissh
ennuissh
ennuishs
ennusihs
ennusish
ennushis
ennushsi
ennusshi
ennussih
ennusish
ennusihs
ennussih
ennusshi
ennushsi
ennushis
ennshius
ennshisu
ennshuis
ennshusi
ennshsui
ennshsiu
ennsihus
ennsihsu
ennsiuhs
ennsiush
ennsisuh
ennsishu
ennsuihs
ennsuish
ennsuhis
ennsuhsi
ennsushi
ennsusih
ennssiuh
ennssihu
ennssuih
ennssuhi
ennsshui
ennsshiu
ensshinu
ensshiun
ensshniu
ensshnui
ensshuni
ensshuin
enssihnu
enssihun
enssinhu
enssinuh
enssiunh
enssiuhn
enssnihu
enssniuh
enssnhiu
enssnhui
enssnuhi
enssnuih
enssuinh
enssuihn
enssunih
enssunhi
enssuhni
enssuhin
enshsinu
enshsiun
enshsniu
enshsnui
enshsuni
enshsuin
enshisnu
enshisun
enshinsu
enshinus
enshiuns
enshiusn
enshnisu
enshnius
enshnsiu
enshnsui
enshnusi
enshnuis
enshuins
enshuisn
enshunis
enshunsi
enshusni
enshusin
ensihsnu
ensihsun
ensihnsu
ensihnus
ensihuns
ensihusn
ensishnu
ensishun
ensisnhu
ensisnuh
ensisunh
ensisuhn
ensinshu
ensinsuh
ensinhsu
ensinhus
ensinuhs
ensinush
ensiusnh
ensiushn
ensiunsh
ensiunhs
ensiuhns
ensiuhsn
ensnhisu
ensnhius
ensnhsiu
ensnhsui
ensnhusi
ensnhuis
ensnihsu
ensnihus
ensnishu
ensnisuh
ensniush
ensniuhs
ensnsihu
ensnsiuh
ensnshiu
ensnshui
ensnsuhi
ensnsuih
ensnuish
ensnuihs
ensnusih
ensnushi
ensnuhsi
ensnuhis
ensuhins
ensuhisn
ensuhnis
ensuhnsi
ensuhsni
ensuhsin
ensuihns
ensuihsn
ensuinhs
ensuinsh
ensuisnh
ensuishn
ensunihs
ensunish
ensunhis
ensunhsi
ensunshi
ensunsih
ensusinh
ensusihn
ensusnih
ensusnhi
ensushni
ensushin
esnuhins
esnuhisn
esnuhnis
esnuhnsi
esnuhsni
esnuhsin
esnuihns
esnuihsn
esnuinhs
esnuinsh
esnuisnh
esnuishn
esnunihs
esnunish
esnunhis
esnunhsi
esnunshi
esnunsih
esnusinh
esnusihn
esnusnih
esnusnhi
esnushni
esnushin
esnhuins
esnhuisn
esnhunis
esnhunsi
esnhusni
esnhusin
esnhiuns
esnhiusn
esnhinus
esnhinsu
esnhisnu
esnhisun
esnhnius
esnhnisu
esnhnuis
esnhnusi
esnhnsui
esnhnsiu
esnhsinu
esnhsiun
esnhsniu
esnhsnui
esnhsuni
esnhsuin
esnihuns
esnihusn
esnihnus
esnihnsu
esnihsnu
esnihsun
esniuhns
esniuhsn
esniunhs
esniunsh
esniusnh
esniushn
esninuhs
esninush
esninhus
esninhsu
esninshu
esninsuh
esnisunh
esnisuhn
esnisnuh
esnisnhu
esnishnu
esnishun
esnnhius
esnnhisu
esnnhuis
esnnhusi
esnnhsui
esnnhsiu
esnnihus
esnnihsu
esnniuhs
esnniush
esnnisuh
esnnishu
esnnuihs
esnnuish
esnnuhis
esnnuhsi
esnnushi
esnnusih
esnnsiuh
esnnsihu
esnnsuih
esnnsuhi
esnnshui
esnnshiu
esnshinu
esnshiun
esnshniu
esnshnui
esnshuni
esnshuin
esnsihnu
esnsihun
esnsinhu
esnsinuh
esnsiunh
esnsiuhn
esnsnihu
esnsniuh
esnsnhiu
esnsnhui
esnsnuhi
esnsnuih
esnsuinh
esnsuihn
esnsunih
esnsunhi
esnsuhni
esnsuhin
esunhins
esunhisn
esunhnis
esunhnsi
esunhsni
esunhsin
esunihns
esunihsn
esuninhs
esuninsh
esunisnh
esunishn
esunnihs
esunnish
esunnhis
esunnhsi
esunnshi
esunnsih
esunsinh
esunsihn
esunsnih
esunsnhi
esunshni
esunshin
esuhnins
esuhnisn
esuhnnis
esuhnnsi
esuhnsni
esuhnsin
esuhinns
esuhinsn
esuhinns
esuhinsn
esuhisnn
esuhisnn
esuhnins
esuhnisn
esuhnnis
esuhnnsi
esuhnsni
esuhnsin
esuhsinn
esuhsinn
esuhsnin
esuhsnni
esuhsnni
esuhsnin
esuihnns
esuihnsn
esuihnns
esuihnsn
esuihsnn
esuihsnn
esuinhns
esuinhsn
esuinnhs
esuinnsh
esuinsnh
esuinshn
esuinnhs
esuinnsh
esuinhns
esuinhsn
esuinshn
esuinsnh
esuisnnh
esuisnhn
esuisnnh
esuisnhn
esuishnn
esuishnn
esunhins
esunhisn
esunhnis
esunhnsi
esunhsni
esunhsin
esunihns
esunihsn
esuninhs
esuninsh
esunisnh
esunishn
esunnihs
esunnish
esunnhis
esunnhsi
esunnshi
esunnsih
esunsinh
esunsihn
esunsnih
esunsnhi
esunshni
esunshin
esushinn
esushinn
esushnin
esushnni
esushnni
esushnin
esusihnn
esusihnn
esusinhn
esusinnh
esusinnh
esusinhn
esusnihn
esusninh
esusnhin
esusnhni
esusnnhi
esusnnih
esusninh
esusnihn
esusnnih
esusnnhi
esusnhni
esusnhin
eshunins
eshunisn
eshunnis
eshunnsi
eshunsni
eshunsin
eshuinns
eshuinsn
eshuinns
eshuinsn
eshuisnn
eshuisnn
eshunins
eshunisn
eshunnis
eshunnsi
eshunsni
eshunsin
eshusinn
eshusinn
eshusnin
eshusnni
eshusnni
eshusnin
eshnuins
eshnuisn
eshnunis
eshnunsi
eshnusni
eshnusin
eshniuns
eshniusn
eshninus
eshninsu
eshnisnu
eshnisun
eshnnius
eshnnisu
eshnnuis
eshnnusi
eshnnsui
eshnnsiu
eshnsinu
eshnsiun
eshnsniu
eshnsnui
eshnsuni
eshnsuin
eshinuns
eshinusn
eshinnus
eshinnsu
eshinsnu
eshinsun
eshiunns
eshiunsn
eshiunns
eshiunsn
eshiusnn
eshiusnn
eshinuns
eshinusn
eshinnus
eshinnsu
eshinsnu
eshinsun
eshisunn
eshisunn
eshisnun
eshisnnu
eshisnnu
eshisnun
eshnnius
eshnnisu
eshnnuis
eshnnusi
eshnnsui
eshnnsiu
eshninus
eshninsu
eshniuns
eshniusn
eshnisun
eshnisnu
eshnuins
eshnuisn
eshnunis
eshnunsi
eshnusni
eshnusin
eshnsiun
eshnsinu
eshnsuin
eshnsuni
eshnsnui
eshnsniu
eshsninu
eshsniun
eshsnniu
eshsnnui
eshsnuni
eshsnuin
eshsinnu
eshsinun
eshsinnu
eshsinun
eshsiunn
eshsiunn
eshsninu
eshsniun
eshsnniu
eshsnnui
eshsnuni
eshsnuin
eshsuinn
eshsuinn
eshsunin
eshsunni
eshsunni
eshsunin
esiuhnns
esiuhnsn
esiuhnns
esiuhnsn
esiuhsnn
esiuhsnn
esiunhns
esiunhsn
esiunnhs
esiunnsh
esiunsnh
esiunshn
esiunnhs
esiunnsh
esiunhns
esiunhsn
esiunshn
esiunsnh
esiusnnh
esiusnhn
esiusnnh
esiusnhn
esiushnn
esiushnn
esihunns
esihunsn
esihunns
esihunsn
esihusnn
esihusnn
esihnuns
esihnusn
esihnnus
esihnnsu
esihnsnu
esihnsun
esihnnus
esihnnsu
esihnuns
esihnusn
esihnsun
esihnsnu
esihsnnu
esihsnun
esihsnnu
esihsnun
esihsunn
esihsunn
esinhuns
esinhusn
esinhnus
esinhnsu
esinhsnu
esinhsun
esinuhns
esinuhsn
esinunhs
esinunsh
esinusnh
esinushn
esinnuhs
esinnush
esinnhus
esinnhsu
esinnshu
esinnsuh
esinsunh
esinsuhn
esinsnuh
esinsnhu
esinshnu
esinshun
esinhnus
esinhnsu
esinhuns
esinhusn
esinhsun
esinhsnu
esinnhus
esinnhsu
esinnuhs
esinnush
esinnsuh
esinnshu
esinunhs
esinunsh
esinuhns
esinuhsn
esinushn
esinusnh
esinsnuh
esinsnhu
esinsunh
esinsuhn
esinshun
esinshnu
esishnnu
esishnun
esishnnu
esishnun
esishunn
esishunn
esisnhnu
esisnhun
esisnnhu
esisnnuh
esisnunh
esisnuhn
esisnnhu
esisnnuh
esisnhnu
esisnhun
esisnuhn
esisnunh
esisunnh
esisunhn
esisunnh
esisunhn
esisuhnn
esisuhnn
esnuhins
esnuhisn
esnuhnis
esnuhnsi
esnuhsni
esnuhsin
esnuihns
esnuihsn
esnuinhs
esnuinsh
esnuisnh
esnuishn
esnunihs
esnunish
esnunhis
esnunhsi
esnunshi
esnunsih
esnusinh
esnusihn
esnusnih
esnusnhi
esnushni
esnushin
esnhuins
esnhuisn
esnhunis
esnhunsi
esnhusni
esnhusin
esnhiuns
esnhiusn
esnhinus
esnhinsu
esnhisnu
esnhisun
esnhnius
esnhnisu
esnhnuis
esnhnusi
esnhnsui
esnhnsiu
esnhsinu
esnhsiun
esnhsniu
esnhsnui
esnhsuni
esnhsuin
esnihuns
esnihusn
esnihnus
esnihnsu
esnihsnu
esnihsun
esniuhns
esniuhsn
esniunhs
esniunsh
esniusnh
esniushn
esninuhs
esninush
esninhus
esninhsu
esninshu
esninsuh
esnisunh
esnisuhn
esnisnuh
esnisnhu
esnishnu
esnishun
esnnhius
esnnhisu
esnnhuis
esnnhusi
esnnhsui
esnnhsiu
esnnihus
esnnihsu
esnniuhs
esnniush
esnnisuh
esnnishu
esnnuihs
esnnuish
esnnuhis
esnnuhsi
esnnushi
esnnusih
esnnsiuh
esnnsihu
esnnsuih
esnnsuhi
esnnshui
esnnshiu
esnshinu
esnshiun
esnshniu
esnshnui
esnshuni
esnshuin
esnsihnu
esnsihun
esnsinhu
esnsinuh
esnsiunh
esnsiuhn
esnsnihu
esnsniuh
esnsnhiu
esnsnhui
esnsnuhi
esnsnuih
esnsuinh
esnsuihn
esnsunih
esnsunhi
esnsuhni
esnsuhin
essuhinn
essuhinn
essuhnin
essuhnni
essuhnni
essuhnin
essuihnn
essuihnn
essuinhn
essuinnh
essuinnh
essuinhn
essunihn
essuninh
essunhin
essunhni
essunnhi
essunnih
essuninh
essunihn
essunnih
essunnhi
essunhni
essunhin
esshuinn
esshuinn
esshunin
esshunni
esshunni
esshunin
esshiunn
esshiunn
esshinun
esshinnu
esshinnu
esshinun
esshniun
esshninu
esshnuin
esshnuni
esshnnui
esshnniu
esshninu
esshniun
esshnniu
esshnnui
esshnuni
esshnuin
essihunn
essihunn
essihnun
essihnnu
essihnnu
essihnun
essiuhnn
essiuhnn
essiunhn
essiunnh
essiunnh
essiunhn
essinuhn
essinunh
essinhun
essinhnu
essinnhu
essinnuh
essinunh
essinuhn
essinnuh
essinnhu
essinhnu
essinhun
essnhiun
essnhinu
essnhuin
essnhuni
essnhnui
essnhniu
essnihun
essnihnu
essniuhn
essniunh
essninuh
essninhu
essnuihn
essnuinh
essnuhin
essnuhni
essnunhi
essnunih
essnniuh
essnnihu
essnnuih
essnnuhi
essnnhui
essnnhiu
essnhinu
essnhiun
essnhniu
essnhnui
essnhuni
essnhuin
essnihnu
essnihun
essninhu
essninuh
essniunh
essniuhn
essnnihu
essnniuh
essnnhiu
essnnhui
essnnuhi
essnnuih
essnuinh
essnuihn
essnunih
essnunhi
essnuhni
essnuhin
ehnsuins
ehnsuisn
ehnsunis
ehnsunsi
ehnsusni
ehnsusin
ehnsiuns
ehnsiusn
ehnsinus
ehnsinsu
ehnsisnu
ehnsisun
ehnsnius
ehnsnisu
ehnsnuis
ehnsnusi
ehnsnsui
ehnsnsiu
ehnssinu
ehnssiun
ehnssniu
ehnssnui
ehnssuni
ehnssuin
ehnusins
ehnusisn
ehnusnis
ehnusnsi
ehnussni
ehnussin
ehnuisns
ehnuissn
ehnuinss
ehnuinss
ehnuisns
ehnuissn
ehnuniss
ehnuniss
ehnunsis
ehnunssi
ehnunssi
ehnunsis
ehnusins
ehnusisn
ehnusnis
ehnusnsi
ehnussni
ehnussin
ehniusns
ehniussn
ehniunss
ehniunss
ehniusns
ehniussn
ehnisuns
ehnisusn
ehnisnus
ehnisnsu
ehnissnu
ehnissun
ehninsus
ehninssu
ehninuss
ehninuss
ehninsus
ehninssu
ehnissnu
ehnissun
ehnisnsu
ehnisnus
ehnisuns
ehnisusn
ehnnuiss
ehnnuiss
ehnnusis
ehnnussi
ehnnussi
ehnnusis
ehnniuss
ehnniuss
ehnnisus
ehnnissu
ehnnissu
ehnnisus
ehnnsius
ehnnsisu
ehnnsuis
ehnnsusi
ehnnssui
ehnnssiu
ehnnsisu
ehnnsius
ehnnssiu
ehnnssui
ehnnsusi
ehnnsuis
ehnsuins
ehnsuisn
ehnsunis
ehnsunsi
ehnsusni
ehnsusin
ehnsiuns
ehnsiusn
ehnsinus
ehnsinsu
ehnsisnu
ehnsisun
ehnsnius
ehnsnisu
ehnsnuis
ehnsnusi
ehnsnsui
ehnsnsiu
ehnssinu
ehnssiun
ehnssniu
ehnssnui
ehnssuni
ehnssuin
ehsnuins
ehsnuisn
ehsnunis
ehsnunsi
ehsnusni
ehsnusin
ehsniuns
ehsniusn
ehsninus
ehsninsu
ehsnisnu
ehsnisun
ehsnnius
ehsnnisu
ehsnnuis
ehsnnusi
ehsnnsui
ehsnnsiu
ehsnsinu
ehsnsiun
ehsnsniu
ehsnsnui
ehsnsuni
ehsnsuin
ehsunins
ehsunisn
ehsunnis
ehsunnsi
ehsunsni
ehsunsin
ehsuinns
ehsuinsn
ehsuinns
ehsuinsn
ehsuisnn
ehsuisnn
ehsunins
ehsunisn
ehsunnis
ehsunnsi
ehsunsni
ehsunsin
ehsusinn
ehsusinn
ehsusnin
ehsusnni
ehsusnni
ehsusnin
ehsiunns
ehsiunsn
ehsiunns
ehsiunsn
ehsiusnn
ehsiusnn
ehsinuns
ehsinusn
ehsinnus
ehsinnsu
ehsinsnu
ehsinsun
ehsinnus
ehsinnsu
ehsinuns
ehsinusn
ehsinsun
ehsinsnu
ehsisnnu
ehsisnun
ehsisnnu
ehsisnun
ehsisunn
ehsisunn
ehsnuins
ehsnuisn
ehsnunis
ehsnunsi
ehsnusni
ehsnusin
ehsniuns
ehsniusn
ehsninus
ehsninsu
ehsnisnu
ehsnisun
ehsnnius
ehsnnisu
ehsnnuis
ehsnnusi
ehsnnsui
ehsnnsiu
ehsnsinu
ehsnsiun
ehsnsniu
ehsnsnui
ehsnsuni
ehsnsuin
ehssuinn
ehssuinn
ehssunin
ehssunni
ehssunni
ehssunin
ehssiunn
ehssiunn
ehssinun
ehssinnu
ehssinnu
ehssinun
ehssniun
ehssninu
ehssnuin
ehssnuni
ehssnnui
ehssnniu
ehssninu
ehssniun
ehssnniu
ehssnnui
ehssnuni
ehssnuin
ehusnins
ehusnisn
ehusnnis
ehusnnsi
ehusnsni
ehusnsin
ehusinns
ehusinsn
ehusinns
ehusinsn
ehusisnn
ehusisnn
ehusnins
ehusnisn
ehusnnis
ehusnnsi
ehusnsni
ehusnsin
ehussinn
ehussinn
ehussnin
ehussnni
ehussnni
ehussnin
ehunsins
ehunsisn
ehunsnis
ehunsnsi
ehunssni
ehunssin
ehunisns
ehunissn
ehuninss
ehuninss
ehunisns
ehunissn
ehunniss
ehunniss
ehunnsis
ehunnssi
ehunnssi
ehunnsis
ehunsins
ehunsisn
ehunsnis
ehunsnsi
ehunssni
ehunssin
ehuinsns
ehuinssn
ehuinnss
ehuinnss
ehuinsns
ehuinssn
ehuisnns
ehuisnsn
ehuisnns
ehuisnsn
ehuissnn
ehuissnn
ehuinsns
ehuinssn
ehuinnss
ehuinnss
ehuinsns
ehuinssn
ehuissnn
ehuissnn
ehuisnsn
ehuisnns
ehuisnns
ehuisnsn
ehunniss
ehunniss
ehunnsis
ehunnssi
ehunnssi
ehunnsis
ehuninss
ehuninss
ehunisns
ehunissn
ehunissn
ehunisns
ehunsins
ehunsisn
ehunsnis
ehunsnsi
ehunssni
ehunssin
ehunsisn
ehunsins
ehunssin
ehunssni
ehunsnsi
ehunsnis
ehusnins
ehusnisn
ehusnnis
ehusnnsi
ehusnsni
ehusnsin
ehusinns
ehusinsn
ehusinns
ehusinsn
ehusisnn
ehusisnn
ehusnins
ehusnisn
ehusnnis
ehusnnsi
ehusnsni
ehusnsin
ehussinn
ehussinn
ehussnin
ehussnni
ehussnni
ehussnin
ehisunns
ehisunsn
ehisunns
ehisunsn
ehisusnn
ehisusnn
ehisnuns
ehisnusn
ehisnnus
ehisnnsu
ehisnsnu
ehisnsun
ehisnnus
ehisnnsu
ehisnuns
ehisnusn
ehisnsun
ehisnsnu
ehissnnu
ehissnun
ehissnnu
ehissnun
ehissunn
ehissunn
ehiusnns
ehiusnsn
ehiusnns
ehiusnsn
ehiussnn
ehiussnn
ehiunsns
ehiunssn
ehiunnss
ehiunnss
ehiunsns
ehiunssn
ehiunnss
ehiunnss
ehiunsns
ehiunssn
ehiunssn
ehiunsns
ehiusnns
ehiusnsn
ehiusnns
ehiusnsn
ehiussnn
ehiussnn
ehinusns
ehinussn
ehinunss
ehinunss
ehinusns
ehinussn
ehinsuns
ehinsusn
ehinsnus
ehinsnsu
ehinssnu
ehinssun
ehinnsus
ehinnssu
ehinnuss
ehinnuss
ehinnsus
ehinnssu
ehinssnu
ehinssun
ehinsnsu
ehinsnus
ehinsuns
ehinsusn
ehinunss
ehinunss
ehinusns
ehinussn
ehinussn
ehinusns
ehinnuss
ehinnuss
ehinnsus
ehinnssu
ehinnssu
ehinnsus
ehinsnus
ehinsnsu
ehinsuns
ehinsusn
ehinssun
ehinssnu
ehinsnsu
ehinsnus
ehinssnu
ehinssun
ehinsusn
ehinsuns
ehisunns
ehisunsn
ehisunns
ehisunsn
ehisusnn
ehisusnn
ehisnuns
ehisnusn
ehisnnus
ehisnnsu
ehisnsnu
ehisnsun
ehisnnus
ehisnnsu
ehisnuns
ehisnusn
ehisnsun
ehisnsnu
ehissnnu
ehissnun
ehissnnu
ehissnun
ehissunn
ehissunn
ehnsuins
ehnsuisn
ehnsunis
ehnsunsi
ehnsusni
ehnsusin
ehnsiuns
ehnsiusn
ehnsinus
ehnsinsu
ehnsisnu
ehnsisun
ehnsnius
ehnsnisu
ehnsnuis
ehnsnusi
ehnsnsui
ehnsnsiu
ehnssinu
ehnssiun
ehnssniu
ehnssnui
ehnssuni
ehnssuin
ehnusins
ehnusisn
ehnusnis
ehnusnsi
ehnussni
ehnussin
ehnuisns
ehnuissn
ehnuinss
ehnuinss
ehnuisns
ehnuissn
ehnuniss
ehnuniss
ehnunsis
ehnunssi
ehnunssi
ehnunsis
ehnusins
ehnusisn
ehnusnis
ehnusnsi
ehnussni
ehnussin
ehniusns
ehniussn
ehniunss
ehniunss
ehniusns
ehniussn
ehnisuns
ehnisusn
ehnisnus
ehnisnsu
ehnissnu
ehnissun
ehninsus
ehninssu
ehninuss
ehninuss
ehninsus
ehninssu
ehnissnu
ehnissun
ehnisnsu
ehnisnus
ehnisuns
ehnisusn
ehnnuiss
ehnnuiss
ehnnusis
ehnnussi
ehnnussi
ehnnusis
ehnniuss
ehnniuss
ehnnisus
ehnnissu
ehnnissu
ehnnisus
ehnnsius
ehnnsisu
ehnnsuis
ehnnsusi
ehnnssui
ehnnssiu
ehnnsisu
ehnnsius
ehnnssiu
ehnnssui
ehnnsusi
ehnnsuis
ehnsuins
ehnsuisn
ehnsunis
ehnsunsi
ehnsusni
ehnsusin
ehnsiuns
ehnsiusn
ehnsinus
ehnsinsu
ehnsisnu
ehnsisun
ehnsnius
ehnsnisu
ehnsnuis
ehnsnusi
ehnsnsui
ehnsnsiu
ehnssinu
ehnssiun
ehnssniu
ehnssnui
ehnssuni
ehnssuin
ehssuinn
ehssuinn
ehssunin
ehssunni
ehssunni
ehssunin
ehssiunn
ehssiunn
ehssinun
ehssinnu
ehssinnu
ehssinun
ehssniun
ehssninu
ehssnuin
ehssnuni
ehssnnui
ehssnniu
ehssninu
ehssniun
ehssnniu
ehssnnui
ehssnuni
ehssnuin
ehsusinn
ehsusinn
ehsusnin
ehsusnni
ehsusnni
ehsusnin
ehsuisnn
ehsuisnn
ehsuinsn
ehsuinns
ehsuinns
ehsuinsn
ehsunisn
ehsunins
ehsunsin
ehsunsni
ehsunnsi
ehsunnis
ehsunins
ehsunisn
ehsunnis
ehsunnsi
ehsunsni
ehsunsin
ehsiusnn
ehsiusnn
ehsiunsn
ehsiunns
ehsiunns
ehsiunsn
ehsisunn
ehsisunn
ehsisnun
ehsisnnu
ehsisnnu
ehsisnun
ehsinsun
ehsinsnu
ehsinusn
ehsinuns
ehsinnus
ehsinnsu
ehsinsnu
ehsinsun
ehsinnsu
ehsinnus
ehsinuns
ehsinusn
ehsnuisn
ehsnuins
ehsnusin
ehsnusni
ehsnunsi
ehsnunis
ehsniusn
ehsniuns
ehsnisun
ehsnisnu
ehsninsu
ehsninus
ehsnsiun
ehsnsinu
ehsnsuin
ehsnsuni
ehsnsnui
ehsnsniu
ehsnnisu
ehsnnius
ehsnnsiu
ehsnnsui
ehsnnusi
ehsnnuis
ehsnuins
ehsnuisn
ehsnunis
ehsnunsi
ehsnusni
ehsnusin
ehsniuns
ehsniusn
ehsninus
ehsninsu
ehsnisnu
ehsnisun
ehsnnius
ehsnnisu
ehsnnuis
ehsnnusi
ehsnnsui
ehsnnsiu
ehsnsinu
ehsnsiun
ehsnsniu
ehsnsnui
ehsnsuni
ehsnsuin
einshuns
einshusn
einshnus
einshnsu
einshsnu
einshsun
einsuhns
einsuhsn
einsunhs
einsunsh
einsusnh
einsushn
einsnuhs
einsnush
einsnhus
einsnhsu
einsnshu
einsnsuh
einssunh
einssuhn
einssnuh
einssnhu
einsshnu
einsshun
einhsuns
einhsusn
einhsnus
einhsnsu
einhssnu
einhssun
einhusns
einhussn
einhunss
einhunss
einhusns
einhussn
einhnuss
einhnuss
einhnsus
einhnssu
einhnssu
einhnsus
einhsuns
einhsusn
einhsnus
einhsnsu
einhssnu
einhssun
einuhsns
einuhssn
einuhnss
einuhnss
einuhsns
einuhssn
einushns
einushsn
einusnhs
einusnsh
einussnh
einusshn
einunshs
einunssh
einunhss
einunhss
einunshs
einunssh
einussnh
einusshn
einusnsh
einusnhs
einushns
einushsn
einnhuss
einnhuss
einnhsus
einnhssu
einnhssu
einnhsus
einnuhss
einnuhss
einnushs
einnussh
einnussh
einnushs
einnsuhs
einnsush
einnshus
einnshsu
einnsshu
einnssuh
einnsush
einnsuhs
einnssuh
einnsshu
einnshsu
einnshus
einshuns
einshusn
einshnus
einshnsu
einshsnu
einshsun
einsuhns
einsuhsn
einsunhs
einsunsh
einsusnh
einsushn
einsnuhs
einsnush
einsnhus
einsnhsu
einsnshu
einsnsuh
einssunh
einssuhn
einssnuh
einssnhu
einsshnu
einsshun
eisnhuns
eisnhusn
eisnhnus
eisnhnsu
eisnhsnu
eisnhsun
eisnuhns
eisnuhsn
eisnunhs
eisnunsh
eisnusnh
eisnushn
eisnnuhs
eisnnush
eisnnhus
eisnnhsu
eisnnshu
eisnnsuh
eisnsunh
eisnsuhn
eisnsnuh
eisnsnhu
eisnshnu
eisnshun
eishnuns
eishnusn
eishnnus
eishnnsu
eishnsnu
eishnsun
eishunns
eishunsn
eishunns
eishunsn
eishusnn
eishusnn
eishnuns
eishnusn
eishnnus
eishnnsu
eishnsnu
eishnsun
eishsunn
eishsunn
eishsnun
eishsnnu
eishsnnu
eishsnun
eisuhnns
eisuhnsn
eisuhnns
eisuhnsn
eisuhsnn
eisuhsnn
eisunhns
eisunhsn
eisunnhs
eisunnsh
eisunsnh
eisunshn
eisunnhs
eisunnsh
eisunhns
eisunhsn
eisunshn
eisunsnh
eisusnnh
eisusnhn
eisusnnh
eisusnhn
eisushnn
eisushnn
eisnhuns
eisnhusn
eisnhnus
eisnhnsu
eisnhsnu
eisnhsun
eisnuhns
eisnuhsn
eisnunhs
eisnunsh
eisnusnh
eisnushn
eisnnuhs
eisnnush
eisnnhus
eisnnhsu
eisnnshu
eisnnsuh
eisnsunh
eisnsuhn
eisnsnuh
eisnsnhu
eisnshnu
eisnshun
eisshunn
eisshunn
eisshnun
eisshnnu
eisshnnu
eisshnun
eissuhnn
eissuhnn
eissunhn
eissunnh
eissunnh
eissunhn
eissnuhn
eissnunh
eissnhun
eissnhnu
eissnnhu
eissnnuh
eissnunh
eissnuhn
eissnnuh
eissnnhu
eissnhnu
eissnhun
eihsnuns
eihsnusn
eihsnnus
eihsnnsu
eihsnsnu
eihsnsun
eihsunns
eihsunsn
eihsunns
eihsunsn
eihsusnn
eihsusnn
eihsnuns
eihsnusn
eihsnnus
eihsnnsu
eihsnsnu
eihsnsun
eihssunn
eihssunn
eihssnun
eihssnnu
eihssnnu
eihssnun
eihnsuns
eihnsusn
eihnsnus
eihnsnsu
eihnssnu
eihnssun
eihnusns
eihnussn
eihnunss
eihnunss
eihnusns
eihnussn
eihnnuss
eihnnuss
eihnnsus
eihnnssu
eihnnssu
eihnnsus
eihnsuns
eihnsusn
eihnsnus
eihnsnsu
eihnssnu
eihnssun
eihunsns
eihunssn
eihunnss
eihunnss
eihunsns
eihunssn
eihusnns
eihusnsn
eihusnns
eihusnsn
eihussnn
eihussnn
eihunsns
eihunssn
eihunnss
eihunnss
eihunsns
eihunssn
eihussnn
eihussnn
eihusnsn
eihusnns
eihusnns
eihusnsn
eihnnuss
eihnnuss
eihnnsus
eihnnssu
eihnnssu
eihnnsus
eihnunss
eihnunss
eihnusns
eihnussn
eihnussn
eihnusns
eihnsuns
eihnsusn
eihnsnus
eihnsnsu
eihnssnu
eihnssun
eihnsusn
eihnsuns
eihnssun
eihnssnu
eihnsnsu
eihnsnus
eihsnuns
eihsnusn
eihsnnus
eihsnnsu
eihsnsnu
eihsnsun
eihsunns
eihsunsn
eihsunns
eihsunsn
eihsusnn
eihsusnn
eihsnuns
eihsnusn
eihsnnus
eihsnnsu
eihsnsnu
eihsnsun
eihssunn
eihssunn
eihssnun
eihssnnu
eihssnnu
eihssnun
eiushnns
eiushnsn
eiushnns
eiushnsn
eiushsnn
eiushsnn
eiusnhns
eiusnhsn
eiusnnhs
eiusnnsh
eiusnsnh
eiusnshn
eiusnnhs
eiusnnsh
eiusnhns
eiusnhsn
eiusnshn
eiusnsnh
eiussnnh
eiussnhn
eiussnnh
eiussnhn
eiusshnn
eiusshnn
eiuhsnns
eiuhsnsn
eiuhsnns
eiuhsnsn
eiuhssnn
eiuhssnn
eiuhnsns
eiuhnssn
eiuhnnss
eiuhnnss
eiuhnsns
eiuhnssn
eiuhnnss
eiuhnnss
eiuhnsns
eiuhnssn
eiuhnssn
eiuhnsns
eiuhsnns
eiuhsnsn
eiuhsnns
eiuhsnsn
eiuhssnn
eiuhssnn
eiunhsns
eiunhssn
eiunhnss
eiunhnss
eiunhsns
eiunhssn
eiunshns
eiunshsn
eiunsnhs
eiunsnsh
eiunssnh
eiunsshn
eiunnshs
eiunnssh
eiunnhss
eiunnhss
eiunnshs
eiunnssh
eiunssnh
eiunsshn
eiunsnsh
eiunsnhs
eiunshns
eiunshsn
eiunhnss
eiunhnss
eiunhsns
eiunhssn
eiunhssn
eiunhsns
eiunnhss
eiunnhss
eiunnshs
eiunnssh
eiunnssh
eiunnshs
eiunsnhs
eiunsnsh
eiunshns
eiunshsn
eiunsshn
eiunssnh
eiunsnsh
eiunsnhs
eiunssnh
eiunsshn
eiunshsn
eiunshns
eiushnns
eiushnsn
eiushnns
eiushnsn
eiushsnn
eiushsnn
eiusnhns
eiusnhsn
eiusnnhs
eiusnnsh
eiusnsnh
eiusnshn
eiusnnhs
eiusnnsh
eiusnhns
eiusnhsn
eiusnshn
eiusnsnh
eiussnnh
eiussnhn
eiussnnh
eiussnhn
eiusshnn
eiusshnn
einshuns
einshusn
einshnus
einshnsu
einshsnu
einshsun
einsuhns
einsuhsn
einsunhs
einsunsh
einsusnh
einsushn
einsnuhs
einsnush
einsnhus
einsnhsu
einsnshu
einsnsuh
einssunh
einssuhn
einssnuh
einssnhu
einsshnu
einsshun
einhsuns
einhsusn
einhsnus
einhsnsu
einhssnu
einhssun
einhusns
einhussn
einhunss
einhunss
einhusns
einhussn
einhnuss
einhnuss
einhnsus
einhnssu
einhnssu
einhnsus
einhsuns
einhsusn
einhsnus
einhsnsu
einhssnu
einhssun
einuhsns
einuhssn
einuhnss
einuhnss
einuhsns
einuhssn
einushns
einushsn
einusnhs
einusnsh
einussnh
einusshn
einunshs
einunssh
einunhss
einunhss
einunshs
einunssh
einussnh
einusshn
einusnsh
einusnhs
einushns
einushsn
einnhuss
einnhuss
einnhsus
einnhssu
einnhssu
einnhsus
einnuhss
einnuhss
einnushs
einnussh
einnussh
einnushs
einnsuhs
einnsush
einnshus
einnshsu
einnsshu
einnssuh
einnsush
einnsuhs
einnssuh
einnsshu
einnshsu
einnshus
einshuns
einshusn
einshnus
einshnsu
einshsnu
einshsun
einsuhns
einsuhsn
einsunhs
einsunsh
einsusnh
einsushn
einsnuhs
einsnush
einsnhus
einsnhsu
einsnshu
einsnsuh
einssunh
einssuhn
einssnuh
einssnhu
einsshnu
einsshun
eisshunn
eisshunn
eisshnun
eisshnnu
eisshnnu
eisshnun
eissuhnn
eissuhnn
eissunhn
eissunnh
eissunnh
eissunhn
eissnuhn
eissnunh
eissnhun
eissnhnu
eissnnhu
eissnnuh
eissnunh
eissnuhn
eissnnuh
eissnnhu
eissnhnu
eissnhun
eishsunn
eishsunn
eishsnun
eishsnnu
eishsnnu
eishsnun
eishusnn
eishusnn
eishunsn
eishunns
eishunns
eishunsn
eishnusn
eishnuns
eishnsun
eishnsnu
eishnnsu
eishnnus
eishnuns
eishnusn
eishnnus
eishnnsu
eishnsnu
eishnsun
eisuhsnn
eisuhsnn
eisuhnsn
eisuhnns
eisuhnns
eisuhnsn
eisushnn
eisushnn
eisusnhn
eisusnnh
eisusnnh
eisusnhn
eisunshn
eisunsnh
eisunhsn
eisunhns
eisunnhs
eisunnsh
eisunsnh
eisunshn
eisunnsh
eisunnhs
eisunhns
eisunhsn
eisnhusn
eisnhuns
eisnhsun
eisnhsnu
eisnhnsu
eisnhnus
eisnuhsn
eisnuhns
eisnushn
eisnusnh
eisnunsh
eisnunhs
eisnsuhn
eisnsunh
eisnshun
eisnshnu
eisnsnhu
eisnsnuh
eisnnush
eisnnuhs
eisnnsuh
eisnnshu
eisnnhsu
eisnnhus
eisnhuns
eisnhusn
eisnhnus
eisnhnsu
eisnhsnu
eisnhsun
eisnuhns
eisnuhsn
eisnunhs
eisnunsh
eisnusnh
eisnushn
eisnnuhs
eisnnush
eisnnhus
eisnnhsu
eisnnshu
eisnnsuh
eisnsunh
eisnsuhn
eisnsnuh
eisnsnhu
eisnshnu
eisnshun
ennshius
ennshisu
ennshuis
ennshusi
ennshsui
ennshsiu
ennsihus
ennsihsu
ennsiuhs
ennsiush
ennsisuh
ennsishu
ennsuihs
ennsuish
ennsuhis
ennsuhsi
ennsushi
ennsusih
ennssiuh
ennssihu
ennssuih
ennssuhi
ennsshui
ennsshiu
ennhsius
ennhsisu
ennhsuis
ennhsusi
ennhssui
ennhssiu
ennhisus
ennhissu
ennhiuss
ennhiuss
ennhisus
ennhissu
ennhuiss
ennhuiss
ennhusis
ennhussi
ennhussi
ennhusis
ennhsius
ennhsisu
ennhsuis
ennhsusi
ennhssui
ennhssiu
ennihsus
ennihssu
ennihuss
ennihuss
ennihsus
ennihssu
ennishus
ennishsu
ennisuhs
ennisush
ennissuh
ennisshu
enniushs
enniussh
enniuhss
enniuhss
enniushs
enniussh
ennissuh
ennisshu
ennisush
ennisuhs
ennishus
ennishsu
ennuhiss
ennuhiss
ennuhsis
ennuhssi
ennuhssi
ennuhsis
ennuihss
ennuihss
ennuishs
ennuissh
ennuissh
ennuishs
ennusihs
ennusish
ennushis
ennushsi
ennusshi
ennussih
ennusish
ennusihs
ennussih
ennusshi
ennushsi
ennushis
ennshius
ennshisu
ennshuis
ennshusi
ennshsui
ennshsiu
ennsihus
ennsihsu
ennsiuhs
ennsiush
ennsisuh
ennsishu
ennsuihs
ennsuish
ennsuhis
ennsuhsi
ennsushi
ennsusih
ennssiuh
ennssihu
ennssuih
ennssuhi
ennsshui
ennsshiu
ensnhius
ensnhisu
ensnhuis
ensnhusi
ensnhsui
ensnhsiu
ensnihus
ensnihsu
ensniuhs
ensniush
ensnisuh
ensnishu
ensnuihs
ensnuish
ensnuhis
ensnuhsi
ensnushi
ensnusih
ensnsiuh
ensnsihu
ensnsuih
ensnsuhi
ensnshui
ensnshiu
enshnius
enshnisu
enshnuis
enshnusi
enshnsui
enshnsiu
enshinus
enshinsu
enshiuns
enshiusn
enshisun
enshisnu
enshuins
enshuisn
enshunis
enshunsi
enshusni
enshusin
enshsiun
enshsinu
enshsuin
enshsuni
enshsnui
enshsniu
ensihnus
ensihnsu
ensihuns
ensihusn
ensihsun
ensihsnu
ensinhus
ensinhsu
ensinuhs
ensinush
ensinsuh
ensinshu
ensiunhs
ensiunsh
ensiuhns
ensiuhsn
ensiushn
ensiusnh
ensisnuh
ensisnhu
ensisunh
ensisuhn
ensishun
ensishnu
ensuhins
ensuhisn
ensuhnis
ensuhnsi
ensuhsni
ensuhsin
ensuihns
ensuihsn
ensuinhs
ensuinsh
ensuisnh
ensuishn
ensunihs
ensunish
ensunhis
ensunhsi
ensunshi
ensunsih
ensusinh
ensusihn
ensusnih
ensusnhi
ensushni
ensushin
ensshiun
ensshinu
ensshuin
ensshuni
ensshnui
ensshniu
enssihun
enssihnu
enssiuhn
enssiunh
enssinuh
enssinhu
enssuihn
enssuinh
enssuhin
enssuhni
enssunhi
enssunih
enssniuh
enssnihu
enssnuih
enssnuhi
enssnhui
enssnhiu
enhsnius
enhsnisu
enhsnuis
enhsnusi
enhsnsui
enhsnsiu
enhsinus
enhsinsu
enhsiuns
enhsiusn
enhsisun
enhsisnu
enhsuins
enhsuisn
enhsunis
enhsunsi
enhsusni
enhsusin
enhssiun
enhssinu
enhssuin
enhssuni
enhssnui
enhssniu
enhnsius
enhnsisu
enhnsuis
enhnsusi
enhnssui
enhnssiu
enhnisus
enhnissu
enhniuss
enhniuss
enhnisus
enhnissu
enhnuiss
enhnuiss
enhnusis
enhnussi
enhnussi
enhnusis
enhnsius
enhnsisu
enhnsuis
enhnsusi
enhnssui
enhnssiu
enhinsus
enhinssu
enhinuss
enhinuss
enhinsus
enhinssu
enhisnus
enhisnsu
enhisuns
enhisusn
enhissun
enhissnu
enhiusns
enhiussn
enhiunss
enhiunss
enhiusns
enhiussn
enhissun
enhissnu
enhisusn
enhisuns
enhisnus
enhisnsu
enhuniss
enhuniss
enhunsis
enhunssi
enhunssi
enhunsis
enhuinss
enhuinss
enhuisns
enhuissn
enhuissn
enhuisns
enhusins
enhusisn
enhusnis
enhusnsi
enhussni
enhussin
enhusisn
enhusins
enhussin
enhussni
enhusnsi
enhusnis
enhsnius
enhsnisu
enhsnuis
enhsnusi
enhsnsui
enhsnsiu
enhsinus
enhsinsu
enhsiuns
enhsiusn
enhsisun
enhsisnu
enhsuins
enhsuisn
enhsunis
enhsunsi
enhsusni
enhsusin
enhssiun
enhssinu
enhssuin
enhssuni
enhssnui
enhssniu
enishnus
enishnsu
enishuns
enishusn
enishsun
enishsnu
enisnhus
enisnhsu
enisnuhs
enisnush
enisnsuh
enisnshu
enisunhs
enisunsh
enisuhns
enisuhsn
enisushn
enisusnh
enissnuh
enissnhu
enissunh
enissuhn
enisshun
enisshnu
enihsnus
enihsnsu
enihsuns
enihsusn
enihssun
enihssnu
enihnsus
enihnssu
enihnuss
enihnuss
enihnsus
enihnssu
enihunss
enihunss
enihusns
enihussn
enihussn
enihusns
enihsnus
enihsnsu
enihsuns
enihsusn
enihssun
enihssnu
eninhsus
eninhssu
eninhuss
eninhuss
eninhsus
eninhssu
eninshus
eninshsu
eninsuhs
eninsush
eninssuh
eninsshu
eninushs
eninussh
eninuhss
eninuhss
eninushs
eninussh
eninssuh
eninsshu
eninsush
eninsuhs
eninshus
eninshsu
eniuhnss
eniuhnss
eniuhsns
eniuhssn
eniuhssn
eniuhsns
eniunhss
eniunhss
eniunshs
eniunssh
eniunssh
eniunshs
eniusnhs
eniusnsh
eniushns
eniushsn
eniusshn
eniussnh
eniusnsh
eniusnhs
eniussnh
eniusshn
eniushsn
eniushns
enishnus
enishnsu
enishuns
enishusn
enishsun
enishsnu
enisnhus
enisnhsu
enisnuhs
enisnush
enisnsuh
enisnshu
enisunhs
enisunsh
enisuhns
enisuhsn
enisushn
enisusnh
enissnuh
enissnhu
enissunh
enissuhn
enisshun
enisshnu
enushins
enushisn
enushnis
enushnsi
enushsni
enushsin
enusihns
enusihsn
enusinhs
enusinsh
enusisnh
enusishn
enusnihs
enusnish
enusnhis
enusnhsi
enusnshi
enusnsih
enussinh
enussihn
enussnih
enussnhi
enusshni
enusshin
enuhsins
enuhsisn
enuhsnis
enuhsnsi
enuhssni
enuhssin
enuhisns
enuhissn
enuhinss
enuhinss
enuhisns
enuhissn
enuhniss
enuhniss
enuhnsis
enuhnssi
enuhnssi
enuhnsis
enuhsins
enuhsisn
enuhsnis
enuhsnsi
enuhssni
enuhssin
enuihsns
enuihssn
enuihnss
enuihnss
enuihsns
enuihssn
enuishns
enuishsn
enuisnhs
enuisnsh
enuissnh
enuisshn
enuinshs
enuinssh
enuinhss
enuinhss
enuinshs
enuinssh
enuissnh
enuisshn
enuisnsh
enuisnhs
enuishns
enuishsn
enunhiss
enunhiss
enunhsis
enunhssi
enunhssi
enunhsis
enunihss
enunihss
enunishs
enunissh
enunissh
enunishs
enunsihs
enunsish
enunshis
enunshsi
enunsshi
enunssih
enunsish
enunsihs
enunssih
enunsshi
enunshsi
enunshis
enushins
enushisn
enushnis
enushnsi
enushsni
enushsin
enusihns
enusihsn
enusinhs
enusinsh
enusisnh
enusishn
enusnihs
enusnish
enusnhis
enusnhsi
enusnshi
enusnsih
enussinh
enussihn
enussnih
enussnhi
enusshni
enusshin
ensshiun
ensshinu
ensshuin
ensshuni
ensshnui
ensshniu
enssihun
enssihnu
enssiuhn
enssiunh
enssinuh
enssinhu
enssuihn
enssuinh
enssuhin
enssuhni
enssunhi
enssunih
enssniuh
enssnihu
enssnuih
enssnuhi
enssnhui
enssnhiu
enshsiun
enshsinu
enshsuin
enshsuni
enshsnui
enshsniu
enshisun
enshisnu
enshiusn
enshiuns
enshinus
enshinsu
enshuisn
enshuins
enshusin
enshusni
enshunsi
enshunis
enshnius
enshnisu
enshnuis
enshnusi
enshnsui
enshnsiu
ensihsun
ensihsnu
ensihusn
ensihuns
ensihnus
ensihnsu
ensishun
ensishnu
ensisuhn
ensisunh
ensisnuh
ensisnhu
ensiushn
ensiusnh
ensiuhsn
ensiuhns
ensiunhs
ensiunsh
ensinsuh
ensinshu
ensinush
ensinuhs
ensinhus
ensinhsu
ensuhisn
ensuhins
ensuhsin
ensuhsni
ensuhnsi
ensuhnis
ensuihsn
ensuihns
ensuishn
ensuisnh
ensuinsh
ensuinhs
ensusihn
ensusinh
ensushin
ensushni
ensusnhi
ensusnih
ensunish
ensunihs
ensunsih
ensunshi
ensunhsi
ensunhis
ensnhius
ensnhisu
ensnhuis
ensnhusi
ensnhsui
ensnhsiu
ensnihus
ensnihsu
ensniuhs
ensniush
ensnisuh
ensnishu
ensnuihs
ensnuish
ensnuhis
ensnuhsi
ensnushi
ensnusih
ensnsiuh
ensnsihu
ensnsuih
ensnsuhi
ensnshui
ensnshiu
esnshinu
esnshiun
esnshniu
esnshnui
esnshuni
esnshuin
esnsihnu
esnsihun
esnsinhu
esnsinuh
esnsiunh
esnsiuhn
esnsnihu
esnsniuh
esnsnhiu
esnsnhui
esnsnuhi
esnsnuih
esnsuinh
esnsuihn
esnsunih
esnsunhi
esnsuhni
esnsuhin
esnhsinu
esnhsiun
esnhsniu
esnhsnui
esnhsuni
esnhsuin
esnhisnu
esnhisun
esnhinsu
esnhinus
esnhiuns
esnhiusn
esnhnisu
esnhnius
esnhnsiu
esnhnsui
esnhnusi
esnhnuis
esnhuins
esnhuisn
esnhunis
esnhunsi
esnhusni
esnhusin
esnihsnu
esnihsun
esnihnsu
esnihnus
esnihuns
esnihusn
esnishnu
esnishun
esnisnhu
esnisnuh
esnisunh
esnisuhn
esninshu
esninsuh
esninhsu
esninhus
esninuhs
esninush
esniusnh
esniushn
esniunsh
esniunhs
esniuhns
esniuhsn
esnnhisu
esnnhius
esnnhsiu
esnnhsui
esnnhusi
esnnhuis
esnnihsu
esnnihus
esnnishu
esnnisuh
esnniush
esnniuhs
esnnsihu
esnnsiuh
esnnshiu
esnnshui
esnnsuhi
esnnsuih
esnnuish
esnnuihs
esnnusih
esnnushi
esnnuhsi
esnnuhis
esnuhins
esnuhisn
esnuhnis
esnuhnsi
esnuhsni
esnuhsin
esnuihns
esnuihsn
esnuinhs
esnuinsh
esnuisnh
esnuishn
esnunihs
esnunish
esnunhis
esnunhsi
esnunshi
esnunsih
esnusinh
esnusihn
esnusnih
esnusnhi
esnushni
esnushin
essnhinu
essnhiun
essnhniu
essnhnui
essnhuni
essnhuin
essnihnu
essnihun
essninhu
essninuh
essniunh
essniuhn
essnnihu
essnniuh
essnnhiu
essnnhui
essnnuhi
essnnuih
essnuinh
essnuihn
essnunih
essnunhi
essnuhni
essnuhin
esshninu
esshniun
esshnniu
esshnnui
esshnuni
esshnuin
esshinnu
esshinun
esshinnu
esshinun
esshiunn
esshiunn
esshninu
esshniun
esshnniu
esshnnui
esshnuni
esshnuin
esshuinn
esshuinn
esshunin
esshunni
esshunni
esshunin
essihnnu
essihnun
essihnnu
essihnun
essihunn
essihunn
essinhnu
essinhun
essinnhu
essinnuh
essinunh
essinuhn
essinnhu
essinnuh
essinhnu
essinhun
essinuhn
essinunh
essiunnh
essiunhn
essiunnh
essiunhn
essiuhnn
essiuhnn
essnhinu
essnhiun
essnhniu
essnhnui
essnhuni
essnhuin
essnihnu
essnihun
essninhu
essninuh
essniunh
essniuhn
essnnihu
essnniuh
essnnhiu
essnnhui
essnnuhi
essnnuih
essnuinh
essnuihn
essnunih
essnunhi
essnuhni
essnuhin
essuhinn
essuhinn
essuhnin
essuhnni
essuhnni
essuhnin
essuihnn
essuihnn
essuinhn
essuinnh
essuinnh
essuinhn
essunihn
essuninh
essunhin
essunhni
essunnhi
essunnih
essuninh
essunihn
essunnih
essunnhi
essunhni
essunhin
eshsninu
eshsniun
eshsnniu
eshsnnui
eshsnuni
eshsnuin
eshsinnu
eshsinun
eshsinnu
eshsinun
eshsiunn
eshsiunn
eshsninu
eshsniun
eshsnniu
eshsnnui
eshsnuni
eshsnuin
eshsuinn
eshsuinn
eshsunin
eshsunni
eshsunni
eshsunin
eshnsinu
eshnsiun
eshnsniu
eshnsnui
eshnsuni
eshnsuin
eshnisnu
eshnisun
eshninsu
eshninus
eshniuns
eshniusn
eshnnisu
eshnnius
eshnnsiu
eshnnsui
eshnnusi
eshnnuis
eshnuins
eshnuisn
eshnunis
eshnunsi
eshnusni
eshnusin
eshinsnu
eshinsun
eshinnsu
eshinnus
eshinuns
eshinusn
eshisnnu
eshisnun
eshisnnu
eshisnun
eshisunn
eshisunn
eshinsnu
eshinsun
eshinnsu
eshinnus
eshinuns
eshinusn
eshiusnn
eshiusnn
eshiunsn
eshiunns
eshiunns
eshiunsn
eshnnisu
eshnnius
eshnnsiu
eshnnsui
eshnnusi
eshnnuis
eshninsu
eshninus
eshnisnu
eshnisun
eshniusn
eshniuns
eshnsinu
eshnsiun
eshnsniu
eshnsnui
eshnsuni
eshnsuin
eshnuisn
eshnuins
eshnusin
eshnusni
eshnunsi
eshnunis
eshunins
eshunisn
eshunnis
eshunnsi
eshunsni
eshunsin
eshuinns
eshuinsn
eshuinns
eshuinsn
eshuisnn
eshuisnn
eshunins
eshunisn
eshunnis
eshunnsi
eshunsni
eshunsin
eshusinn
eshusinn
eshusnin
eshusnni
eshusnni
eshusnin
esishnnu
esishnun
esishnnu
esishnun
esishunn
esishunn
esisnhnu
esisnhun
esisnnhu
esisnnuh
esisnunh
esisnuhn
esisnnhu
esisnnuh
esisnhnu
esisnhun
esisnuhn
esisnunh
esisunnh
esisunhn
esisunnh
esisunhn
esisuhnn
esisuhnn
esihsnnu
esihsnun
esihsnnu
esihsnun
esihsunn
esihsunn
esihnsnu
esihnsun
esihnnsu
esihnnus
esihnuns
esihnusn
esihnnsu
esihnnus
esihnsnu
esihnsun
esihnusn
esihnuns
esihunns
esihunsn
esihunns
esihunsn
esihusnn
esihusnn
esinhsnu
esinhsun
esinhnsu
esinhnus
esinhuns
esinhusn
esinshnu
esinshun
esinsnhu
esinsnuh
esinsunh
esinsuhn
esinnshu
esinnsuh
esinnhsu
esinnhus
esinnuhs
esinnush
esinusnh
esinushn
esinunsh
esinunhs
esinuhns
esinuhsn
esinhnsu
esinhnus
esinhsnu
esinhsun
esinhusn
esinhuns
esinnhsu
esinnhus
esinnshu
esinnsuh
esinnush
esinnuhs
esinsnhu
esinsnuh
esinshnu
esinshun
esinsuhn
esinsunh
esinunsh
esinunhs
esinusnh
esinushn
esinuhsn
esinuhns
esiuhnns
esiuhnsn
esiuhnns
esiuhnsn
esiuhsnn
esiuhsnn
esiunhns
esiunhsn
esiunnhs
esiunnsh
esiunsnh
esiunshn
esiunnhs
esiunnsh
esiunhns
esiunhsn
esiunshn
esiunsnh
esiusnnh
esiusnhn
esiusnnh
esiusnhn
esiushnn
esiushnn
esnshinu
esnshiun
esnshniu
esnshnui
esnshuni
esnshuin
esnsihnu
esnsihun
esnsinhu
esnsinuh
esnsiunh
esnsiuhn
esnsnihu
esnsniuh
esnsnhiu
esnsnhui
esnsnuhi
esnsnuih
esnsuinh
esnsuihn
esnsunih
esnsunhi
esnsuhni
esnsuhin
esnhsinu
esnhsiun
esnhsniu
esnhsnui
esnhsuni
esnhsuin
esnhisnu
esnhisun
esnhinsu
esnhinus
esnhiuns
esnhiusn
esnhnisu
esnhnius
esnhnsiu
esnhnsui
esnhnusi
esnhnuis
esnhuins
esnhuisn
esnhunis
esnhunsi
esnhusni
esnhusin
esnihsnu
esnihsun
esnihnsu
esnihnus
esnihuns
esnihusn
esnishnu
esnishun
esnisnhu
esnisnuh
esnisunh
esnisuhn
esninshu
esninsuh
esninhsu
esninhus
esninuhs
esninush
esniusnh
esniushn
esniunsh
esniunhs
esniuhns
esniuhsn
esnnhisu
esnnhius
esnnhsiu
esnnhsui
esnnhusi
esnnhuis
esnnihsu
esnnihus
esnnishu
esnnisuh
esnniush
esnniuhs
esnnsihu
esnnsiuh
esnnshiu
esnnshui
esnnsuhi
esnnsuih
esnnuish
esnnuihs
esnnusih
esnnushi
esnnuhsi
esnnuhis
esnuhins
esnuhisn
esnuhnis
esnuhnsi
esnuhsni
esnuhsin
esnuihns
esnuihsn
esnuinhs
esnuinsh
esnuisnh
esnuishn
esnunihs
esnunish
esnunhis
esnunhsi
esnunshi
esnunsih
esnusinh
esnusihn
esnusnih
esnusnhi
esnushni
esnushin
esushinn
esushinn
esushnin
esushnni
esushnni
esushnin
esusihnn
esusihnn
esusinhn
esusinnh
esusinnh
esusinhn
esusnihn
esusninh
esusnhin
esusnhni
esusnnhi
esusnnih
esusninh
esusnihn
esusnnih
esusnnhi
esusnhni
esusnhin
esuhsinn
esuhsinn
esuhsnin
esuhsnni
esuhsnni
esuhsnin
esuhisnn
esuhisnn
esuhinsn
esuhinns
esuhinns
esuhinsn
esuhnisn
esuhnins
esuhnsin
esuhnsni
esuhnnsi
esuhnnis
esuhnins
esuhnisn
esuhnnis
esuhnnsi
esuhnsni
esuhnsin
esuihsnn
esuihsnn
esuihnsn
esuihnns
esuihnns
esuihnsn
esuishnn
esuishnn
esuisnhn
esuisnnh
esuisnnh
esuisnhn
esuinshn
esuinsnh
esuinhsn
esuinhns
esuinnhs
esuinnsh
esuinsnh
esuinshn
esuinnsh
esuinnhs
esuinhns
esuinhsn
esunhisn
esunhins
esunhsin
esunhsni
esunhnsi
esunhnis
esunihsn
esunihns
esunishn
esunisnh
esuninsh
esuninhs
esunsihn
esunsinh
esunshin
esunshni
esunsnhi
esunsnih
esunnish
esunnihs
esunnsih
esunnshi
esunnhsi
esunnhis
esunhins
esunhisn
esunhnis
esunhnsi
esunhsni
esunhsin
esunihns
esunihsn
esuninhs
esuninsh
esunisnh
esunishn
esunnihs
esunnish
esunnhis
esunnhsi
esunnshi
esunnsih
esunsinh
esunsihn
esunsnih
esunsnhi
esunshni
esunshin

162662
162662
162662
162662
162662
162662
162662
162662
162662
162662
162662
